Date,Price,Vol.,weekday,mom,mom1,mom2,mom3,ROC_5,ROC_10,ROC_15,ROC_20,EMA_10,EMA_20,EMA_50,EMA_200,DGS10,WTI-oil,FTSE-F,HSI-F,Gold-F,NZD,FCHI,DGS5,Brent,DBAA,NYSE,CTB6M,CTB1Y,XAU,S&P-F,AUD,AAPL,RUSSELL-F,CNY,DTB3,MSFT,IXIC,DTB4WK,silver-F,CAD,DAX-F,DTB6,DAAA,DJI-F,XAG,HSI,AMZN,EUR,JPM,Dollar Index-F,Name,WFC,CTB3M,copper-F,RUT,Dollar Index,XOM,GAS-F,JPY,wheat-F,GBP,GSPC,SSEC,Nikkei-F,CHF,oil,KOSPI-F,JNJ,GDAXI,CAC-F,NASDAQ-F,GE,FTSE,TE1,TE2,TE3,TE5,TE6,DE1,DE2,DE4,DE5,DE6
2010-10-19,1165.900024,0.2584397928,1.0,-0.0158772507,0.007243745,0.0020274848,-0.0036413862,-0.330833919,0.4436807237,1.5857866844,2.2916698254,1168.30357144,1156.4466322,1132.26929483,1121.50253782,2.5,0.00019959034687240033,-0.72,1.55,3.389527617727495e-05,-1.84,-0.0071274164,1.11,-3.88,5.75,-0.0194753991,-0.0263157895,-0.0263157895,-2.51,-1.23,-2.09,-0.0267610008,-1.74,6.0293629978e-05,0.14,-0.0278853602,-0.0176202956,0.14,-2.59,0.0156027253,-0.44,0.18,4.7,-0.92,-4.14,0.0125418566,-0.0298972858,-1.53,-0.0133508373,-6.508221520833669e-05,S&P,-0.0128669878,8.656384852212392e-05,-2.47,-0.0225028951,-1.6934515463806974e-05,-0.0175014487,2.39,0.0042365823,-2.58,-0.0120133686,-5.112383765468407e-05,0.0157774598,0.42,1.27,-7.614733789051326e-05,-1.21,-0.008925775,-0.0039805762,-0.73,-1.29,-0.0110769231,-0.0067218281,2.36,2.36,2.32,7.661190249557006e-05,0.04,1.05,3.25,5.57,5.61,5.61
2010-10-20,1178.170044,-0.1021835246,2.0,0.0105240756,-0.0158772507,0.007243745,0.0020274848,0.0059475428,1.5690124275,2.9212185043,3.8694161828,1170.09747554,1158.51552856,1134.06932421,1122.0663936,2.51,-1.4161821761287658e-05,0.39,-1.05,0.00015339060846698377,1.4,0.0055106498,1.11,3.08,5.74,0.0134920367,-0.0540540541,-5.365422266091608e-05,0.82,0.94,1.83,0.0033603574,0.91,0.0008892774,0.14,0.008366494,0.00838751,0.14,1.03,-0.0103581801,0.61,0.17,4.69,1.1,2.44,-0.0087204519,-7.09556174849078e-05,1.69,0.0108781908,-0.0002736641166788134,S&P,0.0427698999,-0.0555555556,0.88,0.0114672055,-6.43973351954613e-05,0.0136670602,0.74,-0.0059723823,2.52,0.0090479411,-0.00018562146507385027,0.0006988687,-1.57,-1.01,-5.304309148870164e-05,0.79,0.0048980407,0.0052166818,0.58,0.79,-0.0012446173,0.0043829661,2.37,2.37,2.34,4.0111707288425476e-05,0.03,1.05,3.23,5.57,5.6,5.6
2010-10-21,1180.26001,-0.0800357208,3.0,0.0017739086,0.0105240756,-0.0158772507,0.007243745,0.5494884756,1.9169947903,3.4227182507,4.9278607584,1171.94520908,1160.58643155,1135.88072365,1122.64543456,2.57,4.118534831650281e-05,0.6,0.5,0.00014330834735910944,-0.98,0.0130925171,1.15,-2.12,5.77,-0.0010819169,0.0571428571,0.036036036,-1.55,0.09,-0.89,-0.0032524427,-0.53,-0.0002560048,0.13,0.0043461479,0.0009278255,0.13,-3.69,0.0035214712,1.16,0.18,4.71,0.18,-3.26,0.0039471258,0.0397050676,-0.34,-0.0104986095,-0.0001382067288314474,S&P,0.0167969141,0.0588235294,-0.32,-0.0056828561,3.66354718831255e-05,0.0046962277,-4.83,0.003022676,-3.09,-0.0084057532,7.667135851257074e-05,-0.0067973634,-0.11,0.64,-9.553404591431641e-05,0.41,0.0061321386,0.013251483,1.31,-0.18,0.0031153273,0.0050620539,2.44,2.44,2.39,-7.68728770376824e-05,0.05,1.06,3.2,5.59,5.64,5.64
2010-10-26,1185.640015,-0.0041929416,1.0,1.68856801373e-05,0.0021469715,0.0023892583,0.0017739086,1.6931118101,1.356676503,2.1443045445,3.3057476361,1177.82468289,1166.8831996,1141.41475978,1124.48205502,2.67,2.2410594615363028e-05,-0.79,-0.56,-0.00014943168893363255,-0.52,-0.0044806429,1.27,0.14,5.8,-0.0020645764,0.0810810811,0.0583333333,-0.04,-0.0001258924619996634,-0.56,-0.0025579783,-0.23,0.000496375,0.14,0.0281857472,0.002585439,0.14,2.42,0.0041200706,-0.25,0.18,4.78,0.08,0.85,-0.0011287465,0.005621284,-0.75,0.0035069059,-6.820880088455232e-05,S&P,0.0073872864,-2.1156210362183245e-05,0.18,-0.001356174,0.00012503495942815777,0.0049849247,1.12,0.0063346863,3.65,0.0089390688,-6.6405038148221e-05,-0.0032362004,-0.74,1.17,3.1562772445908175e-05,-0.08,-0.0021881838,-0.0038272861,-0.57,0.36,0.0062267127,-0.0077712439,2.53,2.53,2.49,-7.101745307901353e-05,0.04,1.02,3.13,5.62,5.66,5.66
2010-10-27,1182.449951,0.0313986793,2.0,-0.002690584,1.68856801373e-05,0.0021469715,0.0023892583,0.3632673417,0.36923649,1.937979479,3.2950976788,1178.66564073,1168.36574735,1143.02398296,1125.05885,2.75,1.4660384363296023e-05,-1.04,-2.12,-7.253649110109643e-05,0.03,-0.0095751748,1.34,-0.51,5.84,-0.0066300644,0.0001596019368592793,0.0551181102,-1.09,-0.34,-1.37,-0.0007140887,-0.26,0.0026911223,0.14,0.0057914672,0.0023905798,0.14,-2.97,0.0043376319,-0.8,0.18,4.8,-0.47,-1.22,-0.0185015767,-0.0143571759,-0.66,0.0091397847,0.00011565596207234277,S&P,-0.0061752219,-4.2960121617905615e-05,-2.36,-0.0038193499,3.163409442300971e-05,-0.0129265145,-1.85,0.0042047655,0.61,-0.0047949164,4.613382186903178e-05,-0.0146290463,0.53,0.47,-6.289087913021809e-05,-0.74,-0.0042293233,-0.0069248853,-0.94,0.37,-0.0030939975,-0.0107405966,2.61,2.61,2.57,4.815811629637007e-05,0.04,1.04,3.09,5.66,5.7,5.7
2010-10-28,1183.780029,-0.0120419681,3.0,0.0011248493,-0.002690584,1.68856801373e-05,0.0021469715,0.2982409783,0.8493682537,2.2209530326,3.7311671774,1179.59552951,1169.83377418,1144.62225928,1125.64314034,2.69,0.00010086682966157338,0.55,0.23,-7.284899495576904e-05,0.86,0.0049976985,1.23,0.43,5.85,0.0032055069,-0.075,-0.0820895522,1.44,0.04,0.7,-0.0084138027,-0.84,0.0010645635,0.13,0.0088292518,0.0016419018,0.14,2.02,4.9266274264820204e-05,0.48,0.18,4.81,-0.21,1.95,0.0019978474,-0.0039997554,1.18,-0.0007992275,-3.460314516452342e-05,S&P,0.0073786796,3.49156306372787e-05,0.32,-0.0045439006,0.00019712630410177842,0.0083752553,18.17,-1.8293682870223793e-05,2.06,3.808660267363059e-05,3.302079805935738e-05,-0.0014911319,-0.43,-0.53,-0.00018400085019742188,0.06,-0.0001572912,0.0041534386,0.62,0.09,-0.0018622594,0.0056500004,2.55,2.56,2.51,-0.01,0.04,1.04,3.16,5.67,5.72,5.71
2010-11-02,1193.569946,-0.0636881899,1.0,0.0077592841,0.0009465333,-0.0004392868,0.0011248493,0.6688312557,2.3732671267,2.0345816351,2.8274775792,1183.29408757,1174.39450606,1149.43845786,1127.45960993,2.63,9.147336916398044e-06,1.2,0.11,7.57601806419755e-06,0.55,0.0064069666,1.15,0.93,5.71,0.0097120971,-7.051987579222555e-05,-0.0170940171,0.43,0.82,1.26,0.0170294138,1.99,0.003332983,0.13,0.0163264558,0.0114498056,0.13,1.16,-0.0053039976,0.78,0.16,4.66,0.56,1.18,0.0007813181,0.0124861544,1.07,-0.0122928654,-0.00023046792015020247,S&P,0.0015425762,-9.049066432270566e-05,1.43,0.0205136524,-1.0002030019625784e-05,0.0132934883,0.99,0.0019028431,-1.56,0.0007384089,-0.00012843155983004393,-0.0028116748,0.11,-1.25,-4.7008391894650345e-05,0.03,0.0029832313,0.007486941,0.61,1.0,-0.0006269592,0.0110279568,2.5,2.5,2.47,4.1209368637476045e-05,0.03,1.05,3.08,5.55,5.58,5.58
2010-11-03,1197.959961,0.2067352956,2.0,0.0036780542,0.0077592841,0.0009465333,-0.0004392868,1.3116842693,1.6797165317,1.6857639763,3.2750839203,1185.96061001,1176.63883511,1151.34126191,1128.16110596,2.67,-8.206845702897025e-05,-0.18,1.63,5.990328764243678e-05,2.0,-0.0058928298,1.11,1.14,5.83,0.0034647235,-5.7205515238140387e-05,-0.0347826087,-0.65,0.38,0.6,0.0111197407,0.43,-0.0021397896,0.13,-0.0131434105,0.0026642773,0.13,-1.61,-0.0038510911,-0.7,0.16,4.78,0.22,-0.36,0.0199924636,0.023449365,0.75,0.0205628252,-3.020763865347358e-05,S&P,0.0188679253,-4.408990588579913e-05,-1.38,0.0031561671,3.201947156002889e-05,0.0019163474,-0.88,0.001353058,-0.11,-0.001715456,4.497777559043739e-05,-0.0047435093,1.39,-0.73,-3.355631224394629e-05,0.93,0.0048528647,-0.0054867077,-0.58,0.65,0.0075281681,-0.0014589749,2.54,2.54,2.51,-0.00020014934894456335,0.03,1.05,3.16,5.67,5.7,5.7
2010-11-04,1221.060059,0.2207682811,3.0,0.0192828632,0.0036780542,0.0077592841,0.0009465333,3.1492362674,3.4568695588,4.0253531342,5.4401323585,1192.34232801,1180.86942786,1154.07533238,1129.08547365,2.53,-0.00013044557734346324,1.94,2.02,6.697253512308539e-05,1.04,0.0192144788,1.04,1.88,5.77,0.0228720608,-0.0294117647,-0.0630630631,3.27,1.77,0.86,0.0174872216,2.22,-0.0005098521,0.13,0.0040694782,0.0145929636,0.13,6.58,-0.0003965107,1.82,0.17,4.75,1.88,6.08,0.0161924325,0.002730409,0.39,0.0551431056,-6.576048532373154e-05,S&P,0.0377928964,0.0625,3.33,0.0256173709,-0.00011048075479936217,0.0207443869,0.52,0.0047355086,3.67,0.004654972,4.3012482547483336e-05,0.0184596334,0.67,-1.47,6.075998280600053e-05,0.3,0.0088798876,0.0176629906,1.93,0.94,0.0280199893,0.019794713,2.4,2.4,2.36,-1.9681481642849115e-05,0.04,1.02,3.24,5.6,5.64,5.64
2010-11-05,1225.849976,-0.0101852876,4.0,0.003922753,0.0192828632,0.0036780542,0.0077592841,3.5993750858,3.6151419676,4.22211016,5.2096254345,1198.43462764,1185.15328958,1156.89002429,1130.04830452,2.58,-6.251717212080678e-05,0.09,1.01,0.00012498306506629546,0.11,-1.27780982414e-05,1.1,0.13,5.85,0.0023424534,0.1515151515,0.0576923077,0.08,0.29,0.19,-0.0035818612,0.55,-0.0019354258,0.13,-0.0106852988,0.000636273,0.13,2.71,-0.0059202697,0.27,0.16,4.78,-0.1,1.4,0.0139058766,0.010892151,-1.17,0.0286432168,9.524210769456006e-05,S&P,0.0640932288,-0.0588235294,0.97,0.0042674514,7.561027449107308e-06,0.0089363365,2.1,-0.0033806538,1.18,0.0104979527,-5.511815425482211e-05,0.0137865068,3.1,0.42,0.0002209314740112364,0.22,-0.0016985793,0.0028969788,-0.04,0.01,0.0133252574,0.0021491604,2.45,2.45,2.42,-5.2426271537106144e-05,0.03,1.07,3.27,5.69,5.72,5.72
2010-11-08,1223.25,-0.3015950446,-9.397683596470181e-05,-0.0021209577,0.003922753,0.0192828632,0.0036780542,3.2818854452,3.1738672727,3.2531201956,4.9711715824,1202.94651353,1188.78154772,1159.49237627,1130.97568458,2.6,-7.689825452883993e-05,-0.2,0.43,0.00018287238401689274,-1.17,-0.0007736119,1.13,0.4,5.85,-0.0023664614,0.0789473684,0.0272727273,1.12,-0.16,-0.3,0.0046983633,-0.14,-0.0009771057,0.13,-0.0014897952,0.0004149195,0.12,1.8,-0.0026236246,0.07,0.16,4.79,-0.12,3.63,0.0035192933,0.0071441177,-0.81,-0.0105032001,-0.00012187423146001898,S&P,-0.006160096,-0.00017189582056665833,0.23,0.0002443598,2.2164623496847586e-05,0.0045714286,3.84,0.0045062642,1.1,-0.0040845316,4.557728415425571e-06,0.0095909638,0.73,0.53,4.7940261783137084e-05,0.16,-0.0049497292,-0.0005478361,-0.05,-0.03,-0.001195517,-0.0043230933,2.48,2.47,2.44,0.01,0.04,1.06,3.25,5.69,5.72,5.73
2010-11-09,1213.400024,0.2313326882,1.0,-0.0080523,-0.0021209577,0.003922753,0.0192828632,1.6614089578,2.3413522358,4.0741057571,3.7297933144,1204.84715179,1191.12616451,1161.60640168,1131.79582726,2.72,-0.0001477487129580771,0.43,-0.78,0.00016984698043200164,-1.27,0.0081789637,1.27,-0.15,5.97,-0.0102657518,0.1219512195,0.1238938053,-1.31,-0.74,-0.99,-0.0079718975,-1.18,0.0038219627,0.13,0.0052220069,-0.0066161775,0.11,5.37,0.0045009002,0.53,0.16,4.93,-0.43,-3.03,-0.0101652692,-0.010000587,-1.02,-0.0150579124,-1.8349647758280733e-05,S&P,-0.0313361559,-2.8546062507425696e-05,2.2,-0.0146450584,-4.4264881106395624e-05,0.004408376,2.98,-0.0006162559,-2.27,-0.0057540118,0.00019042827228428323,-0.0077581485,-0.31,0.13,6.289197531064678e-05,0.34,-0.0003109591,0.0055270067,0.76,-0.35,-0.005385877,0.0043077256,2.61,2.59,2.56,0.02,0.05,1.04,3.25,5.81,5.84,5.86
2010-11-10,1218.709961,-0.0591455516,2.0,0.0043760812,-0.0080523,-0.0021209577,0.003922753,1.7321113122,3.0665154131,3.4409224039,3.447074597,1207.36766256,1193.75319275,1163.84575694,1132.66064451,2.65,0.00019478958383802912,-0.94,-1.18,-8.258376493472864e-05,0.7,-0.0145119663,1.23,0.71,5.96,0.005861865,-0.0434782609,-0.031496063,0.92,0.25,0.27,0.0061693591,0.81,-0.0056511572,0.13,-0.0003710575,0.0061647181,0.12,-7.06,0.0025888679,-0.96,0.16,4.92,-0.1,1.49,-0.0084979821,0.0179714449,0.04,0.0180450367,0.000173188666969469,S&P,0.0159971922,-6.971360170204016e-05,-1.83,0.0122455374,5.100030686014935e-05,0.0070791451,-3.9,0.0060797142,-1.53,-0.0072156805,8.494216826985409e-05,-0.0062660424,1.24,0.23,-9.575096921842032e-05,1.25,-0.0055978388,-0.0100135706,-1.32,-0.08,-0.0042119131,-0.009923116,2.53,2.52,2.49,0.01,0.04,1.04,3.31,5.8,5.83,5.84
2010-11-11,1213.540039,-0.1381579813,3.0,-0.0042421266,0.0043760812,-0.0080523,-0.0021209577,-0.6158599607,2.5139814215,2.8197201225,3.3847026353,1208.48991282,1195.63765429,1165.79455232,1133.4654146,-0.00017497176581052342,-9.431051910855694e-05,-0.03,1.07,-1.7014119231717147e-05,-0.52,-0.0054262889,-5.855026942910411e-05,-0.17,5.97,-0.0031261507,-1.0,-1.0,0.4,-0.25,-0.84,-0.0043392384,-0.18,-0.0013567498,-9.348389039693067e-06,-0.0096511132,-0.0090197724,-3.4534979560609965e-05,2.01,-0.0066540868,0.02,1.239080938852155e-05,4.92,-0.53,1.65,0.0081504669,-0.0170772917,-0.91,-0.0147710245,4.0543715465299596e-05,S&P,-0.0136458712,-1.0,1.31,-0.0044769524,-0.00013131594823810258,0.0098412067,-2.94,0.0076119044,-0.7,0.007641875,8.343720361268447e-05,0.0103962242,0.51,0.59,-6.834803260423372e-07,-0.43,-0.0004691634,0.0005313091,-0.52,-0.09,-0.0120845325,-0.0002922015,-5.569196649445215e-05,-0.00024343083124108984,-0.00014661198406179068,-0.00010901692448951424,0.00019366998081524344,1.05,5.97,5.97,5.97,5.97
2010-11-12,1199.209961,0.0718624718,4.0,-0.0118084921,-0.0042421266,0.0043760812,-0.0080523,-2.1731872188,1.3479667077,1.3633909457,1.9571685829,1206.80264885,1195.97787398,1167.1049605,1134.11958919,2.76,-5.910426991152782e-05,-0.33,-1.95,-2.7046521961938544e-05,-0.53,-0.0093681669,1.35,-2.78,6.0,-0.0129479334,0.00022245815349668582,-8.418867598178584e-07,-2.87,-1.28,-1.08,-0.0272225171,-1.67,-0.0014340705,0.13,-0.0153673163,-0.0145997913,0.11,-5.34,0.0039992002,0.1,0.17,4.95,-0.8,-6.03,-0.0193406836,-0.0275283333,0.26,-0.0102448526,-0.0001548831238605993,S&P,-0.0230578211,-8.325147042416878e-05,-3.21,-0.01682659,0.0002063638354803724,-0.0116943335,-3.26,0.002505985,-5.04,-0.0010308722,5.604551133274809e-06,-0.0515635459,-1.22,0.46,-2.1146289691575277e-05,-2.29,-0.003911139,0.0016657777,-0.6,-1.78,-0.006116208,-0.0031469756,2.65,2.63,2.59,0.02,0.06,1.05,3.24,5.83,5.87,5.89
2010-11-15,1197.75,-0.1685605252,-2.3408695621783567e-05,-0.0012174357,-0.0118084921,-0.0042421266,0.0043760812,-2.0846106683,1.1288602428,1.0230938286,1.1006946366,1205.1567127,1196.14664789,1168.30672676,1134.75272761,2.92,-8.618477174390073e-05,0.32,-1.1,0.00029793335058274606,-0.14,0.0086449581,1.51,0.42,6.12,-0.0007517103,0.0392156863,0.1185185185,-0.69,0.02,-0.18,-0.0032139144,0.14,0.0019954649,0.14,-0.0026645984,-0.0017432593,0.12,0.35,0.0061740689,0.75,0.19,5.07,0.19,-2.0,-0.0080668694,-0.0409222555,-0.78,0.0118657154,0.00011147278761992478,S&P,0.0039941538,0.1176470588,0.87,0.0009314749,-0.0002540102421725285,-0.0071840402,1.21,0.0007280305,0.19,0.0014516645,4.568833852069875e-05,0.009706467,0.82,0.45,-9.855392592241248e-05,0.08,0.0073818284,0.0082499299,0.86,-0.27,-0.0030768615,0.0040538909,2.8,2.78,2.73,0.02,0.07,1.05,3.2,5.93,5.98,6.0
2010-11-16,1178.339966,0.4604166845,1.0,-0.0162054135,-0.0012174357,-0.0118084921,-0.0042421266,-2.889406404,-1.2760023031,-0.6157053497,1.0669818804,1200.28094057,1194.45077342,1168.70018712,1135.18643147,2.85,5.770367775889432e-05,-2.19,-1.42,5.601856516964882e-05,-0.5,-0.0263363609,1.49,-2.27,6.0,-0.0190193236,-0.0377358491,-0.0132450331,-1.37,-1.76,-0.81,-0.017750143,-2.04,0.0007392656,0.15,-0.014885572,-0.0174952776,0.13,-3.29,-0.0006927949,-1.66,0.19,4.95,-1.69,-0.12,-0.0139075897,-0.0070484269,-0.68,-0.0117265713,-2.30503605718098e-05,S&P,-0.0166364919,3.59001504899305e-05,-5.07,-0.020279433,-3.562877309618467e-06,-0.0218501835,-0.7,0.0083909542,-6.53,-0.0053264207,0.0001869978146502985,-0.0397672769,-0.41,1.14,-0.00014677660605677827,-0.68,-0.0155908952,-0.0186931534,-2.68,-1.75,-0.0209877148,-0.0237956158,2.72,2.7,2.66,0.02,0.06,1.05,3.15,5.81,5.85,5.87
2010-11-17,1178.589966,-0.2368080557,2.0,0.0002121629,-0.0162054135,-0.0012174357,-0.0118084921,-3.2920051763,-1.6169150582,-0.3264396093,0.035641884,1196.33712701,1192.94022033,1169.08802159,1135.61830744,2.89,-7.351652647395272e-05,0.15,-1.61,5.618434442857449e-06,0.39,0.0079416254,1.49,-1.71,6.02,0.0021585283,-0.0196078431,-0.00014847242520947687,-0.27,0.23,0.17,-0.003614218,0.23,-0.0005427327,0.14,-0.009298683,0.0024981059,0.13,1.1,0.0119837576,0.43,0.19,4.97,0.1,0.55,-0.0201982948,0.0036126696,0.19,-0.0108558695,8.659869422902877e-05,S&P,-0.0121368146,3.5759103253350735e-05,0.11,0.003445137,-0.00018912166978609648,0.0010153757,5.55,0.0026213173,1.0,-0.0097225477,-0.00020771103549416933,-0.0192366279,0.51,-0.58,-3.431002037775421e-05,-0.1,-0.001266994,0.0055272793,0.8,0.3,-0.0031525851,0.0018832074,2.76,2.75,2.7,0.01,0.06,1.05,3.13,5.83,5.88,5.89
2010-11-18,1196.689941,0.2003902909,3.0,0.015357313,0.0002121629,-0.0162054135,-0.0012174357,-1.388507792,-1.9958164892,1.0905668016,1.392060297,1196.40127501,1193.29733659,1170.1704498,1136.22598539,2.9,1.6387693561061082e-05,1.28,1.47,0.00012007491307278764,1.05,0.0199401087,1.51,2.13,6.02,0.0175169426,0.04,0.0134228188,1.24,1.72,1.1,0.0263893719,2.12,0.0005731956,0.15,0.0105592491,0.0155047402,0.13,5.19,0.0012722646,1.84,0.19,4.98,1.65,5.11,0.0182183721,0.036753974,0.93,0.0122511485,-0.00012099004814099318,S&P,0.0241995151,-7.174146509956626e-05,2.74,0.0184664603,1.3227466944472714e-05,0.0188377911,-0.57,-0.0033581076,2.09,0.0021331719,6.878099706377227e-05,0.0093681966,1.53,0.47,6.33581328487881e-05,1.64,0.0122106088,0.0197072631,1.93,1.78,0.0145478178,0.0133682493,2.77,2.75,2.71,0.02,0.06,1.04,3.12,5.83,5.87,5.89
2010-11-19,1199.72998,-0.2158766529,4.0,0.0025403732,0.015357313,0.0002121629,-0.0162054135,0.0433634657,-2.1307661224,1.3919146984,1.4073456249,1197.0064941,1193.90996929,1171.32964706,1136.85786593,2.88,5.296678176869513e-05,-0.63,0.34,0.00014726250578729367,-0.06,-0.0020191623,1.54,-0.83,5.99,0.0027743181,-5.372256264152753e-05,0.0198675497,-0.03,0.04,-0.29,-0.0055117369,0.28,-0.0014924698,0.14,-0.0058049149,0.0014795638,0.12,1.29,-0.0046916235,0.21,0.19,4.93,0.03,1.52,-0.0013402362,0.0039593653,0.31,-0.0063035804,-0.00014168477121204672,S&P,-0.0007270084,-0.00010500475971414081,0.08,0.0048831334,-5.767662492224865e-06,0.0032712702,3.92,0.0052948617,5.63,0.0082186894,-8.484038278527065e-06,0.0080664463,0.7,-0.32,-0.00015825984754055708,0.8,7.329894368534135e-07,0.0016744377,-0.83,-0.04,0.0112218197,-0.0062233066,2.76,2.74,2.69,0.02,0.07,1.06,3.11,5.8,5.85,5.87
2010-11-22,1197.839966,0.0038390484,5.6014712712643835e-05,-0.0015753662,0.0025403732,0.015357313,0.0002121629,0.0075112503,-2.0772559984,1.1364562846,1.030681926,1197.15803445,1194.28425469,1172.36926741,1137.464653,2.8,2.7089694724383315e-05,-0.7,-0.27,-1.8539436989580765e-06,-1.03,-0.0106912718,1.44,-0.45,5.94,-0.0040282621,-0.0576923077,-0.0649350649,0.95,-0.02,0.24,0.0216150353,-0.21,0.0006945074,0.15,0.0015569871,0.0055199523,0.12,-0.95,-0.0022586664,-0.22,0.2,4.89,-0.13,1.76,-0.0034606629,0.0337943924,-0.45,-0.0228368942,6.06494410460002e-05,S&P,-0.0196434704,0.0526315789,-2.19,0.0041002154,-9.9248702774528e-06,-0.0049617096,2.57,-0.0006583672,0.31,-0.0029610239,-2.123277727112534e-05,-0.0014522168,0.7,-0.42,2.400155328255637e-05,0.24,-0.0032900359,-0.0031416444,-0.23,0.98,-0.0117138108,-0.0090706115,2.68,2.65,2.6,0.03,0.08,1.05,3.14,5.74,5.79,5.82
2010-11-23,1180.72998,0.1202249627,1.0,-0.0142840333,-0.0015753662,0.0025403732,0.015357313,0.2028289007,-2.6924380545,-1.0757615038,-0.4141252773,1194.17111546,1192.99337139,1172.69713849,1137.89515376,2.77,6.887111633053537e-05,-1.6,-2.74,0.00011356204899359864,-1.37,-0.0247375477,1.4,-0.85,5.9,-0.0183343349,-0.0816326531,-0.0277777778,0.79,-1.65,-1.63,-0.0147753036,-1.06,0.0006487628,0.15,-0.0237076953,-0.0146405118,0.15,-0.21,0.0032086614,-1.59,0.2,4.85,-1.35,-1.04,-0.0266909703,-0.0128528788,-1.86,-0.0228511308,-0.00013788643513652372,S&P,-0.0055659367,-0.00014493052951675698,-1.28,-0.0101742315,2.01346229549424e-05,-0.0172389082,-0.16,-0.0023357489,-0.84,-0.0036040202,6.014900372356673e-05,-0.0194458723,-1.85,0.88,9.992641734507028e-05,-1.0,-0.0117887459,-0.0171575712,-2.55,-1.65,-0.0168434799,-0.0175151393,2.62,2.62,2.57,0.00011203640298498652,0.05,1.05,3.13,5.7,5.75,5.75
2010-11-24,1198.349976,-0.1811776718,2.0,0.0149229682,-0.0142840333,-0.0015753662,0.0025403732,1.6765805386,-1.6706177558,0.0325565973,1.3446679064,1194.93090828,1193.50352421,1173.70313212,1138.49669428,2.93,0.000165971412362785,1.08,0.02,6.290989172767535e-06,0.2,0.0062265226,1.56,3.11,6.03,0.0145218961,0.1777777778,0.1142857143,-0.17,1.55,0.99,0.0196611731,2.22,0.0003015545,0.16,0.0099522289,0.0193070671,0.16,0.45,0.0021976728,1.55,0.2,4.98,1.28,0.22,0.0055781781,0.0538050129,-0.31,0.0140844801,-5.419737842348201e-05,S&P,0.0115672392,0.00015851817385769732,1.49,0.0230578475,9.531426101773164e-05,0.0130471725,0.07,-0.0002521791,1.01,-0.0088821052,-6.140749740436123e-05,0.0111919721,1.08,-0.22,5.737161781034714e-05,0.32,0.0066804836,0.0177180917,0.74,1.84,0.0114213198,0.0135811183,2.77,2.77,2.73,2.6765770830962918e-05,0.04,1.05,3.1,5.83,5.87,5.87
2010-11-26,1189.400024,-0.523138066,4.0,-0.0074685628,0.0149229682,-0.0142840333,-0.0015753662,-0.6091734166,-1.9892227882,-2.5928319223,0.4747499419,1193.92529296,1193.11271467,1174.31869651,1139.00319507,2.87,9.583475953949323e-05,-0.51,-0.68,4.5798196317952574e-05,-1.41,-0.005059279,1.53,-0.6,5.94,-0.0103862025,-0.0377358491,-0.0192307692,-0.74,-1.11,-1.61,0.0006353367,-0.67,0.0007838054,0.16,-0.0047300353,-0.0033659668,0.16,-2.96,-0.0125305923,-0.41,0.21,4.88,-1.42,-3.23,-0.006367715,-0.0002821044,-0.9,-0.0172955975,-8.0899517440323e-05,S&P,-0.0169679448,0.05,-0.32,-0.0051593945,-0.00012648149307960523,-0.0093015745,3.09,0.004335347,0.16,-0.0028680743,-3.8339041912398695e-05,0.0041126665,-0.2,0.31,-2.295588194147705e-05,-1.15,-0.0156423129,0.0036900518,-0.85,-0.56,-0.008782936,0.0020505377,2.71,2.71,2.66,-5.723913644756964e-05,0.05,1.06,3.07,5.73,5.78,5.78
2010-11-29,1187.76001,1.2762451822,0.00016960334376303176,-0.0013788582,-0.0074685628,0.0149229682,-0.0142840333,-0.9977220041,-0.9547911852,-3.107229004,0.3803052551,1192.80433242,1192.60293327,1174.84580684,1139.48833751,2.84,-0.00021408392622201792,-1.83,1.55,-0.00011355247877592852,-0.75,-0.0245906544,1.51,2.06,5.88,-0.0022931942,0.0196078431,-0.0130718954,0.29,0.27,-0.16,0.0059365111,-0.37,0.0027863544,0.18,0.002376198,-0.0036850924,0.16,1.81,0.0100128879,-1.99,0.21,4.84,0.08,1.65,0.0126313566,0.0129232959,-0.92,0.0109333333,4.57521840176522e-05,S&P,0.0206379362,-2.6268938114665753e-05,0.19,-0.0010644685,-8.686312158921002e-06,0.0031777263,-4.3,0.0063015786,0.69,-0.010757819,-1.3637493721950003e-05,-0.0018602377,0.6,-0.21,0.00010886035625296427,-0.42,-0.0062600162,-0.0220485044,-2.39,-0.02,0.0107594937,-0.0207631716,2.68,2.66,2.63,0.02,0.05,1.04,3.04,5.67,5.7,5.72
2010-11-30,1180.550049,0.1663967115,1.0,-0.006070217,-0.0013788582,-0.0074685628,0.0149229682,-1.4434246219,-1.4360217909,-3.4906969957,-0.3233722271,1190.57628089,1191.45503953,1175.06950261,1139.89691175,2.81,-5.030177731691276e-05,-0.44,-0.96,-4.701272260852164e-05,-0.35,-0.0072918097,1.47,-1.63,5.84,-0.0070022081,-0.1346153846,-0.0264900662,1.2,-0.59,-0.57,-0.0180515479,-0.56,-0.0011264644,0.17,-0.0019754643,-0.0106881742,0.18,3.82,0.0004907735,-0.28,0.21,4.79,-0.39,3.54,-0.0068302237,-0.0227868454,-1.07,-0.013452862,-9.43910018713105e-05,S&P,0.0003675735,0.0001488493178324352,1.73,-0.0067490975,-8.012133802048184e-05,0.0015838878,-0.71,0.0011526077,-0.25,-0.0021776556,-1.4113489890933223e-05,-0.0161093213,-1.68,0.17,1.5094819973047345e-05,0.62,-0.0058149087,-0.0014153513,-0.73,-1.33,-0.0087664371,-0.0040893884,2.63,2.64,2.6,-0.01,0.03,1.05,3.03,5.63,5.67,5.66
2010-12-01,1206.069946,0.0614768829,2.0,0.0216169548,-0.006070217,-0.0013788582,-0.0074685628,2.1461270933,2.3533089601,-0.6040941038,1.0472783805,1193.39331091,1192.84693538,1176.28520627,1140.55534991,2.97,0.00010507887183005745,1.81,1.07,-0.0001117559991983782,0.84,0.0162999798,1.64,3.43,5.98,0.0232527837,0.1777777778,0.1156462585,0.16,2.12,1.19,0.0168728905,2.12,0.0009924066,0.16,0.0308788994,0.0204944911,0.17,0.72,0.0060826057,2.41,0.2,4.92,2.16,1.32,0.0105098509,0.006556494,1.26,0.0200534749,-3.409937759865842e-05,S&P,0.0117604561,-0.0476190476,3.22,0.0221867715,2.0041445744820676e-05,0.0254457167,2.13,-0.0068364352,7.11,0.0007630393,1.9757428186808473e-05,0.0011588147,0.5,0.01,8.708164777309148e-05,1.12,0.0141348337,0.0266337608,1.55,1.96,0.029690398,0.0206573809,2.8,2.81,2.77,-0.01,0.03,1.06,3.01,5.78,5.82,5.81
2010-12-02,1221.530029,0.0929375059,3.0,0.0128185625,0.0216169548,-0.006070217,-0.0013788582,1.9343308269,3.6433419797,0.2313977969,1.9675171765,1198.50907783,1195.57865859,1178.05951305,1141.36106811,3.01,8.18784274196847e-05,2.23,0.52,-2.3644156667045862e-05,0.96,0.0211893852,1.68,2.05,6.0,0.0142719455,0.0377358491,0.0243902439,-0.18,1.52,0.68,0.0055309733,1.29,-0.0005858407,0.16,0.032642011,0.0117360221,0.16,0.54,-0.007411019,1.38,0.19,4.95,1.16,0.21,0.0085582891,-0.000113305,0.64,0.0304062632,-2.700636957850085e-06,S&P,0.0454050111,-0.05,0.79,0.010845866,5.9946311742673734e-05,0.002102916,1.73,0.0053180047,1.29,0.0027158134,1.390124131922407e-05,0.0071394805,1.6,-0.99,3.1813879995047076e-05,1.24,0.0028836912,0.0132495826,2.17,1.32,0.0233129462,0.0221710409,2.85,2.85,2.82,6.702505287426069e-05,0.03,1.05,2.99,5.81,5.84,5.84
2010-12-03,1224.709961,-0.2484549771,4.0,0.0026032369,0.0128185625,0.0216169548,-0.006070217,2.9687183696,2.3414603098,0.920441159,0.2989125697,1203.27287477,1198.35306834,1179.88894238,1142.19041032,3.03,7.993339024281961e-05,-0.3,-0.46,3.206420391729253e-05,1.46,0.0009367421,1.64,0.8,6.05,0.0050996892,-0.1090909091,-0.0238095238,2.2,0.06,1.73,-0.0022316611,0.43,-0.0002855769,0.14,0.0048345483,0.004694928,0.14,2.45,-0.0143432557,-0.07,0.19,5.0,0.01,2.91,-0.0054697843,-0.0048150796,1.42,0.0076316457,4.158165274079212e-05,S&P,0.0093814451,-1.3228249744541756e-05,0.45,0.0069488431,0.000235693833490221,-0.0040570927,0.14,-0.0044458709,4.31,-0.001246608,-0.00017145137460542912,-0.0004139116,0.3,-1.95,1.2701307640040988e-05,0.64,-0.0006389297,-0.0014214146,0.0001138068840485493,0.01,0.0059952638,-0.003866477,2.89,2.89,2.84,-7.670467757145691e-05,0.05,1.05,3.02,5.86,5.91,5.91
2010-12-06,1223.119995,-0.0557875464,-7.28168071295368e-05,-0.0012982388,0.0026032369,0.0128185625,0.0216169548,2.9770311092,1.9496066107,1.9938154933,-0.2227010689,1206.88144209,1200.71182326,1181.58427778,1142.99567982,2.95,1.2499668321949574e-05,0.41,-0.46,-2.1968660257229885e-05,-0.65,-0.0003519668,1.53,0.03,5.97,-0.0014048925,-0.1428571429,-0.0670731707,0.6,-0.12,-0.26,0.0085370274,0.3,0.0003006931,0.15,-0.0066617321,0.0013351397,0.14,0.58,-0.0006677963,-0.02,0.19,4.93,-0.1,2.79,-0.003551811,0.0134904946,-0.81,0.0073214086,-1.6745934717332777e-05,S&P,-0.0106712224,-7.150406106422861e-08,0.23,0.0058697577,0.00010917828009659303,0.0016855738,3.2,-0.0115703111,1.75,0.0113527763,-0.00023931641876078015,0.0051881912,-0.1,0.86,-1.1381990113316374e-05,-0.02,-0.0057544756,0.00095854,0.08,0.15,-0.0047675802,0.004351383,2.81,2.8,2.76,0.01,0.05,1.04,3.02,5.78,5.82,5.83
2010-12-07,1223.75,0.976155039,1.0,0.0005150803,-0.0012982388,0.0026032369,0.0128185625,3.6593070354,2.1630630748,2.1707367982,0.040874719,1209.94845262,1202.90593533,1183.23783551,1143.7992054,3.15,2.5277926937652498e-05,0.59,1.26,-6.0217582577310215e-05,-0.6,0.0163420277,1.74,-0.07,6.14,-0.0001356215,0.2857142857,0.137254902,-1.52,0.1,-0.62,-0.0060596408,0.61,-0.0022996107,0.14,0.001117772,0.0013757912,0.08,0.14,0.0029622094,0.68,0.19,5.09,0.02,-4.91,0.0081962081,-0.0071889861,-0.32,-0.0162907761,-1.2623434266698269e-05,S&P,-0.0093946068,0.00011291881993137832,1.0,0.0046789134,-4.586569111832159e-06,0.0021035059,-2.12,-0.0013288355,-1.37,-0.0037544632,5.2780350245717614e-05,0.0065393506,-0.29,0.6,4.539210309850759e-05,0.27,0.0017684887,0.0068345811,1.64,-0.02,0.0197604779,0.0066201404,3.07,3.01,2.96,0.06,0.11,1.05,2.99,5.95,6.0,6.06
2010-12-08,1228.280029,-0.3389994879,2.0,0.0037017602,0.0005150803,-0.0012982388,0.0026032369,1.8415252841,4.0271738505,4.2381710237,1.2263066347,1213.2814665,1205.32251568,1185.00419604,1144.63981061,3.26,-4.692913323923069e-05,-0.22,-1.62,1.655169149568242e-05,-1.27,0.0056370503,1.87,-0.68,6.16,0.0013798687,0.1666666667,0.0747126437,-1.41,0.45,-0.53,0.0087991765,0.24,-0.0003464899,0.15,0.0133978037,0.0041062009,0.08,-5.12,0.0051710422,-0.34,0.18,5.07,0.11,-1.22,-0.0143259649,-0.002715455,-0.04,0.0257324331,0.00010232437483388808,S&P,0.0316122948,-0.0526315789,1.26,-0.0004971155,-0.00011199463228681762,0.0054575847,4.85,0.0097858718,0.13,0.0028353715,0.00011943339826503185,-0.0094980895,0.89,-0.16,0.00026474717298092377,-0.83,0.0022468303,-0.0037189907,0.51,0.48,0.000587199,-0.0024102608,3.18,3.11,3.08,0.07,0.1,1.09,2.9,5.98,6.01,6.08
2010-12-09,1233.0,-0.0184651846,3.0,0.0038427483,0.0037017602,0.0005150803,-0.0012982388,0.9389839568,2.8914778399,4.6165363332,1.1725545419,1216.86665441,1207.95846657,1186.88638443,1145.51901647,3.23,-3.749216825515783e-05,0.05,0.29,0.00011518019945160434,0.27,0.0068032895,1.9,0.24,6.09,0.0041056774,0.0158730159,0.0160427807,0.4,0.35,0.59,-0.0038939287,0.12,0.00235092,0.14,-0.0055086302,0.0028783249,0.09,2.0,-0.0001978631,-0.16,0.18,5.01,-0.05,1.38,0.0034332005,-0.0081682855,-0.11,0.0136612774,5.6859844599467295e-05,S&P,0.0238338092,-2.3107206455134324e-06,-0.32,0.0046987423,-5.597470347144945e-05,0.0020877106,-3.71,0.0074390209,0.61,0.0027486409,4.082014403460724e-05,-0.0131986369,0.29,-0.31,-9.856236569489991e-05,1.78,-0.0062449959,-0.001678638,0.67,0.03,0.0052815725,0.0023297955,3.14,3.09,3.05,0.05,0.09,1.08,2.86,5.91,5.95,6.0
2010-12-10,1240.400024,0.0054836805,4.0,0.0060016415,0.0038427483,0.0037017602,0.0005150803,1.2811247969,4.2878761536,3.6525821353,2.2133579558,1221.14544888,1211.0481387,1188.98495853,1146.4631061,3.32,0.00015707960957558957,0.15,0.15,-0.00019460895464103628,-0.09,-0.0001814261,1.98,-0.56,6.11,0.0052889909,-4.527006020112202e-05,0.0421052632,-0.11,0.65,0.11,0.0025018608,1.21,-0.0009471833,0.13,0.0096011817,0.007975831,0.09,-0.74,-0.0002968534,0.55,0.18,5.03,0.4,-0.1,-0.000383683,0.0044037116,-0.08,0.0151923299,-5.8016588629328997e-05,S&P,0.0066511473,-9.33275500297876e-05,0.56,0.0119849562,8.062242960088028e-05,0.0025,-0.41,-0.0033768847,-1.65,-0.0013566262,-6.840275537351219e-06,0.0107049485,-0.58,-0.2,-0.0001097343723692236,0.28,-0.0024170319,0.0060322803,0.04,0.69,0.0344425006,0.0008608815,3.23,3.19,3.14,0.04,0.09,1.08,2.79,5.93,5.98,6.02
2010-12-13,1240.459961,-0.040918697,0.00011552236907819776,4.83207020641e-05,0.0060016415,0.0038427483,0.0037017602,1.417683144,4.4369191214,3.3949289989,3.4397646235,1224.65717836,1213.84926464,1191.00358608,1147.39839819,3.29,0.00011311880384624274,0.79,0.61,1.0504294759455684e-05,0.44,0.0090968779,1.91,0.78,6.09,0.0034154661,-0.046875,-0.0353535354,0.56,0.02,0.97,0.0034627247,-0.1,0.0003461249,0.15,-0.00329188,-0.004788601,0.09,3.75,-9.89805008413e-05,0.35,0.19,4.99,0.18,2.86,0.0066787471,-0.0078009056,1.19,0.0019309196,4.138657741283117e-05,S&P,-0.0016518335,0.0555555556,2.29,-0.0060889009,-1.967985595400149e-05,0.0024937794,0.07,0.0018731268,0.66,0.0015169466,0.0001197371490081755,0.0288324212,0.69,-1.36,-6.45575970440848e-05,0.5,-0.0008076078,0.0033142523,0.89,-0.21,-0.0056432283,0.008222915,3.2,3.14,3.1,0.06,0.1,1.1,2.8,5.9,5.94,6.0
2010-12-14,1241.589966,-0.0524827801,1.0,0.0009109564,4.83207020641e-05,0.0060016415,0.0038427483,1.4578113177,5.1704641452,3.6524077708,3.6601933626,1227.73586702,1216.49123619,1192.98736568,1148.33562772,3.49,-2.1052257533865602e-05,0.48,0.2,-3.3168598255630695e-05,-0.15,0.0026795984,2.08,0.02,6.24,0.0006624435,0.0819672131,0.0890052356,0.18,0.04,0.4,-0.0042901358,-0.17,0.0013689769,0.15,0.0135780183,0.0010705354,0.09,0.54,-0.0026727381,-0.01,0.2,5.15,0.48,-0.3,0.0048710001,-0.0017790416,-0.05,-0.0173451466,-4.404873913394727e-05,S&P,-0.0132362347,0.0526315789,0.07,-0.0005698783,-9.073748200256052e-06,-0.002487576,-3.73,-0.0063472545,-2.45,0.0039812546,-3.9781589166475424e-05,0.0014104915,0.29,-0.7,2.919663042718972e-05,0.36,0.0147106205,-0.0002831305,0.28,0.16,0.003972758,0.0051870719,3.4,3.34,3.29,0.06,0.11,1.09,2.75,6.04,6.09,6.15
2010-12-15,1235.22998,0.0665456701,2.0,-0.0051224528,0.0009109564,4.83207020641e-05,0.0060016415,0.5658278923,2.4177730402,4.6157886158,4.8279796698,1229.09843302,1218.27587846,1194.64393879,1149.20024814,3.53,3.478456361803305e-05,0.22,-1.88,0.000112767692506879,-1.36,-0.0058111532,2.11,1.09,6.27,-0.0071850856,0.0303030303,0.0144230769,-1.18,-0.38,-1.36,0.0002185301,-0.4,-0.0017126375,0.14,0.0083272626,-0.0039958596,0.08,-1.79,-0.001369727,-0.04,0.2,5.17,-0.05,-2.04,-0.0194544048,0.0093710761,-1.28,-0.01421922,3.690548424045837e-05,S&P,-0.0010060027,6.493189495287216e-05,-1.78,-0.0042764794,9.970343516255708e-05,-0.0045719313,-0.78,0.0041946188,0.33,-0.006179572,6.903922634879898e-05,-0.0053510179,-0.1,0.65,7.914036937285131e-05,0.25,-0.0031862355,-0.00156954,-0.52,-0.59,-0.0113058784,-0.0015277023,3.45,3.39,3.33,0.06,0.12,1.1,2.74,6.07,6.13,6.19
2010-12-16,1242.869995,0.0747571097,3.0,0.0061850952,-0.0051224528,0.0009109564,4.83207020641e-05,0.8004862125,1.7469866064,3.7151099338,5.4539772826,1231.60235338,1220.61817528,1196.53515668,1150.13228542,3.47,-6.037833200266428e-05,-0.23,-1.79,-4.852409267627359e-05,-0.01,0.0021056098,2.06,-0.53,6.24,0.0053162738,-0.0294117647,-0.0236966825,-0.73,0.53,0.33,0.0027781497,0.95,5.36495707618327e-05,0.13,0.00502693,0.0076761175,0.08,-1.6,-0.0022064962,-1.0026777845696906e-05,0.19,5.14,0.1,0.14,-0.0133434449,0.0140683824,0.2,-0.0049739121,-7.748250192896615e-05,S&P,0.0077206778,-0.05,-0.39,0.0106720979,-4.6564244884220205e-05,0.0051496592,-4.12,0.0057166248,-1.83,-0.0128844856,-7.733033188193462e-05,-0.0045600261,-0.00024688620630761415,-0.29,-0.00012918762181532184,-0.28,-0.002716925,0.0011444358,0.14,0.82,0.0160091481,-0.0001870213,3.39,3.34,3.28,0.05,0.11,1.1,2.77,6.05,6.11,6.16
2010-12-17,1243.910034,-0.0220295472,4.0,0.0008368043,0.0061850952,-0.0051224528,0.0009109564,0.2829740352,1.5677240826,4.5829837649,3.9458920295,1233.84011349,1222.83644753,1198.39299501,1151.06539735,3.33,0.00015895652868775845,-0.16,0.75,4.472064540316565e-05,-0.54,-0.0054033084,1.97,-0.04,6.06,-0.0006288296,-0.0757575758,-0.0436893204,0.42,-0.09,-5.810520556888516e-05,-0.0019921837,0.04,0.00165538,0.11,-0.0032154341,0.0021460928,0.05,1.24,0.0016933958,-0.19,0.18,4.97,0.02,1.0,0.0020323243,-0.0025836386,-0.43,-0.008497876,3.06642325236086e-05,S&P,-0.0019987009,-0.0526315789,1.02,0.0037988204,7.984924520238833e-05,-0.0006923705,0.44,-0.0025987493,1.02,0.0046276511,6.873151591703747e-05,-0.0015175085,-0.1,0.45,6.687221145937833e-05,0.83,0.0022435736,-0.0059719987,-0.48,0.12,-0.0039391671,-0.0015813866,3.28,3.22,3.15,0.06,0.13,1.09,2.73,5.88,5.95,6.01
2010-12-22,1258.839966,-0.6305425514,2.0,0.0033795553,0.0060301025,0.0025483531,0.0008368043,1.9113838218,2.4880268569,4.3753697847,6.6153978745,1243.08524615,1230.89240392,1204.64370115,1154.09417625,3.36,-3.428723939067453e-05,0.74,0.37,-0.0001242232189816795,0.03,-0.0019809163,2.02,0.48,6.09,0.0032455531,0.0317460317,0.0150753769,-0.05,0.3,0.3,0.0029611166,0.03,-0.0024456848,0.14,0.0042750623,0.0014506891,0.07,-0.03,-0.0002947534,0.08,0.2,5.0,0.21,-0.31,0.0022323385,5.4100135318e-05,0.03,0.0282926829,0.0002117559415511619,S&P,0.0158987346,0.0526315789,-0.05,8.85581620057e-05,-7.298936356605538e-06,0.0011001375,2.29,0.000226773,2.48,-0.0027217859,-3.848329457243123e-05,-0.0090268767,-0.19,-0.68,8.323094961840985e-05,4.7623201852832e-05,-0.0051331408,-0.0014227643,-0.13,0.03,0.0089384916,0.0053261528,3.29,3.22,3.16,0.07,0.13,1.09,2.73,5.89,5.95,6.02
2010-12-23,1256.77002,0.9563157772,3.0,-0.0016443282,0.0033795553,0.0060301025,0.0025483531,1.1183812511,1.9278199513,2.8849058282,4.8750402779,1245.57338685,1233.35693879,1206.68787052,1155.11582644,3.41,0.00014562658178310508,0.2,-0.83,-0.00018390151600426234,0.75,-0.0021404372,2.09,0.64,6.11,-0.0008068705,0.0307692308,0.0346534653,-0.34,-0.12,0.45,-0.0047975706,-0.18,-0.0018801233,0.14,0.0039020219,-0.002200983,0.06,-0.19,-0.0049140049,-0.29,0.19,5.03,0.23,0.27,-0.0061712988,-0.0117449613,0.15,-0.0018974858,-3.895103324177211e-05,S&P,-0.0102203453,-0.05,-0.4,-0.0020617576,-9.460270370276734e-06,0.0054944229,-1.66,-0.0027449934,-1.7928435843556617e-05,-0.0040049166,1.775735913094042e-05,-0.0078807227,-0.75,0.64,0.00014538531921874507,0.04,0.0037084811,-0.0014473821,-0.23,-0.25,-0.001107309,0.0021058073,3.35,3.27,3.22,0.08,0.13,1.08,2.7,5.92,5.97,6.05
2010-12-30,1257.880005,-0.1100353146,3.0,-0.0015082189,0.0010091449,0.0007713241,0.0006126968,-0.0762575884,1.8336686582,2.4098719593,4.2957756448,1252.6905732,1241.63604581,1214.34044726,1159.16687983,3.38,-5.7940558653722875e-06,-0.49,0.06,-6.002071453984387e-05,0.61,-0.010252758,2.06,-1.12,6.07,-0.0012020157,0.03125,0.0147783251,-0.46,-0.1,-0.04,-0.0050109102,-0.06,-0.0005441354,0.12,-0.0042902754,-0.0014810858,0.05,-0.62,-0.0022852239,-1.11,0.2,4.98,-0.09,-0.43,0.0013077918,-0.0033811148,0.45,-0.0030689565,-4.228790369534692e-05,S&P,-0.0064474533,9.535438882549281e-05,1.09,-0.0006580366,-6.333921628271724e-05,-0.0001363227,1.19,-0.0089611804,-1.8,0.0095182338,-5.49271155090562e-05,0.0029248671,-1.45,-1.07,-6.652042964704568e-05,0.55,-0.0030581361,-0.0116189865,-1.04,-0.18,-0.0043787083,-0.0042358586,3.33,3.26,3.18,0.07,0.15,1.09,2.69,5.87,5.95,6.02
2011-01-05,1276.560059,-0.0065673982,2.0,0.0050071707,-0.0013130619,0.0113148276,-0.0001907893,1.3319809501,1.7503653292,2.8165573142,4.3154287232,1262.46244752,1250.9093737,1222.47366698,1163.47887644,3.5,0.00012023499072140448,0.57,0.33,5.755267710512048e-05,-1.22,-0.0029161988,2.14,2.11,6.17,0.0022263104,0.126984127,0.0646766169,-0.23,0.51,-0.6,0.0081801258,1.15,0.0025835866,0.14,-0.0032039872,0.0078135015,0.13,-1.08,0.0046453511,-0.52,0.19,5.09,0.39,-1.84,0.0037746337,0.0130263395,-1.14,0.0122282835,-3.934357949268361e-05,S&P,0.0227487836,5.782290685060124e-05,0.87,0.0117837316,-0.00025510905566891306,-0.0026702937,-4.2,0.0045059876,2.78,0.0069878648,-0.00010674484868691104,-0.0047068556,-4.780020327194814e-05,1.98,-9.340439603030335e-05,-0.17,-0.0006313655,-0.0050936904,-0.27,1.08,0.001611929,0.0049884435,3.37,3.36,3.31,0.01,0.06,1.08,2.67,5.98,6.03,6.04
2011-01-06,1273.849976,0.0166172779,3.0,-0.0021229577,0.0050071707,-0.0013130619,0.0113148276,1.2695941534,1.1923684031,3.1265429617,3.7100617061,1264.53290724,1253.09419297,1224.4884242,1164.57709634,3.44,1.1855495057635284e-05,-0.27,0.16,-4.8125056941987215e-05,-0.34,-4.8707808152e-05,2.09,-1.03,6.11,-0.004868152,-0.0422535211,-0.023364486,-0.44,-0.12,-0.56,-0.0008084371,-0.15,-0.002955889,0.15,0.0292857143,0.0028458079,0.13,-0.22,-0.0005015045,0.62,0.18,5.06,-0.15,-0.61,0.0011987829,-0.0083235355,-1.15,-0.0049217225,0.0002597265605220607,S&P,-0.006796324,-0.0526315789,-1.84,-0.0046158848,-0.00024860833045045263,0.0064257432,-0.87,0.0140300955,-2.69,-0.005507134,2.4393454650256996e-05,-0.0052915663,1.25,-0.01,3.008537623849445e-05,-0.2,-0.0015795609,0.0059901142,-0.00015593094358345083,0.29,-0.0042918457,-0.0040371122,3.31,3.29,3.26,0.02,0.05,1.05,2.67,5.93,5.96,5.98
2011-01-07,1271.5,0.0245680312,4.0,-0.0018447824,-0.0021229577,0.0050071707,-0.0013130619,1.1020629779,1.1720505554,2.3035398002,3.1224655312,1265.79965138,1254.84712697,1226.33201541,1165.64100583,3.34,3.6520114331241864e-05,-0.56,-0.35,9.94430544467289e-05,0.54,-0.0099476605,1.96,-1.26,6.07,-0.0025722204,-0.1176470588,-0.0622009569,-0.13,-0.22,0.24,0.007161508,-0.81,0.0059293044,0.14,-0.0076335878,-0.0024797948,0.13,-1.54,0.0010035123,-0.4,0.18,5.02,-0.23,-1.17,-0.0041902237,-0.0019907242,-0.63,-0.0188849146,-1.8758475941339615e-05,S&P,-0.0202177903,0.00012283619602929254,-1.13,-0.0045361073,-0.00015812378301167238,0.0054535249,-0.27,0.001334311,-2.03,-0.003939518,-2.708941674798725e-05,0.0051710288,0.38,0.14,2.640512517474819e-05,0.5,-0.0096503877,-0.0048056751,-1.05,-0.14,-0.0070042568,-0.0058476942,3.21,3.2,3.16,0.01,0.05,1.05,2.73,5.89,5.93,5.94
2011-01-10,1269.75,-0.186709543,-0.00011678134687807393,-0.0013763272,-0.0018447824,-0.0021229577,0.0050071707,-0.1666833095,0.9709401388,2.0773179164,2.3661702219,1266.51789658,1256.26644821,1228.03468147,1166.67691622,3.32,-4.269592003699565e-05,-0.35,-0.76,-6.657808276323729e-05,0.45,-0.0164399774,1.93,2.54,6.07,-0.001783134,-0.0166666667,-0.0153061224,0.4,-0.16,-0.06,0.0188325657,0.89,0.0001511373,0.15,-0.0132867483,0.0017128509,0.14,0.04,-0.0057142857,-1.17,0.18,4.99,-0.28,1.01,-0.0067283141,-0.0043668768,0.19,-0.0054994731,5.094356989683254e-05,S&P,-0.0095237778,-6.063317224109644e-06,-0.4,0.00475991,0.00010419841559689642,-0.0060854481,-0.52,-0.0032413444,-0.71,0.005765345,1.1452940164120222e-06,-0.0165534472,-0.88,-0.12,5.64466689545976e-05,-0.68,-0.0070287223,-0.0130659006,-1.58,0.42,0.0043407488,-0.00467891,3.18,3.17,3.14,0.01,0.04,1.08,2.75,5.89,5.92,5.93
2011-01-11,1274.47998,0.003542717,1.0,0.003725127,-0.0013763272,-0.0018447824,-0.0021229577,0.3369571064,1.2689585202,2.1971345035,2.7425326145,1267.96554811,1258.00107029,1229.85606573,1167.74958352,3.37,0.00010805752286764308,0.95,1.06,2.8517306098527935e-05,-0.52,0.0157520831,1.98,2.0,6.05,0.0066017749,0.0169491525,0.0259067358,0.54,0.4,-0.88,-0.0023653234,0.58,0.001284473,0.15,-0.003897874,0.0033348212,0.15,2.21,0.0008066142,1.06,0.19,4.99,0.25,1.76,0.0099068094,-0.0018410061,0.26,0.0046082026,5.415021816691521e-05,S&P,0.0064102242,0.0555555556,1.97,0.004017273,1.619044293142732e-05,0.0074538137,1.86,-0.0038540287,-1.04,0.0032110641,-9.407668088750802e-05,0.0043835508,0.5,0.78,5.94290018942813e-06,0.34,0.0017696268,0.0123244895,1.58,0.13,0.0064829281,0.009687255,3.22,3.22,3.18,-0.00011215440582329066,0.04,1.06,2.68,5.86,5.9,5.9
2011-01-12,1285.959961,0.043495649,2.0,0.0090075805,0.003725127,-0.0013763272,-0.0018447824,0.7363462403,2.0781351821,2.4996003188,3.5736431684,1271.23725955,1260.66382179,1232.05621848,1168.92580618,3.4,2.9213806882993712e-05,0.4,1.85,1.7870535054888657e-05,0.4,0.0215307794,1.99,0.52,6.08,0.0130071036,0.0166666667,0.0050505051,0.29,1.02,0.9,0.0081372439,0.78,-0.0024147299,0.15,0.0156527209,0.0075455584,0.15,0.14,-0.0034555712,1.79,0.18,5.02,0.79,0.51,0.0153730769,-0.0014104047,1.23,0.0254587397,0.0001408866577132875,S&P,0.0194266879,-0.0526315789,1.45,0.0083043622,6.441329616883221e-06,0.0117584883,1.12,0.0076169388,1.98,0.0011552336,-7.493782307265172e-05,0.0061546088,0.1,-0.66,0.00012879914136763645,0.16,0.0036935924,0.0183258203,2.16,0.83,0.0021471284,0.0061024601,3.25,3.25,3.22,2.5244814979798854e-05,0.03,1.06,2.68,5.9,5.93,5.93
2011-01-13,1283.76001,0.0198488741,3.0,-0.0017107461,0.0090075805,0.003725127,-0.0013763272,0.777959272,2.0574303508,1.9796038157,3.9288254646,1273.51412327,1262.86345876,1234.08381815,1170.06843507,3.34,-3.931428410749513e-06,-0.42,0.2,-0.0001265856847347007,1.26,0.0075435948,1.93,-0.06,6.05,-0.0004370076,-0.0327868852,-0.0301507538,-0.88,-0.18,0.07,0.0036583241,-0.05,-0.0023903177,0.15,-0.0126093875,-0.000745266,0.15,-0.95,-0.0028003275,-0.02,0.18,5.0,-0.21,-3.27,0.0046992013,0.0078769936,1.65,-0.0058152093,-9.909868540255643e-05,S&P,-0.0037487975,0.00013035927457080476,-0.8,-0.0008859452,0.00010064136336025902,0.0016975319,-2.74,-0.003239693,1.0,0.0090556531,-7.14329489281322e-05,0.0022709286,0.38,-0.32,3.980302842589258e-05,-0.61,0.00656,0.000895498,0.75,-0.08,-0.0037493305,-0.0044292879,3.19,3.19,3.16,-4.3784029710457184e-05,0.03,1.05,2.71,5.87,5.9,5.9
2011-01-14,1293.23999,0.0813646528,4.0,0.0073845422,-0.0017107461,0.0090075805,0.003725127,1.7097907983,2.8306967475,2.9018809663,4.05271631,1277.10064449,1265.75646173,1236.40366803,1171.29402268,3.35,-0.0001510244881146834,-0.3,0.35,-0.00018158096818162353,-0.75,0.0021258647,1.95,0.63,6.09,0.0067356871,4.569824869374395e-05,0.0103626943,-0.91,0.64,-0.72,0.0080999362,0.74,0.0002274726,0.15,0.0039020219,0.0073154984,0.14,-3.22,0.0026662612,0.2,0.18,5.03,0.36,-0.9,0.0018255718,0.0173556892,0.17,0.0103486837,-0.00012532552612070613,S&P,0.0269677337,4.332455659515155e-05,0.85,0.0086429561,-1.872382465581918e-05,0.0147307654,1.66,-0.0037077043,-0.96,0.0059412278,-0.0001510141551578877,-0.0128612536,-0.57,-0.07,2.4490805539563385e-05,1.18,-0.0057224766,8.34378562922e-05,0.19,0.75,0.011827957,-0.0036188855,3.21,3.2,3.17,0.01,0.04,1.06,2.74,5.91,5.94,5.95
2011-01-18,1295.02002,0.1337311947,1.0,0.0013764112,0.0073845422,-0.0017107461,0.0090075805,1.9901571175,1.8201565483,2.9804204906,4.1088169243,1280.35871276,1268.54346728,1238.7023485,1172.52512713,3.39,-2.5387687408083566e-05,1.3,-0.03,-5.498754588568849e-05,-0.05,0.0073808276,1.97,0.38,6.11,0.0020540485,0.0169491525,0.0102564103,0.37,0.41,0.37,-0.0224689399,0.29,-0.0018800127,0.16,0.0127208838,0.0038290019,0.15,2.06,-0.0018502978,0.95,0.19,5.06,0.87,1.98,-0.0053226032,0.0132450331,0.65,-0.0035626809,-1.7274915486110874e-05,S&P,-0.0079388702,0.0555555556,0.67,-1.2394e-05,2.5405869616510053e-05,0.011176812,-1.23,-0.0011116575,2.59,0.0036092014,-0.00011027156013558204,-0.0295072876,0.19,-0.08,2.8803273126546314e-05,-0.43,-0.0071942607,0.0095750241,0.89,0.46,-0.0116896918,0.0090468008,3.24,3.23,3.2,0.01,0.04,1.05,2.72,5.92,5.95,5.96
2011-01-19,1281.920044,-0.1024183584,2.0,-0.0101156552,0.0013764112,0.0073845422,-0.0017107461,0.5837725281,0.9226966975,1.8601388796,2.7937332993,1280.64259117,1269.81742697,1240.39716008,1173.61363377,3.37,4.7990096926353906e-05,-1.34,0.74,8.765886707243302e-05,-0.88,-0.0089640768,1.95,0.37,6.07,-0.0104982514,-0.00012085933140064436,-0.0101522843,0.18,-1.26,0.29,-0.005313383,-2.77,-0.0013215257,0.16,-0.0066294836,-0.0146392572,0.16,-0.38,0.0049635332,-0.83,0.19,5.02,-0.21,-0.21,0.0109977183,-0.0229019869,0.66,-0.0232402458,-4.670018071961421e-05,S&P,-0.0209296078,-3.616462062610683e-05,-1.31,-0.0255956004,-5.423722431592797e-05,-0.0059712998,3.07,-0.0007015604,0.66,0.0039591145,-6.962415311238285e-06,0.0181315248,0.48,-0.82,0.00012551904611075957,1.14,0.007407456,-0.0084959547,-0.82,-1.56,-0.014516129,-0.0131595846,3.21,3.21,3.18,0.00027499137296352105,0.03,1.05,2.7,5.88,5.91,5.91
2011-01-20,1280.26001,0.0403924355,3.0,-0.0012949591,-0.0101156552,0.0013764112,0.0073845422,-0.4432448267,0.2898375971,1.6256791288,2.0452761431,1280.57303096,1270.81195869,1241.9604091,1174.67479174,3.47,0.00010308792850053011,-1.84,-1.55,5.6582595070963684e-05,-1.28,-0.0029848476,2.06,-1.61,6.17,-0.003479332,0.0833333333,0.0564102564,-1.78,-0.18,-1.23,-0.0181796918,-1.27,-0.000288991,0.16,-0.0042149281,-0.0077311134,0.15,-4.63,0.0031952424,-0.79,0.19,5.12,-0.1,-4.27,-0.0170322035,-0.026274887,0.07,0.0237932058,-5.7525675816363235e-05,S&P,0.0025149325,3.2529532189407384e-05,-2.22,-0.0111959713,-5.6181600090449205e-05,-0.0062627558,2.94,-0.0055318961,0.47,0.0007028767,2.8303300689009776e-05,-0.0291667865,-1.23,1.14,-0.00015257621318493894,-0.56,0.0047953963,-0.0082580446,-0.38,-0.57,0.0054555374,-0.0182040741,3.32,3.31,3.28,0.01,0.04,1.05,2.7,5.98,6.01,6.02
2011-01-21,1283.349976,3.0389477044133623e-05,4.0,0.0024135457,-0.0012949591,-0.0101156552,0.0013764112,-0.031940082,0.7457707092,2.0248331239,1.9470314466,1281.07793006,1272.00605557,1243.58352937,1175.75613686,3.44,-0.00019002363118263173,0.55,-0.54,-1.4344560968071486e-05,0.32,0.0132691009,2.04,1.06,6.12,0.0035942541,-0.0307692308,-0.0097087379,-0.25,0.27,0.08,-0.0179151224,-0.5,0.0005933635,0.16,-0.0116402116,-0.0054542966,0.15,-0.16,0.0016377465,0.52,0.19,5.07,0.41,-0.29,-0.005284179,-0.0249505871,1.04,0.0120670615,0.00019651111717817414,S&P,0.0194418005,-3.793594896318455e-05,0.87,-0.0062975837,-0.00010055779579624197,0.0158199743,0.87,0.0093116549,2.79,-0.0040252432,0.0001348697243953818,0.0140577803,-1.53,-0.89,-1.72535941585755e-05,-1.9,-0.0031816894,0.0054311554,2.16,-0.55,0.0710797613,0.0048398752,3.29,3.28,3.25,0.01,0.04,1.05,2.68,5.93,5.96,5.97
2011-01-24,1290.839966,-0.20927721,-8.15348005547711e-05,0.0058362802,0.0024135457,-0.0012949591,-0.0101156552,-0.1855822599,1.5210354699,2.6398612166,2.71091333,1282.85284568,1273.79976133,1245.43672296,1176.90124959,3.43,-3.090299099721945e-05,0.83,-0.13,-5.7167539604029675e-05,0.9,0.0039228889,2.03,-1.01,6.1,0.0063744776,0.0317460317,-0.0049019608,-0.58,0.68,0.91,0.0328415522,0.76,-0.0004561628,0.16,0.0128479301,0.0104144239,0.15,-1.03,-0.0035108837,0.08,0.18,5.06,0.91,-1.89,-0.0031444704,-0.0032126705,0.18,-0.0059616029,7.665882621948363e-05,S&P,0.0058444482,-0.0526315789,0.95,0.007889542,9.198131833911903e-05,-0.0049380474,-3.29,-0.0040279668,1.36,0.0052778492,7.024633338100324e-05,-0.0072091462,0.58,-0.94,1.8904416521653415e-05,0.71,-0.0070220077,0.0007575446,-0.38,1.28,0.015197619,0.008072876,3.28,3.27,3.25,0.01,0.03,1.04,2.67,5.92,5.94,5.95
2011-01-25,1291.180054,0.1775567781,1.0,0.0002634626,0.0058362802,0.0024135457,-0.0012949591,-0.296517887,1.6877380587,1.5182415715,2.6750651237,1284.36688356,1275.4550273,1247.23057908,1178.03835212,3.35,1.4579242364704895e-05,-0.47,-0.27,-3.303159677125533e-05,0.42,-0.0033694859,1.96,-1.41,6.01,-0.0019969597,-0.0461538462,-0.0344827586,-0.07,-0.08,-0.04,0.0117054232,0.13,-0.0001825484,0.16,0.0024665963,0.0006255454,0.15,-1.86,6.03986309644e-05,-0.18,0.18,4.98,-0.07,-0.37,-0.0005440442,-0.0008482273,0.34,-0.0033318747,-8.229070062070288e-05,S&P,-0.0001394633455981023,-1.9084958062157645e-05,-2.81,0.0008725913,7.739320360116624e-05,0.0011452348,-2.34,-0.0005327659,0.36,-0.000463928,-0.00010324021491465063,-0.0067837594,1.26,-0.74,-6.594332763999822e-05,0.51,-0.0183220666,-0.0012394651,-0.27,0.14,-0.0029940617,-0.0044078311,3.2,3.19,3.17,0.01,0.03,1.03,2.66,5.83,5.85,5.86
2011-01-26,1296.630005,0.0295078971,2.0,0.0042209071,0.0002634626,0.0058362802,0.0024135457,1.1474944221,1.7379657074,2.0807790127,3.0289782916,1286.596542,1277.47169184,1249.16781147,1179.21836856,3.45,5.264805482732704e-05,0.99,0.37,-9.63041499910551e-06,0.78,0.0073265508,2.03,2.79,6.13,0.0064499358,3.151145096043472e-05,0.0357142857,0.91,0.47,0.09,0.007176374,1.66,3.04302842189e-05,0.16,0.0115992966,0.0074469063,0.15,1.2,0.0033619874,0.95,0.18,5.12,0.12,2.87,0.0022872145,-0.0074136843,0.06,0.002451549,-7.709035241755766e-06,S&P,-0.0076452597,5.378063639633424e-05,1.0,0.0176418645,-9.352781160966103e-05,0.0124555669,0.4,-0.0034164183,2.15,-0.010409447,2.142299117718468e-05,0.011720963,-0.48,0.01,-7.031788239208582e-05,1.16,-0.0078586114,0.0096812916,0.62,0.75,-0.003003003,0.0087027052,3.3,3.29,3.27,0.01,0.03,1.01,2.68,5.95,5.97,5.98
2011-01-27,1299.540039,-0.0891548897,3.0,0.0022443056,0.0042209071,0.0002634626,0.0058362802,1.5059463585,1.0560265025,1.8001487543,3.1561073429,1288.94990509,1279.57343919,1251.14319294,1180.41559912,3.42,0.00010377723898226821,-0.17,-0.31,7.059115082004814e-05,-0.18,0.002593188,1.98,-0.53,6.09,0.0016378463,-0.0483870968,-0.0246305419,-2.56,0.17,-0.69,-0.0018613058,0.19,-9.12880747346e-05,0.15,0.0031271715,0.0057601858,0.13,-0.32,-0.0023174157,0.46,0.17,5.09,0.07,-2.61,-0.0026683073,0.0516562977,0.21,0.0026678079,7.577236880175635e-05,S&P,0.0015408012,-0.0555555556,1.64,0.0021544399,-3.264689926016332e-05,0.0027616494,-3.9,-0.0011791879,-1.14,0.0069456253,-0.00023237762376058404,0.0148906265,0.58,0.39,-1.6817416554344127e-05,0.11,0.0013201651,0.003960796,0.31,0.19,0.0180723394,-0.0006868754,3.29,3.27,3.25,0.02,0.04,1.0,2.67,5.92,5.94,5.96
2011-01-28,1276.339966,0.3038714933,4.0,-0.0178525265,0.0022443056,0.0042209071,0.0002634626,-0.5462274618,-0.5779930783,0.195469643,1.4675454675,1286.65718889,1279.26548936,1252.13130169,1181.37007043,3.36,7.637950910232487e-05,-1.35,-0.81,-7.984328869452198e-05,0.21,-0.0141024786,1.92,2.08,6.06,-0.0175969763,-0.0847457627,-0.0303030303,1.82,-1.87,0.16,-0.0207161538,-2.25,-1.52160681679e-05,0.15,-0.0387946298,-0.0248214829,0.13,3.29,0.0007139338,-0.67,0.15,5.07,-1.41,4.01,-0.0068377718,-0.0721604674,-0.83,-0.0124167855,4.854120809255608e-06,S&P,-0.0203076923,-0.1176470588,0.79,-0.0251813097,0.00019732091395294147,-0.0111417005,0.16,0.0087874102,-2.66,-0.0001914637,-6.362322059907144e-05,0.0013095314,-1.05,-0.44,-1.7949059931689728e-05,-0.13,-0.0110415623,-0.0073760998,-1.48,-2.37,-0.003944773,-0.0140316499,3.23,3.21,3.21,0.02,0.02,0.99,2.7,5.91,5.91,5.93
2011-01-31,1286.119995,-0.2583316574,3.6028801677712165e-05,0.007662558,-0.0178525265,0.0022443056,0.0042209071,-0.365651136,-0.5505548123,1.1498226504,2.264557398,1286.55951728,1279.91829942,1253.46419163,1182.41235824,3.42,8.447074667230455e-05,-0.3,-0.88,0.00016997630043281815,-0.09,0.0007945222,1.95,1.6,6.1,0.0094906901,0.0740740741,0.015625,-0.24,0.87,0.33,0.0095804611,1.31,9.12977982014e-05,0.15,-0.0007207207,0.0049090903,0.15,-0.48,0.0071342444,-0.27,0.17,5.12,0.55,0.25,-0.0071846359,-0.0087647541,0.54,0.0089806464,6.374783457776872e-05,S&P,0.0182160176,0.1333333333,1.97,0.007544462,3.4158074533134134e-05,0.0213951392,2.24,-0.0096037278,1.7,-0.0061255012,-0.00010969578918166452,0.0137840676,-1.35,0.17,-1.6870134082363203e-05,-2.05,-0.0039993002,-0.0035647668,0.12,0.53,-0.0029703959,-0.0031455096,3.27,3.27,3.25,3.700727631942988e-05,0.02,0.98,2.68,5.93,5.95,5.95
2011-02-01,1307.589966,0.2393332629,1.0,0.0166935986,0.007662558,-0.0178525265,0.0022443056,1.2709235981,0.9706371952,2.980111518,2.80846086,1290.38323523,1282.55369624,1255.58677101,1183.65790657,3.48,-2.3548831282845188e-05,1.37,0.27,-6.949380576113169e-05,1.19,0.0167569884,2.02,0.72,6.14,0.018543644,0.0517241379,0.0358974359,0.63,1.58,1.54,0.0168278088,2.04,0.0033929251,0.15,0.0093761269,0.0189290175,0.16,1.24,-0.0023944927,1.26,0.18,5.16,1.12,1.68,0.0015186957,0.0145602571,1.08,0.0220293952,0.00025226345163908027,S&P,0.0314620932,0.0588235294,2.0,0.0225792192,-3.945167122993373e-05,0.0400347546,-1.65,-0.0002314196,-0.39,0.012679651,-6.807574580967375e-05,0.0029619402,0.39,-0.85,-0.00013402359334917355,0.24,0.0143885059,0.0150887096,1.66,1.86,0.0327706074,0.0161865126,3.32,3.33,3.3,-0.01,0.02,0.98,2.66,5.96,5.99,5.98
2011-02-10,1321.869995,0.0668928979,3.0,0.0007494928,-0.0027857653,0.0041847517,0.0062401718,1.1299838781,1.7182968843,3.2501198721,2.7924690573,1311.18844519,1299.79695334,1270.34633576,1192.57919055,3.7,4.617219187944677e-05,-0.47,-1.74,-4.174960826308512e-05,-1.24,0.0010755763,2.4,-0.93,6.25,-0.0008221907,0.049382716,0.0300429185,-0.07,-0.04,-0.69,-0.0101072175,0.26,0.0054549622,0.12,-0.0168036831,0.0004947466,0.08,-0.6,-0.001215836,0.27,0.16,5.31,-0.11,0.1,-0.0196602305,0.0049109767,-0.99,0.0093105296,-0.000330192864910692,S&P,-0.0039239661,-0.1111111111,0.4,0.0042383777,-4.315050022905065e-05,0.0078739428,-1.43,0.0014094018,-3.03,0.0021896738,7.375536466504214e-05,0.0158965799,0.00011601804606798734,1.11,-1.01211857312724e-05,-1.72,0.0008212713,0.0026471996,0.05,-0.02,-0.0018770062,-0.0053367821,3.62,3.58,3.54,0.04,0.08,0.94,2.55,6.09,6.13,6.17
2011-02-11,1329.150024,0.0082899004,4.0,0.0055073714,0.0007494928,-0.0027857653,0.0041847517,1.3944959508,4.1376168895,3.5687886279,3.5357086719,1314.4541868,1302.59248388,1272.65236275,1193.93810432,3.64,-0.00011057757520862874,0.66,0.23,-6.551463352162176e-05,-0.17,0.0015067046,2.38,0.56,6.2,0.0045291084,1.4438644080778327e-05,-0.0083333333,-0.43,0.64,-0.19,0.0065155244,1.12,-0.0008662351,0.12,-0.0090909091,0.0068053505,0.08,-0.33,0.0018209439,0.6,0.16,5.26,0.39,-1.09,0.0052975824,0.0163256156,-0.34,0.0228421046,-0.00014894687531335964,S&P,0.0230302424,-0.0001255284030800678,-0.13,0.0115786549,3.661252007659196e-05,-0.0045672718,-1.91,0.0111745715,0.73,-0.0002732665,3.205326285211338e-05,0.0032520456,0.81,0.44,-0.00010042726178472071,-1.79,-0.0037748072,0.0042124293,0.24,0.7,0.0028208745,0.0071262296,3.56,3.52,3.48,0.04,0.08,0.94,2.56,6.04,6.08,6.12
2011-02-14,1332.319946,-0.1545896239,-0.0001951490152857103,0.0023849242,0.0055073714,0.0007494928,-0.0027857653,1.0060192189,3.5921959988,3.2134099573,3.0218641785,1317.70250665,1305.42367075,1274.99226798,1195.31503807,3.62,5.12015928519543e-05,0.04,1.45,-0.00014179890801478017,-0.67,-0.0011435229,2.37,1.63,6.15,0.0036132707,0.0235294118,-0.0042016807,0.46,0.04,0.04,0.0065293118,0.18,0.000806145,0.13,-0.000733945,0.0027549943,0.09,2.21,-0.0088371159,0.2,0.17,5.21,-0.14,2.54,0.0127969534,0.006182288,-0.46,-0.0006441701,0.00014321227017972368,S&P,0.0032583237,0.0625,2.03,0.0046101362,6.827765651203443e-05,0.0252354987,0.38,0.0012479482,0.55,-0.0058414249,0.00010242730040179091,0.0253971789,0.23,-0.26,-0.0002259269959862757,2.19,0.00019546537147844005,0.0034498708,-0.18,0.15,0.0079699953,-0.0004617929,3.53,3.49,3.45,0.04,0.08,0.94,2.53,5.98,6.02,6.06
2011-02-15,1328.01001,0.1008735534,1.0,-0.0032349107,0.0023849242,0.0055073714,0.0007494928,0.2597117661,1.5616549936,2.8524260335,2.5474501931,1319.57659817,1307.57475068,1277.07139512,1196.63538605,3.61,5.75294226017234e-05,-0.52,-0.69,-8.757965830216538e-05,-0.45,0.0033490357,2.35,-1.4,6.14,-0.0025556317,-0.0344827586,-0.0084388186,0.81,-0.11,-0.7,0.0020046217,-0.47,0.0008358917,0.13,-0.0099155711,-0.0045541408,0.11,0.54,0.0025329281,0.09,0.17,5.26,-0.18,0.33,-0.0095705493,-0.0072996482,0.03,0.0060163084,1.1916186013151833e-06,S&P,-0.0056096547,-5.4285354491228214e-05,-1.97,-0.0071073917,-0.0002741368020388816,-0.0228477554,1.3,-0.0003714827,-3.68,0.0015709486,7.548060132966949e-05,3.55375083826e-05,0.09,-0.46,2.5114462471479132e-05,-0.38,-0.0013179901,0.0004610419,0.31,-0.01,-0.0018605116,-0.0037953168,3.5,3.48,3.44,0.02,0.06,0.88,2.53,5.97,6.01,6.03
2011-02-16,1336.319946,-0.4992309377,2.0,0.0062574348,-0.0032349107,0.0023849242,0.0055073714,1.1689132201,2.4761636068,3.061007446,4.2436267577,1322.62084323,1310.31238833,1279.3948677,1198.02528216,3.62,4.106877934241043e-05,0.91,0.76,-7.191443673898999e-05,0.45,0.0099553622,2.37,2.11,6.15,0.0083602819,0.0238095238,0.0085106383,0.12,0.51,0.77,0.0089746453,0.79,-0.0005922281,0.12,0.0022255565,0.0075632358,0.1,-0.21,-9.0955e-05,0.3,0.16,5.27,0.41,-0.13,0.011231174,-0.0127493203,0.58,0.0239213798,-0.00010982418058725241,S&P,-0.01128269,-0.0588235294,-1.46,0.0101703178,-6.220343416268965e-05,0.0086778473,-1.38,0.0036325392,-0.34,0.0067612042,2.32814061166759e-05,0.0085053186,0.56,-0.73,-5.2337439605274075e-05,-0.85,-0.0016496041,0.001926985,1.02,0.44,-0.0009318733,0.0079839171,3.52,3.5,3.46,0.02,0.06,0.88,2.53,5.99,6.03,6.05
2011-02-17,1340.430054,6.06658549553784e-05,3.0,0.0030756916,0.0062574348,-0.0032349107,0.0023849242,1.4040759735,2.5499256837,3.1464990514,4.6998299978,1325.85888155,1313.18073744,1281.78840442,1199.44224507,3.58,-7.7082706926616e-05,-0.12,0.84,-1.2823979353477127e-05,0.44,0.0002530058,2.3,-1.15,6.14,0.0051634292,-0.0697674419,-0.029535865,0.62,0.36,0.84,-0.0133009834,0.73,-0.0004254414,0.09,0.0070317913,0.0021305578,0.08,3.08,-0.0050636238,-0.34,0.15,5.26,0.29,3.45,0.0062559625,0.0061086702,0.25,-0.0025031081,7.370805731455755e-05,S&P,-0.0105104508,-0.0625,0.31,0.0068206539,8.59385081742508e-05,0.0022702234,-1.35,-0.0012662095,5.51,-0.0027037947,-0.00013747948214057185,0.0010493243,0.37,-1.01,4.845105168609058e-05,-0.43,0.0044613516,-0.0011855521,0.02,0.06,0.0037312965,0.0003451099,3.5,3.49,3.43,0.01,0.07,0.88,2.56,5.99,6.05,6.06
2011-02-18,1343.01001,-0.4089297974,4.0,0.0019247226,0.0030756916,0.0062574348,-0.0032349107,1.0427706241,2.451807969,5.223533367,4.6487735314,1328.97726854,1316.02162054,1284.18925169,1200.87078004,3.59,5.4517309016514485e-05,-0.14,1.38,3.737921706397789e-05,0.4,0.0011632267,2.3,-0.07,6.17,0.0012345214,-0.025,-0.00012480903630328742,0.26,0.36,0.27,-0.0216019841,0.23,-0.0007448393,0.1,-0.0055126794,0.0008369437,0.08,2.3,-0.0005079236,0.24,0.15,5.29,0.71,2.52,0.0125912972,-0.0067106681,0.7,0.0037641154,-1.6302975066522984e-05,S&P,-0.0094082546,-1.0653329703851412e-05,-0.02,0.000959194,8.146801077238528e-05,0.0073915477,0.21,-0.0038272933,-3.07,0.0052905154,-0.00023818532955760535,-0.0092833796,0.09,-0.51,-6.928732665096023e-06,1.51,0.0052640236,0.0028762764,-0.06,0.06,-0.0037174257,-0.0007227884,3.51,3.49,3.44,0.02,0.07,0.88,2.58,6.02,6.07,6.09
2011-02-22,1315.439941,0.1380612745,1.0,-0.0205285655,0.0019247226,0.0030756916,0.0062574348,-1.2669633184,-0.273689994,2.2797208747,1.9057339134,1326.51593626,1315.96622249,1285.41476892,1202.01077169,3.46,0.0001269438005325184,-0.31,-2.14,-4.8331607191037476e-05,-1.95,-0.0257076051,2.16,0.04,6.08,-0.021396588,-0.0512820513,-0.0608695652,-0.59,-2.09,-1.01,-0.0340883772,-2.64,-0.0020992744,0.12,-0.0173687737,-0.0273575858,0.1,-3.56,-0.0013212725,-0.01,0.16,5.2,-0.79,-2.3,-0.0256165939,-0.0326005469,-0.17,-0.041458375,4.207828930265557e-05,S&P,-0.0386029424,0.0666666667,-3.3,-0.0261852673,-5.6258111146982306e-05,0.011124284,-0.23,-0.0026893864,-7.01,0.0030831823,-0.00014501292133450375,-0.0152686397,-1.93,-0.88,2.8512407187562247e-05,-1.61,-0.0075273931,-0.014603842,-1.02,-3.06,-0.0289179557,-0.0141706715,3.36,3.34,3.3,0.02,0.06,0.88,2.62,5.92,5.96,5.98
2011-02-23,1307.400024,0.0057152361,2.0,-0.0061119605,-0.0205285655,0.0019247226,0.0030756916,-1.5519450791,-1.296263897,-0.0145261133,1.256212869,1323.04031585,1315.15039406,1286.27693579,1203.05942097,3.49,2.194856063503119e-05,-1.07,-0.05,-0.00012992593537186007,-0.35,-0.009172204,2.21,5.17,6.09,-0.0039563995,6.173984953220078e-05,0.0231481481,0.88,-0.68,0.28,0.01184253,-1.8,0.0013872163,0.12,3.622788583062768e-05,-0.0121280258,0.12,1.33,0.0071239568,-1.6,0.16,5.2,-0.73,1.27,-0.0036497259,-0.0207294371,0.68,-0.0010866986,9.616362456601118e-05,S&P,0.0038241238,-4.8112155207517976e-05,-1.66,-0.0163722663,-4.607018929261719e-05,0.0190776915,0.85,-0.0036838176,0.09,-0.0041853664,-1.0902679766084024e-06,0.0024930334,-0.84,-0.62,5.098250801162839e-05,-0.02,-0.0042869413,-0.0169095491,-1.02,-0.79,-0.0216137848,-0.0122231536,3.37,3.37,3.33,-0.00011798514746957783,0.04,0.89,2.6,5.93,5.97,5.97
2011-02-24,1306.099976,-0.0807613091,3.0,-0.0009943766,-0.0061119605,-0.0205285655,0.0019247226,-2.2614322334,-1.1189531936,0.1587346115,0.7303526036,1319.96025406,1314.28844948,1287.05430991,1204.08470013,3.46,-0.00014337335171162575,-0.11,-1.61,0.00020571869806607608,0.79,-0.0008672115,2.19,0.1,6.05,-0.0020053109,-0.0135135135,-0.0090497738,-0.72,-0.21,0.74,0.0007588816,0.63,-0.0004566905,0.13,0.0067694622,0.0054755662,0.13,-0.37,-0.0012025061,-1.01,0.16,5.14,-0.47,-4.38,-0.0133523664,0.0060561866,0.41,-0.0010878808,-5.7084198305006e-05,S&P,-0.0019047302,9.208674827635781e-05,1.24,0.0056649395,1.0578280443345907e-05,-0.0126335018,-2.74,-0.0038907442,-2.01,0.0046429312,-3.505342778156472e-05,0.0055780835,-0.95,-0.74,0.00013394319098175767,-0.75,-0.0023182481,-0.0089094734,-0.07,0.21,0.0103092288,-0.0005908669,3.33,3.33,3.3,-1.1386479545925397e-05,0.03,0.91,2.59,5.89,5.92,5.92
2011-02-25,1319.880005,2.1368304849,4.0,0.0105505162,-0.0009943766,-0.0061119605,-0.0205285655,-1.5330937216,-0.1505435487,0.9777392116,1.5651665504,1319.94566332,1314.82097858,1288.34159207,1205.23689221,3.42,0.0001589475346916674,1.16,1.43,4.0350565450890976e-05,0.09,0.01514849,2.16,0.7,6.02,0.0122941559,-0.0136986301,-0.0136986301,0.64,1.23,0.81,0.0153989997,2.38,-0.0002284496,0.13,-0.008218192,0.0157603085,0.12,-0.85,-0.006444694,0.71,0.16,5.12,0.61,3.99,0.0181996092,-0.0028691702,-0.38,0.0167719451,-7.543699233352472e-05,S&P,0.030534382,-0.0002717904608505545,2.52,0.0220970668,-2.7241623239869163e-05,-0.0073281958,5.59,-0.004743043,4.16,-0.005585436,-9.600342184020979e-05,-1.32307232511e-05,0.38,0.35,-3.7466111127247626e-05,0.46,-0.0101244979,0.0076670531,1.48,1.62,0.0116618076,0.0137162492,3.3,3.29,3.26,0.01,0.04,0.9,2.6,5.86,5.89,5.9
2011-02-28,1327.219971,-0.6733993217,5.417393508118952e-05,0.0055610858,0.0105505162,-0.0009943766,-0.0061119605,-1.1757201274,-0.1452095674,1.2472614418,3.9863991065,1321.26826472,1316.001835,1289.86623438,1206.45065419,3.42,0.00011191898576555123,-0.05,1.7,0.00011853039902184968,0.13,0.0098197751,2.13,-0.3,5.99,0.007222425,-0.0416666667,-0.0138888889,0.17,0.55,0.11,0.0145048135,0.4,-0.0002285018,0.15,0.0011299812,0.0004386728,0.13,0.86,-0.0045212008,1.25,0.18,5.09,0.86,1.47,0.0141511023,-0.0222862327,0.37,0.0002142031,-0.0001236679551597682,S&P,-0.0043211108,0.125,0.95,0.0018249285,0.00019920477681200862,0.0022264238,0.8,-0.0051798971,0.34,-0.0027210674,0.00012769466301363447,0.0092018205,1.14,0.08,-0.0002407492221204652,-1.19,0.030181087,0.0121291358,0.95,0.21,0.004803074,-0.0011997925,3.29,3.27,3.24,0.02,0.05,0.9,2.57,5.81,5.84,5.86
2011-03-01,1306.329956,-0.0578121882,1.0,-0.015739678,0.0055610858,0.0105505162,-0.0009943766,-0.6925428304,-1.9507318852,-0.964337404,1.5713900008,1318.55220859,1315.08070367,1290.51187053,1207.44447809,3.41,0.0001253807502699203,-1.0,0.36,-1.563450670037789e-05,-0.74,-0.0105101013,2.11,3.24,6.0,-0.0145404363,-0.0434782609,-0.0093896714,1.57,-1.89,-0.48,-0.0110416125,-2.22,-0.0005332927,0.14,-0.0158013544,-0.0161235637,0.07,1.81,-0.006638707,-0.7,0.16,5.09,-1.57,2.57,0.0025023713,-0.0222170417,-0.19,-0.023345492,-2.4188492134251702e-05,S&P,-0.0189088046,-0.1111111111,0.27,-0.0198797678,-0.00011244948127926027,-0.0085349703,-4.06,0.003075139,-0.67,0.0105593191,-6.791664929815176e-05,0.0047733873,1.13,-0.06,-3.2503408294709786e-05,-3.80023994846799e-05,-0.0120442385,-0.0067406303,-1.02,-1.67,-0.0320267686,-0.0097097422,3.34,3.27,3.25,0.07,0.09,0.91,2.59,5.84,5.86,5.93
2011-03-02,1308.439941,-0.1316650006,2.0,0.0016152007,-0.015739678,0.0055610858,0.0105505162,0.079540843,-1.4736386663,-1.2177541132,0.0650031755,1316.71361448,1314.44825008,1291.21493211,1208.44940807,3.46,-1.973675836393889e-05,-0.15,-1.85,4.976436205338022e-05,-0.59,-0.0080719508,2.16,0.81,6.06,0.002754999,0.0454545455,0.0236966825,0.08,0.37,0.29,0.0080444191,0.62,0.000228676,0.13,-0.003058104,0.0038942491,0.12,1.19,0.0034290657,-0.46,0.17,5.16,0.2,-0.14,-0.0148638025,0.0152266405,0.64,-0.00855261,-4.794357460575146e-05,S&P,-0.0031595893,0.0625,-0.22,0.0047331205,9.124975251059298e-05,0.0033018749,-1.42,0.0003053754,0.06,-0.0004714059,7.173480635288242e-05,-0.00175127,-2.42,-0.51,-5.248409102353517e-05,-0.43,0.0018121911,-0.0058393932,-0.77,0.51,0.0034567901,-0.0035209919,3.34,3.33,3.29,0.01,0.05,0.9,2.6,5.89,5.93,5.94
2011-03-03,1330.969971,3.2346048781,3.0,0.017219002,0.0016152007,-0.015739678,0.0055610858,1.9041417546,-0.4003513542,0.763882106,2.0658988981,1319.3056793,1316.02174731,1292.77395325,1209.66851815,3.58,7.877096892350108e-05,1.34,0.24,1.575470826163541e-05,-0.43,0.0065537542,2.3,-1.34,6.13,0.0151929583,0.1449275362,0.0648148148,-1.29,1.84,-0.19,0.0211291979,2.33,0.0002591068,0.13,0.0046012653,0.0184383661,0.12,-1.47,-0.0016830179,0.43,0.16,5.21,1.6,-1.21,0.0032001759,0.0044761596,0.74,0.019243597,-3.474022567226379e-05,S&P,0.0272583527,-0.0588235294,-0.11,0.0221852145,-8.421242764511391e-05,0.0086976726,-1.05,-0.0008547217,1.48,0.004311678,8.906917361119684e-05,-0.0037168124,0.95,0.92,3.5774972405901494e-05,2.06,0.0039466863,0.0062441295,0.64,2.09,0.0211614173,0.0152496572,3.46,3.45,3.42,0.01,0.04,0.92,2.55,5.97,6.0,6.01
2011-03-04,1321.150024,-0.0268934009,4.0,-0.007378038,0.017219002,0.0016152007,-0.015739678,0.0962223077,-1.438346592,-0.0544660975,1.0749023225,1319.6410147,1316.51015461,1293.88674033,1210.77778686,3.49,0.0001504580848576302,-0.26,1.46,0.00019365110158144343,-0.15,-0.0099858275,2.17,1.03,6.09,-0.0061899118,-0.1392405063,-0.0565217391,0.91,-0.71,-0.01,0.0012236761,-0.37,-4.57128925595e-05,0.12,-0.0095419844,-0.0050272866,0.11,2.93,-0.0002055921,-0.69,0.16,5.17,-0.69,3.86,0.0123879531,-0.0064818279,0.14,-0.0121528207,0.00014573366987614554,S&P,-0.0154273372,8.553395472774606e-05,-0.07,-0.0047051176,8.647738508325914e-06,-0.0086226754,0.82,0.0065869138,1.12,-0.0035804966,-7.56639848020494e-05,0.0135474263,1.04,-0.82,-8.606411898437393e-06,2.0,0.0001638329,-0.0065126377,-1.01,-0.51,-0.0183132048,-0.0024479519,3.38,3.37,3.33,0.01,0.05,0.92,2.6,5.93,5.97,5.98
2011-03-07,1310.130005,-0.0613224299,4.3431939706289004e-05,-0.0083412321,-0.007378038,0.017219002,0.0016152007,-1.2876513595,-2.4482323106,-1.4309911339,-0.0564502966,1317.91174021,1315.90252132,1294.52373111,1211.76636615,3.51,-4.5851650504022175e-05,-0.05,-0.05,1.3732819064269792e-05,-0.18,-0.0074125604,2.19,-0.8,6.1,-0.0090371834,0.0294117647,0.0092165899,0.27,-0.85,-0.32,-0.0128888865,-1.94,-0.0005181031,0.11,-0.0088632752,-0.0140196289,0.1,-0.1,-0.0008739461,-0.11,0.16,5.19,-0.63,1.32,-0.0040869109,-0.0150870626,-0.09,-0.0072495826,-9.667247833518728e-06,S&P,-0.0059542777,-3.0879143384692688e-06,-3.56,-0.0154425995,3.71804709588047e-05,-0.0042313234,3.1,-0.0002913181,-3.93,-0.0003742062,5.1851889847297595e-05,0.0183206749,-1.59,0.21,-7.787209174630663e-05,-1.58,-0.0108090237,-0.0023638338,-0.75,-1.49,0.0004908198,-0.0027711167,3.41,3.4,3.35,0.01,0.06,0.91,2.59,5.94,5.99,6.0
2011-03-08,1321.819946,0.1429328101,1.0,0.0089227336,-0.0083412321,-0.007378038,0.017219002,1.185763974,0.4850092202,-0.7880989871,0.2099918045,1318.62232308,1316.46608557,1295.59417091,1212.86142664,3.56,-3.920702663496766e-05,-0.18,1.85,0.00014603372776407118,0.38,0.0063903209,2.22,-1.72,6.15,0.0068394356,0.0428571429,0.0136986301,-0.3,0.84,-0.17,0.0011256416,1.79,-0.0019057783,0.11,0.0073872864,0.007335343,0.07,-0.56,0.0013686648,-0.01,0.16,5.24,1.0,-0.0002389586917468744,0.0170937472,-0.0129524661,-0.49,0.0267759023,9.588480721386002e-05,S&P,0.0249053917,0.0002378041353540764,0.28,0.015278514,-3.7182003296272486e-05,-0.001416466,-1.6,-0.0006193848,-2.33,-0.004292381,9.80725683237056e-05,0.0012452251,-0.09,0.98,-0.0001836314862810608,0.8,0.0051324005,0.000393724,0.64,0.4,0.012266929,0.0001673976,3.49,3.45,3.4,0.04,0.09,0.91,2.59,5.99,6.04,6.08
2011-03-09,1320.02002,-0.1813780228,2.0,-0.0013617029,0.0089227336,-0.0083412321,-0.007378038,0.8850294643,0.9652742671,-0.6016513385,-0.3435021317,1318.87644979,1316.80455552,1296.55204734,1213.9276813,3.48,1.3898402563799093e-05,-0.34,-0.03,-1.416115573896669e-05,-0.54,-0.0055030749,2.16,2.55,6.09,-0.0017392827,-0.0410958904,-0.027027027,0.04,-0.34,0.06,-0.0092478272,-0.74,0.0016497365,0.1,-0.0007719413,-0.0050799773,0.07,1.09,-0.0023430756,-0.5,0.15,5.18,-0.2,0.25,0.0041502785,0.0129426809,0.03,0.0034482542,-0.00010323629673952153,S&P,0.0089203635,-0.0625,-2.91,-0.0042077597,1.8157441858438817e-06,-0.0026004847,1.71,0.006173176,-2.8,-0.0021662459,-0.00010532119064631359,0.0007374003,0.76,-0.6,-5.043177142460196e-05,0.29,-0.0051061935,-0.0045989316,-0.54,-1.0,-4.937389722304198e-05,-0.0062763609,3.41,3.38,3.33,0.03,0.08,0.91,2.61,5.94,5.99,6.02
2011-03-10,1295.109985,0.2732159417,3.0,-0.0188709524,-0.0013617029,0.0089227336,-0.0083412321,-2.6942746104,-0.8414356636,-3.0838393996,-1.950973586,1314.55527438,1314.73840595,1296.49549588,1214.73546542,3.37,9.097781342204902e-05,-1.62,-0.5,6.209139315226525e-05,-0.19,-0.0074665717,2.05,-0.44,6.03,-0.0214059779,-0.0714285714,-0.0509259259,-1.12,-1.62,-0.96,-0.0164553129,-2.36,-0.0010370122,0.08,-0.0185399389,-0.0184248221,0.04,-2.72,-0.0023073754,-1.02,0.14,5.13,-1.57,-2.38,-0.0081989859,-0.0172138654,-0.82,-0.0221220356,3.8089030085478035e-05,S&P,-0.0225609153,-0.0666666667,-0.36,-0.0263763233,7.394800883123961e-06,-0.0355534499,-2.54,0.0003985145,-2.62,0.0022680815,-2.8016548916231022e-05,-0.0149928972,-2.17,0.22,-7.327372974448931e-05,-0.76,-0.0130794863,-0.0096343087,-0.78,-1.19,-0.0256906944,-0.0154952593,3.33,3.29,3.23,0.04,0.1,0.9,2.66,5.89,5.95,5.99
2011-03-11,1304.280029,-0.2080490872,4.0,0.0070805137,-0.0188709524,-0.0013617029,0.0089227336,-1.2769174351,-1.1819238068,-2.6968975287,-1.3306880455,1312.68704794,1313.74237005,1296.80077169,1215.6264561,3.4,-0.0001119127087925929,-0.22,-1.83,1.0768830937098236e-05,1.1,-0.0089077061,2.06,-1.38,6.03,0.0059097005,-0.0153846154,0.0048780488,0.28,0.91,1.39,0.0153460472,0.43,0.0019540493,0.08,0.0106257379,0.0054016952,0.04,2.48,0.0065458,-1.03,0.13,5.13,0.68,1.82,-0.0154610637,0.011616757,0.84,0.0046124095,-7.828850186653125e-05,S&P,0.0099812848,-0.0714285714,0.26,0.0041274097,-3.1743692643285077e-06,0.0090932173,1.54,0.001026149,-2.99,-0.008274023,0.00015395695168663145,-0.007895177,-1.93,-0.23,-2.6792212718255598e-05,-1.72,0.0013420231,-0.0115529622,-0.88,0.97,0.0129353731,-0.0028398218,3.36,3.32,3.27,0.04,0.09,0.9,2.63,5.9,5.95,5.99
2011-03-14,1296.390015,0.082870816,-5.07405182673917e-05,-0.0060493252,0.0070805137,-0.0188709524,-0.0013617029,-1.04875012,-2.3228972343,-3.4713065914,-2.4647337327,1309.72395105,1312.0897648,1296.78466358,1216.4300736,3.36,0.0001672888921242882,-0.88,0.34,-1.480351594922769e-05,-0.51,-0.0128897986,2.0,-0.15,6.01,-0.0066157619,-0.046875,-0.0291262136,0.79,-0.8,-0.53,0.0044603596,0.76,0.0003351972,0.09,0.000389447,-0.0053911038,0.05,-1.34,-0.0011385783,-1.54,0.14,5.12,-0.64,0.08,0.0041334398,-0.0079729336,0.58,-0.0096196541,-1.0887024066100373e-05,S&P,-0.0086474055,0.0769230769,-0.52,-0.0058045089,-9.54637037170916e-05,0.0031660252,0.64,-0.0197062401,1.26,0.0003379796,0.00019566812582954722,0.0013058356,-6.98,-0.53,0.00018288921126744849,1.81,-0.0093817726,-0.0164521251,-1.26,-0.57,-0.02161105,-0.0091787188,3.31,3.27,3.22,0.04,0.09,0.89,2.65,5.87,5.92,5.96
2011-03-15,1281.869995,0.2841789762,1.0,-0.0112003485,-0.0060493252,0.0070805137,-0.0188709524,-3.0223443912,-1.8724182882,-2.55199382,-3.7866243128,1304.6595954,1309.21169149,1296.19977462,1217.0812171,3.33,-0.00013450228216035955,-1.39,-3.02,-6.522385121853786e-06,-0.97,-0.0250616136,2.0,-4.53,6.01,-0.0124298994,0.0327868852,1.403987268079271e-05,-2.29,-1.2,-1.89,-0.0229947305,-1.25,-0.0007767878,0.1,-0.011677773,-0.0124547453,0.07,-4.77,0.0002156522,-3.07,0.14,5.1,-1.13,-4.59,-0.0285973728,-0.0098962037,0.04,-0.0152317443,-3.545396603613467e-05,S&P,0.0052960128,-9.040730117442335e-05,-1.15,-0.0085695606,0.00010288236417764993,-0.0120174561,0.69,0.0065942008,-5.73,0.0062582872,1.2012400825411183e-05,-0.0140830846,-8.67,-0.56,9.577639047109606e-05,-2.77,-0.0109927446,-0.031888966,-2.47,-1.94,-0.0155621988,-0.0138350858,3.26,3.23,3.19,0.03,0.07,0.91,2.68,5.87,5.91,5.94
2011-03-16,1256.880005,0.1214288461,2.0,-0.0194949489,-0.0112003485,-0.0060493252,0.0070805137,-4.7832619236,-3.9405657367,-3.8641592529,-5.3561347026,1295.97239715,1304.22772135,1294.65782287,1217.47722494,3.22,2.878969680386738e-05,-1.4,0.25,-3.623165167124136e-05,-1.5,-0.0222939384,1.87,1.94,5.93,-0.0200491279,-0.0793650794,-0.065,0.38,-1.66,-1.33,-0.0446399519,-0.87,0.0003048595,0.1,-0.0236312731,-0.0189365427,0.06,1.04,0.0098562628,-2.02,0.14,5.02,-1.79,-0.06,0.0009979103,-0.0023019445,-0.66,-0.0179331984,4.049422701193979e-06,S&P,-0.0322280756,-9.085996473456741e-05,1.5,-0.0119166376,-0.00012281429864604464,-0.0255559777,-0.08,-0.0093375703,-1.34,-0.0061878288,2.113833485125429e-05,0.0119284517,4.17,-1.9,0.0001691215695723822,2.27,-0.0140218878,-0.0201304382,-2.25,-1.62,-0.0336562961,-0.0170490779,3.16,3.12,3.08,0.04,0.08,0.91,2.71,5.79,5.83,5.87
2011-03-17,1273.719971,-0.2911109206,3.0,0.0133982289,-0.0194949489,-0.0112003485,-0.0060493252,-1.6515982618,-4.3013742795,-2.4791367885,-4.6845050235,1291.92650148,1301.32222131,1293.83673064,1218.03685425,3.25,6.205908176365042e-06,1.37,-2.01,8.89472934646105e-05,-0.26,0.0242522509,1.91,3.87,5.97,0.0170229454,0.0344827586,0.0213903743,0.22,1.19,0.43,0.0140298442,0.31,-0.0001219066,0.08,-0.0004033884,0.0073486065,0.06,-0.61,0.0089467263,1.9,0.14,5.05,1.16,-0.06,-0.0183451547,-0.0226472135,0.86,0.0171193787,-7.213158656353721e-05,S&P,0.0041626961,-3.177481167008123e-05,3.56,0.0046297428,7.653850542114361e-05,0.0233262646,5.59,-0.0237860492,6.51,-0.0050211548,0.0001016987020392523,-0.0114323099,-0.78,-0.48,0.00011095224994570113,-0.1,0.0081512487,0.0219594037,2.39,0.79,0.0142479148,0.017487746,3.19,3.17,3.11,0.02,0.08,0.92,2.72,5.83,5.89,5.91
2011-03-18,1279.209961,0.1331455036,4.0,0.0043102017,0.0133982289,-0.0194949489,-0.0112003485,-1.9221384551,-3.1745117692,-3.0813440499,-4.5671978793,1289.61440321,1299.21629176,1293.26313183,1218.64554188,3.28,1.2869258117061492e-05,0.35,0.32,-0.00017086212371638068,1.7,0.0063414365,1.96,-0.84,5.97,0.0063906924,0.0166666667,0.0261780105,1.08,1.1,1.6,-0.0118634982,1.11,0.0008534504,0.07,0.0008070218,0.0028906405,0.06,2.34,-0.0082527207,0.54,0.14,5.07,1.14,3.01,0.0007090503,0.0052805243,1.12,0.0264811709,-7.042115887373594e-05,S&P,0.0149872125,1.2908914560702598e-06,-0.14,0.0116355443,-4.274376750602402e-05,-0.0038196893,0.24,0.0047012689,1.33,0.0095082951,-2.9648459204049844e-05,0.0033089153,2.24,0.35,0.00015549825804376442,1.11,0.007569224,0.0011296612,1.21,0.65,0.0015609262,0.0038622917,3.22,3.21,3.14,0.01,0.08,0.9,2.69,5.83,5.9,5.91
2011-03-21,1298.380005,-0.0985529826,-0.00015359497454911123,0.0149858464,0.0043102017,0.0133982289,-0.0194949489,0.1535024165,-0.8968575603,-2.1729605213,-3.3231327144,1291.20814899,1299.1366454,1293.46379352,1219.43891963,3.34,0.00010112823124476703,0.45,1.62,0.00012519504331088153,0.62,0.0247308504,2.04,0.9,5.98,0.017244154,0.0983606557,0.0408163265,0.53,0.41,1.0,0.0260985244,1.91,-0.0011877208,0.1,0.0213710089,0.0183155112,0.06,0.94,-0.000680749,2.07,0.16,5.09,0.45,2.38,0.0172639576,0.0166851865,0.34,-0.002404919,-0.0001362077395636604,S&P,0.0015708137,0.1428571429,-1.25,0.0231042806,9.881402308013196e-05,0.0246134576,-0.17,0.0190565912,-2.74,0.0049320618,5.511187432908843e-05,0.0007746963,3.86,0.46,4.1124329134041e-05,1.04,0.0044391668,0.0227657729,1.87,0.51,0.0244155325,0.0118920618,3.28,3.24,3.18,0.04,0.1,0.89,2.64,5.82,5.88,5.92
2011-03-22,1293.77002,-0.1532247563,1.0,-0.0035505668,0.0149858464,0.0043102017,0.0133982289,0.9283332199,-2.1220685983,-0.9614673492,-1.6473516065,1291.67394372,1298.62553822,1293.4758024,1220.17853257,3.34,9.714527785270915e-05,-0.1,0.9,-0.0001691660502693245,0.52,-0.003006823,2.07,0.64,5.98,-0.0033852926,0.0149253731,0.0147058824,0.11,-0.37,0.4,0.0055998144,-0.59,-0.0006707931,0.1,-0.0011844058,-0.0030533789,0.07,0.75,-0.0050226732,-0.3,0.16,5.08,-0.07,0.72,0.0076119907,-0.0116703012,-0.18,-0.003506465,2.6125952371818603e-05,S&P,-0.0116059916,-7.384961413179588e-05,0.63,-0.0053627794,4.753743292094626e-05,-0.0033799857,2.24,0.0023946307,0.92,0.005283866,2.1766208488542505e-05,0.003439208,0.5,-0.11,6.107478058563017e-05,0.47,-0.0006799422,-0.0051568783,-0.23,0.12,-0.0116632359,-0.004044158,3.27,3.24,3.18,0.03,0.09,0.9,2.64,5.82,5.88,5.91
2011-03-23,1297.540039,0.0743174288,2.0,0.0029139793,-0.0035505668,0.0149858464,0.0043102017,3.234997282,-1.7030030348,-0.8330456491,-0.7541674177,1292.7405065,1298.52215734,1293.63518423,1220.9482988,3.36,-3.996496972013683e-05,0.23,-0.05,-0.00012248535714077667,0.58,0.0053998421,2.07,-0.13,5.99,0.0024816364,0.0147058824,4.247504831870536e-05,0.68,0.29,0.23,-0.0058909963,0.35,-0.0019069413,0.09,0.0094862454,0.0053765389,0.06,2.57,0.0032699775,0.21,0.15,5.09,0.55,2.89,-0.0014218279,0.0167281728,-0.84,0.0028589619,3.760333104728029e-05,S&P,-0.0019041257,-0.0625,2.67,0.0031904844,0.00011759707529937734,0.0004844961,1.9,-0.0020933517,-1.62,0.0031578257,-0.00018894665892989424,0.010049172,-1.57,0.44,-0.0001356501066196501,-0.22,-0.0011906787,0.0034626284,0.54,0.34,0.0020523858,0.0057611373,3.3,3.27,3.21,0.03,0.09,0.9,2.63,5.84,5.9,5.93
2011-03-24,1309.660034,0.0992595677,3.0,0.0093407484,0.0029139793,-0.0035505668,0.0149858464,2.8216612614,1.1234604913,-1.6010832299,0.2725716305,1295.81678423,1299.5829075,1294.26360971,1221.83100263,3.42,8.41796403110112e-05,1.76,0.55,6.946449469904476e-05,0.97,0.0140812239,2.14,0.15,6.01,0.0076108095,0.0434782609,0.0338164251,-0.49,1.03,0.81,0.0170405906,0.84,0.0008406572,0.09,0.0105715736,0.0141273662,0.04,0.5,-0.0013037278,2.01,0.17,5.11,0.79,-0.64,0.0039376705,0.0349624894,0.65,0.0028509212,-3.2365843256401656e-05,S&P,0.0028616851,0.1333333333,-0.09,0.0072234925,6.430966887805094e-05,0.0015739104,-2.1,-0.0021224842,4.05,-0.0067920972,1.079171963276065e-05,-0.0006006477,-0.32,0.02,6.0887021102619965e-05,1.38,0.0052792574,0.0189772692,1.38,1.92,0.0128008186,0.0146655397,3.38,3.33,3.25,0.05,0.13,0.9,2.59,5.84,5.92,5.97
2011-03-25,1313.800049,4.3498462735721566e-07,4.0,0.0031611372,0.0093407484,0.0029139793,-0.0035505668,2.7040195945,0.7299061389,-0.5563315949,-0.4606446023,1299.08646873,1300.93692098,1295.02974458,1222.74611752,3.46,-3.247339173576389e-05,0.34,0.97,1.7312488970500777e-05,0.36,0.0008918966,2.2,-0.11,6.04,0.0012235801,0.0972222222,0.0280373832,-0.1,0.36,0.48,0.0190451458,0.65,0.000381796,0.09,-0.0073614106,0.0024265782,0.04,-0.88,-0.0042018521,0.32,0.17,5.14,0.45,0.43,0.0106213248,-0.0007014027,-0.64,0.0028427947,-5.2287131788145205e-05,S&P,0.0126823078,0.0588235294,-0.11,0.008260923,-2.5542743042366006e-05,0.0107578867,3.75,0.0018178368,-1.03,-0.0078195244,6.134875336715033e-05,0.0105568419,1.07,1.28,-3.189216545065388e-05,1.07,-0.00084701,0.0018431726,0.1,0.37,-0.001516734,0.0033838194,3.42,3.37,3.29,0.05,0.13,0.9,2.58,5.87,5.95,6.0
2011-03-28,1310.189941,-0.2387860048,-0.00010698252362609104,-0.0027478367,0.0031611372,0.0093407484,0.0029139793,0.9095901011,1.0644887604,0.0045748132,-1.283135454,1301.10528187,1301.81816098,1295.62426209,1223.61620532,3.47,-9.282084628572877e-05,-0.1,-0.5,0.00015066374895908176,-0.48,0.001150461,2.23,-0.68,6.03,-0.0030354974,0.0253164557,0.0136363636,-0.63,-0.59,-0.17,-0.003129072,-0.63,0.0006106404,0.11,-0.00819676,-0.0045132541,0.03,-0.21,0.0016386727,-0.3,0.18,5.12,-0.46,-0.48,-0.0039069804,-0.0095332205,0.01,0.0021805058,-0.00013057086604437577,S&P,-0.0103318719,-2.506326728116886e-05,-1.56,-0.0025246781,3.414057181268844e-05,-0.0017938531,-0.66,0.0092083097,-2.23,-0.0081391836,0.00016204752020930805,0.0020790144,-0.42,-0.37,-1.834176564852665e-05,0.27,0.0044083079,-0.0011128102,0.05,-0.92,-3.9419200367536415e-05,0.0006270667,3.44,3.36,3.29,0.08,0.15,0.91,2.56,5.85,5.92,6.0
2011-03-29,1319.439941,0.0831713409,1.0,0.007060045,-0.0027478367,0.0031611372,0.0093407484,1.9841177801,2.9308702245,-0.1800551586,1.0035737862,1304.43885626,1303.49642574,1296.55821028,1224.56967532,3.5,-6.197180095097597e-05,0.44,-0.03,-2.344032354259968e-05,1.01,0.0027282461,2.25,0.31,6.09,0.005889259,9.100105097462723e-05,0.0089686099,-0.13,1.09,0.44,0.0014837946,1.2,-0.0002441071,0.1,0.0031483668,0.0095983278,0.06,-0.32,-0.0038752556,-0.02,0.17,5.18,0.92,-0.08,-0.0003394318,0.0311189183,0.18,0.0013055048,-0.0002211905696349016,S&P,-0.0006327428,-0.0555555556,-0.05,0.0093943193,0.00010190778159191222,-0.0026356894,-3.06,0.0079623408,2.18,0.0012006911,-2.394733102395409e-05,-0.0086889868,0.74,0.37,-1.745654546542448e-05,0.73,-0.0003376266,-0.0006038573,0.35,1.17,0.0055696709,0.0046913701,3.44,3.4,3.33,0.04,0.11,0.91,2.59,5.92,5.99,6.03
2011-03-30,1328.26001,0.0938930333,2.0,0.0066847067,0.007060045,-0.0027478367,0.0031611372,2.3675547634,5.6791423776,0.6242321991,1.5147863023,1308.76997512,1305.85486234,1297.80141812,1225.60141995,3.47,7.567896547577302e-05,0.31,1.81,0.0001137793918863185,0.51,0.0091879963,2.21,-0.03,6.06,0.0085449132,-0.012345679,-0.0177777778,0.36,0.57,0.36,-0.0066388906,1.4,-0.000656198,0.1,0.0047077678,0.0072183318,0.03,1.42,-0.0027817411,1.62,0.17,5.16,0.5,0.97,0.0169585524,0.0274882782,0.11,0.0093437853,-5.880356436073851e-05,S&P,0.0101297879,-9.010295127153974e-06,-1.66,0.0131164995,4.078783861928412e-05,0.0148948709,2.71,0.0089672371,-1.62,0.0040025009,-2.182943240685041e-06,-0.0007795294,2.43,-0.07,-2.780048973279788e-05,1.07,0.0027017899,0.0176957277,0.9,0.52,0.0125881162,0.0027139357,3.44,3.37,3.3,0.07,0.14,0.9,2.59,5.89,5.96,6.03
2011-03-31,1325.829956,-0.0638654756,3.0,-0.0018295017,0.0066847067,0.007060045,-0.0027478367,1.2346656064,4.0911649489,2.3719970779,-0.3861856475,1311.87178983,1307.75725221,1298.90057646,1226.59871881,3.47,-9.875599539093421e-05,-0.31,0.35,4.729414445794879e-05,-0.29,-0.0087614698,2.24,1.94,6.05,-0.0013912786,8.718185373346147e-05,0.0135746606,0.57,-0.23,0.02,-0.0003442073,0.35,-0.0020004276,0.09,-0.0085904721,0.0015413585,0.05,0.99,-0.0018528049,0.1,0.17,5.15,-0.28,0.45,0.0032445716,0.0039572345,0.28,-0.0075350483,7.603319331651153e-05,S&P,-0.006267659,1.0532546317106613e-05,0.8,0.0037840392,0.0001444063867682166,-0.0042608712,0.78,0.0025255441,4.44,-0.0024853693,6.044822824429148e-05,-0.0093579347,0.51,0.07,0.00014625305096309239,0.63,-0.0021893061,-0.0022445099,-0.89,0.07,-0.0029836896,-0.006640553,3.42,3.38,3.3,0.04,0.12,0.9,2.58,5.88,5.96,6.0
2011-04-07,1333.51001,-0.0516461714,3.0,-0.0015200061,0.0021836774,-0.0001800551,0.0003452098,0.5792638766,1.8210814548,4.6941274661,2.9650010767,1325.61792531,1317.88766285,1305.16057118,1231.80760585,3.58,3.879135381586893e-05,-0.42,6.236618634971622e-05,1.761714147743619e-05,-0.23,-0.0049058988,2.29,0.3,6.15,-0.0022214244,-0.0470588235,-0.0129310345,0.07,-0.04,0.29,0.0001183233,-0.49,-0.0002142048,0.04,0.0019120841,-0.0013144327,0.03,0.4,-0.0010417752,-0.5,0.12,5.22,-0.05,0.35,0.005433439,0.0117641117,-0.2,-0.0050377205,-3.0201033744245138e-05,S&P,-0.0070988885,-0.1428571429,1.03,-0.0055375172,-9.466674407466736e-05,0.0068091336,-2.15,-0.004219421,-0.47,-0.0002284849,8.033064288319359e-05,0.0021819538,-0.21,-0.24,-2.539539118758528e-05,-0.46,-0.0030170969,-0.0050352772,-0.53,0.16,-0.0097323119,-0.0055784866,3.55,3.54,3.46,0.01,0.09,0.93,2.57,6.03,6.11,6.12
2011-04-12,1314.160034,0.2289528222,1.0,-0.0077766994,-0.0027933795,-0.0040044439,-0.0015200061,-1.3859789237,-0.4001627384,1.5760153416,2.5189792355,1323.67303921,1318.9005993,1307.07359893,1234.47961766,3.52,3.151289846845445e-05,-1.45,-1.47,0.00011239168946102743,0.42,-0.0153761987,2.22,-2.47,6.1,-0.0101008641,-0.0941176471,-0.038961039,-0.67,-0.85,-0.52,0.0048367928,-1.46,0.0006434316,0.05,-0.0130870285,-0.0096409433,0.02,-1.34,0.0064860341,-1.36,0.11,5.19,-1.04,-0.27,-0.0134427942,-0.0193436054,0.29,-0.0046948783,5.6261739485189536e-05,S&P,0.00013416307624864251,-0.0833333333,-1.71,-0.013899174,0.00010311993049293012,-0.0232503982,-0.24,-0.0121706137,-5.31,-0.0053808702,-8.471709348476685e-05,-0.0004556115,-1.65,-1.02,0.000294267438148148,-1.51,0.0013364183,-0.0141501305,-1.57,-0.65,-0.0084241824,-0.0146859457,3.5,3.47,3.41,0.03,0.09,0.91,2.58,5.99,6.05,6.08
2011-04-13,1314.410034,-0.0993172712,2.0,0.0001902356,-0.0077766994,-0.0027933795,-0.0040044439,-1.5821319004,-1.0427157255,1.300152172,4.5772093415,1321.98885644,1318.47292642,1307.36130227,1235.27494519,3.49,-4.248440666238024e-05,0.73,0.75,3.701977097200603e-05,0.37,0.007451059,2.19,1.62,6.07,0.0008192861,-0.025974026,-0.0135135135,0.29,0.04,0.53,0.011221396,0.2,-0.001224796,0.06,-0.0003900156,0.006095177,0.03,0.44,0.0005196965,1.03,0.11,5.16,0.05,1.4,0.0066173554,0.0100287957,-0.25,-0.0083618998,0.00010470346062175054,S&P,-0.0229299363,-0.00017364069192359814,-2.06,0.0020065951,-0.00016353987492783746,-0.0002403943,1.05,0.0021889833,0.21,0.0007319928,0.00014618639372589368,0.0096075911,0.84,-0.2,-0.00013740746418077748,1.68,-0.0056723558,0.0105675079,0.72,0.68,-0.0034982009,0.0076955155,3.46,3.43,3.38,0.03,0.08,0.91,2.58,5.96,6.01,6.04
2011-04-19,1312.619995,-0.0798912812,1.0,0.0057311705,-0.0110178516,0.003925413,8.36770848935e-05,-0.1171880867,-1.5015428082,-0.5168818821,1.4569803527,1316.75420476,1316.58192202,1308.17875897,1238.32123092,3.39,-2.1800741293071537e-07,0.17,-1.44,-0.00017445445228873716,0.47,0.0070441632,2.09,-0.23,5.95,0.0066351563,-0.0144927536,7.700839995419869e-05,-0.03,0.58,0.2,0.0181105619,-8.135538325095572e-05,0.0005215604,0.06,0.0027910686,0.0035059437,0.04,2.24,-0.0088165128,0.04,0.11,5.13,0.71,1.31,-0.0129956933,0.0026915499,0.72,0.015696156,-3.767390740776806e-05,S&P,0.0186314363,-1.9376195991278615e-05,0.74,0.0018259059,-3.429532456586589e-05,0.0084236464,3.0,0.0029878543,1.2,0.0038853173,0.0002122603847682616,-0.0190650349,-1.26,0.38,-9.510715981979516e-05,-0.58,0.0368838908,0.0017731929,0.79,0.92,0.0145145145,0.0045654765,3.35,3.33,3.28,0.02,0.07,0.82,2.56,5.84,5.89,5.91
2011-04-20,1330.359985,0.0900548079,2.0,0.0135149473,0.0057311705,-0.0110178516,0.003925413,1.213468445,-0.3878621268,0.1580996931,2.5293975533,1319.22798298,1317.89411849,1309.04861097,1239.23703942,3.43,7.581122384683328e-05,2.21,1.82,7.956371494807082e-05,0.83,0.024571593,2.15,2.08,5.98,0.0150767717,0.0147058824,0.028708134,0.48,1.51,1.68,0.0134671376,2.08,-0.001088573,0.06,0.0242544732,0.0209619922,0.04,1.24,-0.0028149853,2.96,0.11,5.16,1.39,2.98,0.0159638854,0.0282406207,1.26,-0.0020156998,9.150960058017454e-05,S&P,-0.0412371134,7.794014490757696e-05,2.65,0.0199754581,-1.3907743384358318e-05,0.0220763596,1.13,-0.0016953257,-0.12,0.0043119502,0.00012224932241516006,0.0026662166,1.8,-1.17,0.00012076587607886736,2.62,0.027117563,0.0298154052,2.4,1.9,0.0064134188,0.0212653945,3.39,3.37,3.32,0.02,0.07,0.82,2.55,5.87,5.92,5.94
2011-04-21,1337.380005,-0.1532098917,3.0,0.0052767823,0.0135149473,0.0057311705,-0.0110178516,1.7390366561,0.2902111698,0.8711561349,2.1165776064,1322.52835062,1319.74991721,1310.15964603,1240.21358634,3.42,1.526772561100452e-05,-0.03,1.02,-9.670062071274582e-05,0.58,0.0043099634,2.14,0.11,5.99,0.0055228058,-0.0144927536,-0.0046511628,0.13,0.21,0.4,0.0242107066,0.29,9.00596247311877e-05,0.06,-0.0093167702,0.0062978908,0.03,3.59,-1.04941704884e-05,0.76,0.11,5.18,0.31,3.01,0.010136003,0.0109860448,0.23,0.0026929757,-6.71407902186275e-05,S&P,-0.0100589317,-8.655251967333539e-05,1.41,0.0073738792,1.64992508034272e-05,0.0082895386,2.37,-0.0065865962,1.21,0.0073157387,-7.857958401738202e-05,0.0065279816,0.73,-0.28,-0.0001309684508080306,1.66,-0.0049697003,0.0063869609,0.56,0.87,-0.0220587745,-0.0006641981,3.39,3.36,3.31,0.03,0.08,0.81,2.57,5.88,5.93,5.96
2011-04-27,1355.660034,0.0367215447,2.0,0.0062498471,0.0089795843,-0.00159267,0.0052767823,3.2789412902,3.157910675,1.7281637749,2.7451111547,1333.77679478,1326.74709471,1314.24935856,1243.3435611,3.39,-7.510309725866434e-05,0.12,-0.52,0.00015152403977309895,-0.69,0.005544703,2.06,0.8,5.96,0.0063460083,1.7704013411774507e-05,0.0048780488,1.32,0.75,0.87,-0.0007705553,1.01,-0.0024701207,0.06,0.0072546007,0.0078453134,0.03,2.01,0.0003156234,0.62,0.11,5.17,0.98,4.99,-0.0101693407,0.0786067019,0.91,0.0084220082,5.756402447812307e-05,S&P,0.0138551779,-5.7191738573865514e-05,-2.08,0.0061779285,9.349084647584455e-05,0.0041180623,-0.23,0.0085019198,-3.73,0.0071997049,2.866180049974694e-05,-0.0046182667,1.68,0.57,-4.035338341967457e-05,0.2,0.0095458511,0.0065847026,0.64,1.02,0.0273631841,-0.0001976648,3.36,3.33,3.28,0.03,0.08,0.79,2.57,5.85,5.9,5.93
2011-04-28,1360.47998,-0.003640564,3.0,0.0035554238,0.0062498471,0.0089795843,-0.00159267,2.2640484786,3.5049904374,1.8674049652,2.4257276254,1338.63191937,1329.95975045,1316.06232411,1244.50909761,3.34,-8.241169634793794e-05,-0.1,-0.99,-0.00010896739557764313,0.09,0.0091402386,2.0,-0.09,5.93,0.0035369038,-0.0461538462,-0.0291262136,0.56,0.3,0.51,-0.0097101188,0.35,-0.0001230428,0.04,0.0125094774,0.0009234345,0.02,3.39,-0.0006310475,1.03,0.1,5.11,0.53,1.36,-0.003650005,-0.0079336722,0.32,0.0076922637,-3.31216069577308e-06,S&P,2.4304783898602253e-05,-0.0909090909,0.38,0.0037748483,0.00011483786226394418,-0.0050125656,4.43,-0.0081991507,-6.0,0.0013321009,-0.00017199463369268282,-0.0131144068,1.65,-0.25,7.259011109498053e-05,-0.2,-0.0028977124,0.0094896006,0.9,-0.3,-0.0024213075,0.0002801007,3.32,3.3,3.24,0.02,0.08,0.82,2.59,5.83,5.89,5.91
2011-05-04,1347.319946,-9.831629475753817e-05,2.0,-0.0068553088,-0.0033793039,-0.0017527108,0.0023006623,-0.615204977,2.6435641033,2.5232780744,1.1023270484,1348.12413187,1338.72101403,1322.10469393,1248.92488799,3.25,-0.00010374400279186311,-1.43,-1.36,-0.00011164679274811014,-1.05,-0.0131100954,1.95,-1.03,5.81,-0.0090940302,-0.0163934426,-0.0051020408,-1.36,-0.67,-0.89,0.0039344944,-1.44,-0.0014610889,0.03,0.0096861685,-0.0047121489,0.02,-7.5,0.0057742782,-1.68,0.07,5.0,-0.6,-5.54,-0.0170976583,0.0076593803,-0.03,-0.0091462983,-0.00011236128284372074,S&P,-0.0247373433,-0.2222222222,-2.83,-0.0128826526,-0.00010547348021749195,-0.0094604645,-1.99,-0.0040633204,-2.6,3.27342560352e-05,6.949058939658488e-05,-0.0225670722,-0.81,-0.03,-6.30195054496112e-05,-1.11,-0.0089043764,-0.0169010913,-1.21,-0.24,-0.017926309,-0.0162422209,3.23,3.22,3.18,0.01,0.05,0.81,2.56,5.74,5.78,5.79
2011-05-05,1335.099976,-0.0893733989,3.0,-0.0090698353,-0.0068553088,-0.0033793039,-0.0017527108,-1.8655183739,0.3562938643,1.5740858229,-0.0329501915,1345.75610353,1338.37615326,1322.61431284,1249.78235156,3.18,5.98366137477946e-05,-1.12,0.21,-4.46878235123169e-05,-0.32,-0.009462908,1.88,-8.57,5.77,-0.0128382465,-0.0333333333,-0.0358974359,-2.79,-0.6,-1.49,-0.0080670909,-0.07,-0.0012938005,0.02,-0.0103606297,-0.0047768424,0.01,-8.0,0.0084133612,-0.1,0.07,4.94,-0.8,-11.86,-0.002300249,-0.0143021453,-1.91,-0.0072527912,-9.349714783096422e-05,S&P,-0.0225851973,-2.447747611126637e-06,-3.25,-0.0043943257,0.00010066650662382196,-0.0258223683,-6.9,-0.0027653646,-2.44,-0.0067345496,-3.471208001426332e-05,0.0022285153,-0.66,1.05,0.00016672843897792242,0.14,-0.0100501907,0.0004108779,-0.66,-0.21,-0.0182535767,-0.0107117356,3.17,3.16,3.11,0.01,0.06,0.83,2.59,5.7,5.75,5.76
2011-05-12,1348.650024,-0.0179499513,3.0,0.0048954371,-0.0111114958,0.0080740366,0.0045441637,1.014908864,-0.8695428212,1.3748187864,2.6049702235,1346.72388334,1341.81279208,1327.03041861,1254.51892881,3.22,-4.045170676372718e-05,-0.53,-1.13,0.00019016586160125237,0.61,-0.0085730292,1.89,0.36,5.86,0.0033328838,0.0178571429,0.0106951872,0.17,0.65,-0.18,-0.0019008035,0.92,0.0008470661,0.02,-0.0015773264,0.006319719,0.01,-2.02,0.0033232628,-0.81,0.07,5.02,0.6,-1.31,-0.0093612777,0.0082689204,0.32,-0.0031652724,-1.0145658950154963e-06,S&P,0.0024857955,-0.00011816294545391118,1.51,0.0081722173,9.250464394213474e-05,-0.0008629191,0.31,0.0003703123,-2.76,-0.0050973214,-0.00012694910447293376,-0.0136424507,-1.62,-0.17,4.05472062260911e-05,-2.36,0.0093135346,-0.0068177812,-0.96,0.56,0.0024887506,-0.0051874163,3.21,3.2,3.15,0.01,0.06,0.84,2.64,5.79,5.84,5.85
2011-05-17,1328.97998,0.0540058499,1.0,-0.0003685612,-0.0062043915,-0.0080673294,0.0048954371,-2.0763987514,-2.0374176337,-1.3553643104,1.826621261,1339.84121984,1339.21188581,1327.58756531,1256.81016172,3.12,-0.00016240953041563028,-0.86,-0.01,-0.00012761990724893712,0.77,-0.0120907683,1.8,-2.43,5.71,-0.0004221787,0.0185185185,-0.0163934426,-0.19,8.022083905331362e-05,0.51,0.0085208672,0.02,-0.0017978702,0.04,-0.002035002,0.000323437,0.03,-1.88,-0.0032830615,-1.48,0.07,4.86,-0.58,1.07,-0.0025936039,0.0119474472,0.59,0.0216884323,1.2931998590408666e-05,S&P,0.0319454045,0.00013883997027858906,0.2,-0.0030987448,0.00023194825719869563,0.0021187189,-3.15,0.0079101782,4.79,0.0026984526,0.00011498879114062749,0.0013007957,0.21,-0.59,9.42290410303997e-05,0.16,0.0004519964,-0.017717689,-1.21,0.12,-0.0086032389,-0.0105846334,3.09,3.08,3.05,0.01,0.04,0.85,2.59,5.64,5.67,5.68
2011-05-18,1340.680054,-0.0325458748,2.0,0.0088038,-0.0003685612,-0.0062043915,-0.0080673294,-0.1043083904,-0.4928222149,-1.1049953251,2.1377138172,1339.99373514,1339.35171136,1328.10099624,1257.64468801,3.18,-6.867935715736218e-05,1.03,0.83,5.538752024554808e-06,0.55,0.0092399295,1.87,2.1,5.77,0.0089295006,0.0545454545,0.0388888889,0.68,0.98,0.07,0.0110965431,1.67,0.001385468,0.05,0.0069331566,0.0114220772,0.03,4.8,-0.0021616058,0.45,0.08,4.92,0.76,3.3,0.0048059108,0.0117037012,0.06,0.0061629992,8.710370413068065e-05,S&P,0.0059130435,0.1428571429,2.71,0.0159564426,0.00011812478465610774,0.0165401559,0.38,0.002947704,6.14,-0.0054156056,-8.841883324238428e-05,0.0070100381,0.94,0.15,-4.546553159430899e-05,1.72,0.0015059939,0.0064602652,0.87,1.04,0.0086778969,0.0106637093,3.15,3.13,3.1,0.02,0.05,0.85,2.59,5.69,5.72,5.74
2011-05-19,1343.599976,-0.0754507232,3.0,0.002177941,0.0088038,-0.0003685612,-0.0062043915,-0.374452075,0.6366564417,-1.2407388751,0.9952186738,1340.6494153,1339.75630799,1328.70879937,1258.4999645,3.17,0.00017732524648805893,0.6,0.78,-1.1562107434658158e-05,0.23,0.0125037682,1.85,-0.78,5.78,0.002434704,-0.0517241379,-0.0106951872,-0.23,0.24,0.46,0.0019419661,0.2,-0.0001537279,0.05,0.0012149858,0.0029520636,0.02,-0.48,-0.002785228,0.55,0.1,4.96,0.47,-0.23,0.006615936,0.008676275,0.48,-0.0018149273,-3.676140855173528e-05,S&P,-0.0107191909,0.25,-1.27,0.0020516659,7.915142840338743e-05,0.0072180574,-2.48,0.0006489511,-1.24,0.004139187,-6.398929094698603e-05,-0.0045938298,-0.41,-0.07,9.793786316410063e-05,-1.65,-0.0016541504,0.007489556,1.26,0.32,0.0101214069,0.0054866211,3.15,3.12,3.07,0.03,0.08,0.82,2.61,5.68,5.73,5.76
2011-05-24,1316.280029,0.1814331087,1.0,-0.0008273803,-0.011925585,-0.0076882675,0.002177941,-0.955616427,-3.0121727708,-2.973564163,-2.2980286534,1331.85739521,1335.08581282,1327.95929257,1260.38408212,3.12,-0.00013751762437626212,0.12,0.44,-2.9513461926564155e-05,1.04,0.0025339016,1.81,2.21,5.74,0.001931653,0.0181818182,0.0055555556,0.61,-0.13,0.46,-0.006608804,-0.42,-0.000999385,0.06,-0.0008274721,-0.004617779,0.04,3.5,-0.0011253197,0.15,0.11,4.95,-0.28,4.53,0.0008700519,-0.01503413,0.38,-0.0049353468,7.141634026407459e-05,S&P,0.0036323282,0.1,0.58,-0.0045574678,-4.010103903864996e-05,0.0076856702,-0.02,0.0011102895,-1.25,0.0047259971,-4.18449376249321e-05,-0.0027078742,0.21,-0.93,0.0002059131769361383,0.24,0.0033557201,0.0040918422,0.27,-0.59,-0.0149561122,0.0038554465,3.08,3.06,3.01,0.02,0.07,0.79,2.62,5.63,5.68,5.7
2011-05-25,1320.469971,0.0684874878,2.0,0.0031831692,-0.0008273803,-0.011925585,-0.0076882675,-1.5074501138,-1.6101861073,-1.9928432797,-2.5957881856,1329.78695444,1333.69382788,1327.66559369,1260.98195166,3.13,-7.635102253862413e-05,0.38,0.1,9.918980170906729e-05,-0.08,0.0030917739,1.81,2.13,5.77,0.0051996806,-0.0357142857,1.4670003759506803e-05,-0.03,0.23,-0.24,0.0138173453,1.11,-0.0006925741,0.06,0.0016563561,0.0055422741,0.04,4.21,0.0010241704,0.43,0.1,4.97,0.19,3.35,0.000725888,-0.0052258963,-0.12,-0.0016532829,-1.872344519361503e-05,S&P,-0.0025334782,-0.0909090909,2.22,0.0130070191,-1.7489772495598652e-05,0.0082420715,0.78,-0.0003168146,1.92,0.0058604007,-1.3861268527392054e-05,-0.0091486915,-0.74,-0.78,5.959343361196803e-05,-1.07,0.007753147,0.0028360717,0.28,0.34,0.0062826702,0.0019971658,3.09,3.07,3.03,0.02,0.06,0.8,2.64,5.67,5.71,5.73
2011-05-26,1325.689941,-0.2068779245,3.0,0.0039531153,0.0031831692,-0.0008273803,-0.011925585,-1.3329886365,-1.7024493079,-0.7048187528,-2.5571886034,1329.04204291,1332.93155294,1327.58811711,1261.62581225,3.07,-6.322568824835623e-05,0.27,0.64,-1.1039929545332398e-05,1.76,-0.0029956857,1.72,0.1,5.71,0.0055802259,-0.1111111111,-0.0497237569,-0.45,0.76,1.03,-0.005285314,1.65,-0.000462036,0.05,0.0198428681,0.0078004621,0.04,-0.83,0.0017393084,-0.86,0.1,4.92,0.47,-1.66,0.0067484891,0.0142515608,0.37,0.0042583629,-4.243332843324921e-05,S&P,0.0050798986,-8.478311085311046e-06,0.12,0.012182197,7.797725664173749e-05,0.0052464618,-1.21,-0.0091683447,1.99,0.0064884289,-5.8065427792271666e-05,-0.0019016629,1.49,-0.87,-8.627167922858309e-05,2.74,-0.0117664654,-0.0079278445,-0.22,0.68,0.0104058798,0.0018568511,3.03,3.02,2.97,0.01,0.06,0.79,2.64,5.61,5.66,5.67
2011-06-01,1314.550049,-0.0969179599,2.0,-0.022784644,0.0105927243,0.0040809203,0.0039531153,-0.1314294802,-1.0857899455,-3.139643368,-3.1010855033,1329.06126788,1332.0952822,1327.86752595,1263.65332732,2.96,-3.0389241956003068e-05,-0.39,-0.11,0.00010094919097557898,-1.07,-0.0105142285,1.6,-1.88,5.64,-0.0230841051,-0.0222222222,-0.0476190476,0.35,-2.38,-0.65,-0.0066699337,-3.27,-0.0001543448,0.05,-0.0231907237,-0.0233167943,0.04,-1.6,0.0097167666,-0.95,0.11,4.88,-2.26,-4.31,-0.0024362799,-0.021811012,-0.57,-0.034227658,1.7549721029435193e-06,S&P,-0.050405356,-0.0833333333,-1.68,-0.0317104378,-0.00016310162679402393,-0.017251731,-0.79,-0.0068629268,-3.26,-0.0079380649,5.792717797782937e-05,3.64855200902e-05,0.21,-1.13,-0.00015271373435843527,0.07,-0.0120374199,-0.0104555809,-1.03,-2.2,-0.0259674148,-0.010250401,2.92,2.91,2.85,0.01,0.07,0.76,2.68,5.53,5.59,5.6
2011-06-02,1312.939941,-0.1129238002,3.0,-0.0012248358,-0.022784644,0.0105927243,0.0040809203,-0.5702537858,-2.0691076083,-2.1712577458,-2.5517328013,1326.13011754,1330.27096399,1327.28213046,1264.14374138,3.04,-0.00012183774724541643,-1.48,-1.48,-3.980295795502707e-05,-0.02,-0.0189012691,1.65,0.88,5.74,-0.000462481,0.0227272727,0.03125,-0.44,0.04,0.67,0.0017076265,-0.05,0.0007409694,0.04,-0.0085960295,0.0014878423,0.04,-3.95,-0.0018427518,-1.92,0.11,4.99,-0.29,-1.71,-0.0157700443,0.0064968817,1.24,-0.0035918824,-0.000159623216349392,S&P,0.008166258,-0.00014323286129807136,-0.56,-0.0008644046,-4.4923464770112204e-05,-0.0085334269,3.56,0.0009395506,1.44,0.0016682717,-9.949300077876375e-06,-0.0139931129,-1.65,0.07,-9.209639568132567e-05,-1.48,0.00024254555569853468,-0.0198561061,-1.84,0.28,-0.0020909044,-0.0136120154,3.0,3.0,2.93,0.0001295931674672112,0.07,0.75,2.7,5.63,5.7,5.7
2011-06-08,1279.560059,0.0323847904,2.0,-0.0041868743,-0.0009564078,-0.0107602062,-0.0097338093,-2.6617465061,-2.7896776667,-3.7186354756,-5.7178205264,1304.08552132,1315.97319427,1321.38372365,1265.06461283,2.98,-5.628338934421822e-06,-1.04,-1.2,2.764790457366666e-05,0.44,-0.0087656622,1.52,0.92,5.71,-0.0061905758,4.4367591325548806e-05,-0.0440251572,-0.43,-0.6,-0.87,0.0006023491,-1.26,-0.0009257831,0.04,-0.0049874483,-0.0096907622,0.01,-1.14,0.0053284874,-0.75,0.11,4.95,-0.35,-0.89,-0.0090533933,0.0026659557,-0.78,-0.0081041747,6.908566198212514e-05,S&P,-0.015909934,-0.00014433985141249075,-0.94,-0.01192403,0.00020951826099591632,0.009500025,0.33,-0.0034925659,1.42,-0.0021328173,-7.295726256429785e-05,0.0021819906,0.11,-0.05,1.1974753177239638e-06,-1.28,0.0097709771,-0.0060563855,-0.87,-1.13,0.0016233766,-0.0095146028,2.97,2.94,2.87,0.03,0.1,0.76,2.73,5.6,5.67,5.7
2011-06-09,1289.0,-0.160748059,3.0,0.0073774896,-0.0041868743,-0.0009564078,-0.0107602062,-1.8233843188,-2.3832401865,-3.8547641435,-3.9550516914,1301.34269926,1313.40431863,1320.1137737,1265.30277589,3.01,-0.00011701401803822827,0.77,-0.24,-6.162489465355364e-05,0.32,0.0105966999,1.6,1.46,5.74,0.0084515339,0.1025641026,0.0526315789,0.44,0.82,0.1,-0.0022574074,0.55,0.0001544402,0.05,0.0008353383,0.0035472473,0.02,2.2,-0.0059232026,1.41,0.1,4.97,0.69,2.12,-0.0022858364,0.0086678542,-0.47,0.0146076013,-0.00010567100483977284,S&P,0.0339115917,-0.0909090909,-0.02,0.0058373143,-2.6400192283155894e-05,0.0052005695,-3.57,0.0050069096,-0.5,-0.0025859384,-4.533503516715043e-05,-0.0170684356,0.21,0.59,4.8191150735782654e-05,-0.49,0.0096764441,0.0140831356,0.97,0.2,0.0037817396,0.008159876,2.99,2.96,2.91,0.03,0.08,0.77,2.73,5.64,5.69,5.72
2011-06-14,1287.869995,-0.1529913951,1.0,0.0126117795,0.0006687564,-0.0139798448,0.0073774896,0.2280304243,-4.2618166881,-2.2393101492,-3.1290647331,1290.80725365,1304.08264847,1315.25142713,1265.64699717,3.11,3.925792850610109e-05,0.53,0.29,5.68231367391022e-05,0.11,0.0149621336,1.7,0.89,5.82,0.0144329667,0.125,0.0691823899,0.59,1.45,0.75,0.0178811849,2.38,-0.0020515194,0.05,0.0074874373,0.0147858388,0.03,1.94,-0.0079995084,1.53,0.11,5.06,1.12,1.87,-0.0005366996,0.0197005429,0.17,-0.0014398129,0.00012050197854366265,S&P,0.0044609665,-2.7433154025566318e-06,3.08,0.0216031623,1.744784572250035e-05,0.0145146277,-1.4,0.0045399869,-1.98,0.0001960411,1.782391493773988e-05,0.0109840634,0.85,0.99,-1.2993424353017341e-05,1.37,0.0076588381,0.0168874433,1.5,1.24,0.0114193046,0.0051268898,3.08,3.06,3.0,0.02,0.08,0.76,2.71,5.71,5.77,5.79
2011-06-15,1265.420044,0.1629069674,2.0,-0.0174318457,0.0126117795,0.0006687564,-0.0139798448,-1.1050684882,-3.7374008724,-3.8639183061,-4.782610495,1286.19139735,1300.40049567,1313.29725524,1265.64473893,2.98,-6.982744951948215e-05,-1.03,-1.13,-5.5361475715807134e-05,-1.35,-0.0149382284,1.55,-2.55,5.72,-0.0202833672,-0.1555555556,-0.0882352941,0.43,-1.9,-1.09,-0.0171158888,-1.92,0.0003864167,0.05,-0.0198182915,-0.0176427587,0.02,-0.01,0.0100567888,-1.12,0.11,4.96,-1.54,1.22,-0.0067670016,-0.0209518365,-1.89,-0.02235042,6.030451977620848e-05,S&P,-0.0173945596,-0.00021576203418494002,-0.77,-0.0182999385,9.748181668690597e-05,-0.0213982715,-0.09,0.0042214551,-2.8,-0.0110775078,-3.4382033421858316e-07,-0.0090142015,0.52,0.8,5.414954029853232e-05,0.2,-0.0140088529,-0.0124514331,-1.46,-1.85,-0.0112903763,-0.0104254621,2.96,2.93,2.87,0.03,0.09,0.76,2.74,5.61,5.67,5.7
2011-06-16,1267.640015,-0.0550915121,3.0,0.0017543353,-0.0174318457,0.0126117795,0.0006687564,-1.6570973623,-3.4502664277,-4.0008449386,-5.4479843108,1282.81841874,1297.28044989,1311.50677523,1265.66459242,2.93,0.00010226386385926374,-0.82,-1.32,0.00011062546582036544,-0.15,-0.0038194409,1.52,-2.63,5.68,-0.0005283712,0.00014282666330354206,-0.0193548387,-0.12,0.28,-0.06,-0.0048661088,0.26,0.0002781125,0.05,0.0109519798,-0.0029489371,0.02,0.42,0.0032302911,-0.18,0.11,4.92,0.55,-0.81,-0.0174840756,-0.0125282399,0.32,-0.0078662488,9.462566263807523e-05,S&P,0.0094161962,-8.81612667904213e-05,-0.12,0.0026684576,-5.2959170450326026e-05,0.0071192089,-3.6,-0.0037462168,-5.69,-0.0021499255,-6.872016661122966e-05,-0.0152097494,-1.77,-0.36,-3.605342874700694e-05,-2.1,0.0024183191,-0.0006858507,-0.38,-0.44,0.0027189779,-0.0076272581,2.91,2.88,2.82,0.03,0.09,0.76,2.75,5.57,5.63,5.66
2011-06-21,1295.52002,0.1707209365,1.0,0.0134234763,0.0053951907,0.0030450167,0.0017543353,0.5940059967,0.8233909354,-3.6931261381,-1.658605789,1283.08696403,1293.47257655,1308.18268953,1266.14364074,2.99,-4.012061918922746e-05,1.33,0.96,-9.147328082280666e-05,0.21,0.020372917,1.57,-0.66,5.74,0.0154440244,0.0526315789,0.0129032258,0.37,1.12,0.13,0.0316503579,1.82,-0.0018524236,0.03,0.0118512878,0.0219040104,0.01,0.85,-0.0070872735,1.75,0.1,4.98,0.62,0.86,0.0116243415,0.0346792828,0.68,0.0106225296,5.5229114349706125e-05,S&P,0.0189238583,4.870595938723483e-05,0.37,0.0226892444,4.900495619056441e-06,0.0107891232,1.64,-0.0001620261,2.85,0.0011359338,-4.3848166147752536e-05,0.0096251604,1.07,-0.25,1.0526204176982203e-05,1.77,-0.0003007668,0.018922494,1.84,2.0,0.0178570887,0.0143850607,2.98,2.96,2.89,0.02,0.09,0.76,2.75,5.64,5.71,5.73
2011-06-22,1287.140015,-0.083263686,2.0,-0.0064684489,0.0134234763,0.0053951907,0.0030450167,1.7164238154,0.5923876685,-2.0851266957,-2.2138157047,1283.82388239,1292.86947545,1307.35748661,1266.35255989,3.01,8.779654347309664e-05,0.09,0.04,-2.2394544126269106e-05,0.34,-0.0014701697,1.58,2.94,5.75,-0.0066734152,-0.025,0.0063694268,0.1,-0.64,-0.2,-0.0082692746,-0.72,-0.0004794309,0.02,-0.0044426494,-0.0067243471,0.01,0.99,0.0016456165,0.09,0.09,4.98,-0.54,-0.11,0.0004293183,-0.0133861456,-0.37,-0.0053776827,-3.975609166731954e-05,S&P,-0.0032774218,-0.1,4.077132293354036e-05,-0.0080608158,4.75913027639552e-06,-0.0093086757,-1.62,0.0020194463,-5.96,-0.0101982455,6.74395208340807e-05,0.0010724177,1.69,-0.21,5.085951022736404e-05,0.8,-0.0063167095,-0.0010047101,-0.05,-0.65,-0.0132908035,-0.000398214,3.0,2.99,2.92,0.01,0.08,0.77,2.74,5.66,5.73,5.74
2011-06-23,1283.5,0.3402063242,3.0,-0.0028279868,-0.0064684489,0.0134234763,0.0053951907,1.2511426598,-0.4266873545,-2.2422915231,-2.7997585566,1283.76499468,1291.97714446,1306.4218989,1266.52318118,2.93,4.327992908267644e-05,-1.81,-0.6,6.18674598231133e-06,-0.13,-0.021589276,1.48,-6.09,5.69,-0.0058949284,-0.1025641026,-0.0632911392,-1.74,-0.21,-0.4,0.0267195994,0.36,0.0006343901,0.01,-0.0008113996,0.0065787971,0.01,-4.71,0.0039224545,-1.92,0.07,4.92,-0.39,-2.78,-0.0046125441,0.0132025201,-0.66,-0.0152371348,5.9199152771542196e-05,S&P,-0.0120569963,-0.2222222222,-1.2,0.0035130684,7.57505002303887e-05,-0.017288875,-2.87,0.0007090927,1.39,-0.0020996434,3.5238562638832785e-05,0.0146935676,-0.1,-0.21,-7.587567989307595e-05,-0.73,-0.0060542152,-0.0176898379,-2.17,0.36,-0.0096982764,-0.017079525,2.92,2.92,2.86,-0.00020736475713669498,0.06,0.77,2.76,5.62,5.68,5.68
2011-06-28,1296.670044,0.0581850897,1.0,0.0129443546,0.0091844578,-0.0117257881,-0.0028279868,0.0887692959,0.6833025875,0.9128911497,-3.6076352043,1283.70211802,1289.56644618,1303.67312645,1266.97569045,3.05,-8.899785596915687e-05,0.91,-0.07,-0.000159333788504411,0.91,0.0145763504,1.62,2.63,5.86,0.0130617428,0.1707317073,0.1020408163,0.27,1.43,0.86,0.0096976904,1.68,-0.0019285659,0.03,0.0238094435,0.0152625581,0.01,0.16,-0.0037548204,0.89,0.11,5.09,1.26,0.95,0.0009078112,0.0054658683,0.6,-0.0085255765,-7.566842925226516e-05,S&P,0.0014571584,0.1,1.01,0.0151153623,-5.167447031623536e-06,0.0219455729,2.37,0.0028448238,3.52,-0.0001275796,0.00010502102155176417,0.0003523724,0.63,-0.18,9.879729134906897e-05,-0.21,0.0101150038,0.0087972924,1.53,1.56,0.0087527348,0.007794086,3.04,3.02,2.94,0.02,0.1,0.77,2.81,5.75,5.83,5.85
2011-06-29,1307.410034,0.1809153878,2.0,0.0082827471,0.0129443546,0.0091844578,-0.0117257881,1.5748107249,3.3182649666,2.1765273778,-0.5431527697,1288.0126482,1291.2658355,1303.81967184,1267.37802223,3.14,-8.317595401605945e-05,1.67,0.48,0.00021506961894200415,1.96,0.018780414,1.7,3.33,5.89,0.0113717119,-0.0208333333,0.049382716,0.74,0.75,1.32,-0.0036389726,0.38,-0.0009275004,0.02,-0.0069766669,0.004096248,0.01,3.32,-0.0145665682,1.78,0.11,5.13,0.63,2.62,-2.71786328713e-05,0.0090436716,0.47,0.0230146681,-3.4756212369478845e-05,S&P,0.0210985813,-5.773785866485608e-05,2.88,0.0031933844,0.00011431567568096726,0.0077860483,-0.96,-0.0045634311,-0.84,0.0054978803,8.103544592390412e-05,-0.0111332897,1.45,0.19,-2.940799522826141e-05,1.49,0.0060687904,0.0172527949,1.82,0.44,0.0065074834,0.0154502592,3.13,3.12,3.03,0.01,0.1,0.76,2.75,5.78,5.87,5.88
2011-06-30,1320.640015,-0.0338214254,3.0,0.0101192286,0.0082827471,0.0129443546,0.0091844578,2.893651344,4.1809977101,2.4546171451,0.5864757221,1293.94489671,1294.0633764,1304.47929315,1267.90799231,3.18,8.224511096083747e-06,1.28,1.39,-8.936927593658743e-05,-0.17,0.0147748683,1.76,0.07,5.9,0.0110104647,-0.0425531915,0.0352941176,-0.79,0.86,0.43,0.004879652,0.79,7.73634535047e-05,0.03,0.0148321228,0.0120526001,0.01,0.18,-0.0037213149,0.94,0.1,5.14,1.04,-0.32,0.0152720718,0.001518327,0.48,0.0121136709,-5.177399246106186e-05,S&P,-0.0003562879,-0.0909090909,1.47,0.0091594426,5.996513315452542e-07,0.0140809595,1.37,-0.0013629166,-11.06,-0.0017330311,-3.1315788998218973e-05,0.0123119767,0.31,0.96,-1.920969148464242e-05,0.18,0.0031669282,0.0112556238,1.54,1.18,0.0161639017,0.0153176563,3.17,3.15,3.08,0.02,0.09,0.76,2.72,5.8,5.87,5.89
2011-07-06,1339.219971,-0.0424815706,2.0,0.0010015592,-0.001336179,0.014409702,0.0101192286,3.2814768257,3.3731590655,3.9872018293,4.2243242869,1314.27787438,1305.69514404,1308.3740527,1270.00678642,3.12,4.1705980187258075e-05,-0.35,-1.3,-0.00013305923124864953,0.11,-0.004395762,1.66,0.01,5.85,-0.0009696339,-0.0227272727,-0.0235294118,0.87,-0.07,0.06,0.0066679793,0.32,0.0001546551,0.01,0.0115251244,0.0029195582,0.01,1.44,0.0020774904,-0.27,0.06,5.08,0.29,1.18,-0.0101283169,0.0046906515,-0.73,-0.0114549844,0.00013515972639264223,S&P,-0.0105559113,-0.25,-0.28,0.0042893289,-1.2943859057920798e-06,-0.0003676226,-3.35,-0.0016281732,-1.75,-0.0036663229,-2.3165911183695755e-05,-0.0020860304,1.2,-0.17,-5.400674378543029e-06,0.38,-0.0010351966,-0.0011089544,-0.53,0.14,0.000525105,-0.0035026723,3.11,3.11,3.06,4.7760775218373764e-05,0.05,0.77,2.73,5.79,5.84,5.84
2011-07-07,1353.219971,0.1417825649,3.0,0.0104538465,0.0010015592,-0.001336179,0.014409702,3.5038691618,5.133859194,6.9384017913,5.7566592113,1321.35825558,1310.22131803,1310.13271616,1270.83477831,3.17,0.0001595016574876958,0.9,0.34,0.00011386946681256769,0.59,0.0047003975,1.74,4.37,5.86,0.0094860477,0.1395348837,0.0481927711,0.2,1.2,0.76,0.015465133,1.55,-0.0003092624,0.03,0.0167109761,0.0136343045,0.03,1.72,-0.006737846,0.64,0.07,5.07,0.89,1.45,0.0005608473,0.0119053316,0.3,0.0187376475,3.7640588441855856e-05,S&P,0.0192033777,0.1666666667,2.43,0.0152384621,3.0605945609604512e-06,0.0096849454,-1.99,0.0036076872,1.78,-0.0017415247,8.936720040832836e-05,-0.0057683811,-1.5180007923686676e-05,0.67,-1.377635691216158e-05,0.31,0.0054773499,0.00541636,0.47,1.69,0.0131233603,0.0086125367,3.14,3.14,3.1,-5.382469560661012e-05,0.04,0.79,2.69,5.79,5.83,5.83
2011-07-12,1313.640015,0.0899067574,1.0,-0.0044335122,-0.0180905329,-0.0069611166,0.0104538465,-1.8118209338,2.6201108998,2.7597883549,3.2873937906,1322.40847326,1313.96341227,1311.84158496,1272.45166156,2.92,0.00013820813471592615,-0.9,-3.4,4.233768625260564e-05,-0.65,-0.0087694827,1.47,0.44,5.69,-0.0043725419,-6.702735415652097e-05,-0.0134228188,0.84,-0.59,-0.48,-0.0007062683,-0.52,-0.0007576929,0.03,-0.003379572,-0.0073895869,0.01,-0.17,-0.0024788267,-0.83,0.07,4.87,-0.61,1.03,-0.030610966,-0.0062103363,-0.41,-0.0010144814,-8.860458061075386e-05,S&P,-0.0072490395,-0.00022722857839985733,0.5,-0.0045228281,-0.00011272214215108204,-0.0001221367,1.05,-0.0121061152,4.6,0.0006367821,-0.0001346921281209125,-0.0171655914,-1.59,-0.54,-9.541028621076097e-05,-2.57,-0.0035676826,-0.0077604319,-0.98,-0.95,-0.013419217,-0.0101531729,2.91,2.89,2.85,0.02,0.06,0.82,2.77,5.62,5.66,5.68
2011-07-13,1317.719971,-0.0396911935,2.0,0.0031058402,-0.0044335122,-0.0180905329,-0.0069611166,-1.6054121403,1.6233834581,1.71359382,2.3177786668,1321.5560183,1314.32117977,1312.07210991,1272.9020925,2.92,0.00018268181179607762,0.45,1.53,2.6071368808061805e-07,3.43,0.0050740046,1.45,0.87,5.68,0.0065972726,0.00015881449215439272,-0.0136054422,0.96,0.11,1.54,0.0120706915,0.69,0.0050447997,0.01,0.0033910323,0.0053955773,0.01,7.07,-0.0094222406,1.31,0.05,4.86,0.1,5.59,0.0121736949,0.0107465987,1.47,0.0058390456,-0.00011308599100084792,S&P,0.0051114277,-0.2857142857,0.3,0.0086891064,8.808914384319182e-05,0.0072048358,1.62,-0.0050178143,7.27,0.0156996,8.221671377006451e-05,0.0148458251,0.3,-2.61,-0.00014229179292724232,0.81,0.0089511862,0.0130649776,0.52,4.538949494789483e-05,0.0070729601,0.0063724488,2.91,2.91,2.87,0.0001983987212153206,0.04,0.82,2.76,5.63,5.67,5.67
2011-07-14,1308.869995,0.0735182558,3.0,-0.006716128,0.0031058402,-0.0044335122,-0.0180905329,-3.2773663521,0.1116681808,1.6882374681,3.4336385935,1319.24946861,1313.80201931,1311.94653677,1273.25998208,2.98,1.2399920683964603e-05,-0.84,0.36,6.314275994517359e-05,-0.68,-0.0110827966,1.51,-0.39,5.74,-0.0067504879,0.027027027,0.0413793103,0.32,-0.42,-0.42,-0.0006982599,-1.4,-0.0093768765,0.01,-0.0060082616,-0.0122456134,0.01,1.42,0.0029267273,-0.62,0.05,4.92,-0.35,-0.08,0.0006073987,-0.0146135597,-0.27,0.0184250131,-7.822704110832815e-05,S&P,-0.0090810022,0.00010667394906869366,-0.5,-0.0163205493,-7.73052691099611e-05,-0.0029098568,-0.57,0.0032945008,-1.13,-0.0011788609,-1.1146816395822859e-05,0.0053543717,-0.2,0.48,-3.591999114149023e-05,-0.16,0.0004436936,-0.0073102411,-1.13,-0.45,0.0010805511,-0.010056871,2.97,2.97,2.93,-0.00016250104588208045,0.04,0.82,2.76,5.69,5.73,5.73
2011-07-19,1326.72998,0.045272646,1.0,0.0163087081,-0.0081298903,0.0055544248,-0.006716128,0.9964651541,-0.833409944,3.6426845461,3.7837538383,1318.17679078,1314.49498505,1312.43293031,1274.52725275,2.91,1.93765422544824e-05,0.46,0.3,-8.275622488071815e-05,1.15,0.0121181881,1.45,0.87,5.69,0.0146087718,0.0540540541,6.300319256907243e-05,-1.06,1.6,1.17,0.008159363,1.94,-0.0008347762,0.03,0.0357277548,0.0222088491,0.02,-0.3,-0.0097977903,0.9,0.07,4.84,1.45,-3.82,0.0044783999,0.0308703211,0.32,0.0140596779,-1.7150387866717013e-05,S&P,0.0569196822,0.1666666667,1.46,0.0228562627,0.00010219283960253891,0.0118571685,-0.29,0.0009613662,1.01,0.0049058681,3.4900582064100716e-05,-0.0069958327,-0.48,0.97,9.860910592585876e-06,0.05,-0.0055149057,0.0119233195,1.34,2.09,0.0158556033,0.0064664505,2.89,2.88,2.84,0.01,0.05,0.85,2.78,5.62,5.66,5.67
2011-07-20,1325.839966,-0.1247920829,2.0,-0.0006708328,0.0163087081,-0.0081298903,0.0055544248,0.6162155222,-0.999089417,2.2496025211,2.3403687733,1319.57009536,1315.57545943,1312.95869641,1275.03782701,2.96,4.0873240333730185e-05,0.99,0.57,-6.958635778191662e-05,0.3,0.0161436955,1.49,0.93,5.76,0.0033255309,0.0256410256,0.0275862069,0.87,0.0001498024863715865,0.14,0.0266684501,-0.07,-0.0025837794,0.02,-0.0174292659,-0.0043481171,0.01,-1.65,-0.0037894737,0.4,0.08,4.91,-0.00010074934539810121,2.87,0.0046245644,-0.0115105706,0.45,0.0141124044,3.560430884406248e-05,S&P,0.0102077086,0.1428571429,-0.72,-0.0027317438,-2.028578240821038e-05,-0.0039458808,-0.73,-0.0047013751,-1.89,0.0013738528,1.9200518870209662e-05,-0.000993153,1.31,-0.24,0.00013610951808333882,1.69,-0.0071942895,0.0039887749,1.49,-0.3,0.0113025296,0.0110189646,2.95,2.94,2.88,0.01,0.07,0.85,2.8,5.68,5.74,5.75
2011-07-21,1343.800049,0.284016648,3.0,0.0135461922,-0.0006708328,0.0163087081,-0.0081298903,2.6687183703,-0.6961116597,2.7833666603,4.4020101418,1323.97554148,1318.26351558,1314.16816122,1275.72202822,3.03,-6.107078677639544e-05,1.06,0.01,-3.21699844395319e-05,0.65,0.0165530018,1.56,-0.54,5.8,0.0156511442,6.237431993545103e-05,0.0469798658,-0.76,1.61,0.87,0.0010080796,1.31,0.000744567,0.05,0.0014782336,0.0071777901,0.04,-1.54,-0.0027789518,1.04,0.09,4.96,1.46,-1.99,-0.0007453473,-0.0108559312,1.43,0.0324707527,6.518899991250136e-05,S&P,0.0236933093,0.125,-1.13,0.0107167536,-2.413611125786164e-05,0.0206481865,-2.33,-0.0021585952,-0.96,0.0101526864,3.561020970535076e-05,-0.0101320534,-0.1,-0.6,5.141499428483597e-05,-0.55,0.0034722676,0.0095245598,1.69,1.19,0.0196912709,0.0078752432,2.99,2.98,2.94,0.01,0.05,0.84,2.77,5.71,5.75,5.76
2011-07-26,1331.939941,0.1329303428,1.0,-0.0041049721,-0.0056430134,0.0009078516,0.0135461922,0.3926918875,1.3930700794,-0.4439907897,4.0496809602,1329.98649842,1323.30354377,1316.85839623,1277.56518958,2.99,-2.1931819371204953e-05,0.01,1.05,-8.53562269966369e-05,1.03,-0.0065801955,1.51,0.29,5.75,-0.0030990336,-0.0238095238,-0.0258064516,0.29,-0.54,0.99,0.0123212475,-1.06,-0.0010086903,0.07,0.0060910068,-0.000999046,0.07,0.84,-0.0038338456,-7.404664432460428e-05,0.11,4.88,-0.94,1.34,0.0125056027,0.0032319452,0.95,-0.005996642,4.814901535741101e-05,S&P,0.0006907772,0.1,1.64,-0.0079023416,-2.780365073463706e-05,-0.0023648693,-0.36,-0.0049297827,0.65,0.0089197036,0.00012003226059780053,0.0053109459,0.6,-0.5,-3.986012778202008e-05,0.82,-0.0049811623,0.0006685451,-0.58,-3.005213550901923e-05,-0.0210970475,0.0007426443,2.92,2.92,2.88,-0.00012207808013121717,0.04,0.87,2.76,5.64,5.68,5.68
2011-07-27,1304.890015,-0.1317702549,2.0,-0.020308668,-0.0041049721,-0.0056430134,0.0009078516,-1.5801266772,-0.9736481409,-2.5634292158,0.6339292743,1325.42350143,1321.54987436,1316.38904795,1277.83707839,3.01,-0.00011863377597822798,-1.11,-0.05,2.3946395101914518e-05,0.08,-0.0142057871,1.56,-0.72,5.74,-0.0214194708,0.0731707317,0.0331125828,-0.36,-2.05,0.72,-0.0268213599,-2.96,0.000838835,0.08,-0.0267094017,-0.0264686556,0.08,-0.34,0.0060220526,-1.36,0.12,4.88,-1.51,-1.59,-0.0013463812,0.0389392626,-1.01,-0.0185811057,-1.9643514539231024e-05,S&P,-0.0134621682,0.0909090909,-0.74,-0.029460601,-0.00012113323922429256,-0.0125637663,-0.00011487009620807408,0.0002053418,1.12,-0.0060087556,8.701064635871741e-05,0.0075715383,-0.69,-0.02,-9.669679536024319e-05,0.24,-0.0104671575,-0.0131669739,-1.46,-2.71,-0.0242455832,-0.0123277897,2.93,2.93,2.89,6.857280348313518e-05,0.04,0.86,2.73,5.62,5.66,5.66
2011-07-28,1300.670044,0.4233236755,3.0,-0.0032339668,-0.020308668,-0.0041049721,-0.0056430134,-3.2095552484,-0.6264908686,-3.8833248198,-0.5155222788,1320.92287281,1319.56131909,1315.77261642,1278.06427208,2.98,0.00010827838075934264,0.15,0.4,0.0001811638540655148,-0.25,-0.0057337317,1.52,-0.06,5.71,-0.0035789801,-0.0454545455,-0.0256410256,0.21,-0.17,-0.21,-0.0019613515,-0.08,1.5521e-05,0.07,0.0142699963,0.0005280549,0.1,-1.91,0.0007587893,-0.81,0.13,4.84,-0.42,-1.34,0.0012887579,0.0062016447,-0.24,0.0002459307,5.228718610272008e-05,S&P,-0.0097970959,0.0833333333,0.54,-0.0014865176,-6.0582593263229447e-05,-0.0222062063,-2.88,-0.0025663673,-0.36,0.0025209266,-0.00019349951758949706,-0.0054029325,-1.39,0.04,-6.171878405948964e-05,-1.03,-0.0022995706,-0.0086340657,-0.56,0.52,-8.679069031772235e-05,0.0028344256,2.88,2.91,2.85,-0.03,0.03,0.87,2.73,5.58,5.64,5.61
2011-08-02,1254.050049,0.0480936669,1.0,-0.0255566643,-0.0041322994,-0.006450533,-0.0032339668,-5.8478531653,-5.4781253228,-4.5362477787,-6.2658800256,1300.22265902,1308.38435209,1311.41533368,1278.05141033,2.66,0.0002339784647292501,-1.15,-1.32,6.149386852948272e-05,-1.54,-0.0181881549,1.23,-0.3,5.4,-0.025985824,-0.1315789474,-0.0681818182,2.45,-2.54,-1.75,-0.0197605374,-3.34,0.000560259,0.06,-0.0172350935,-0.027461138,0.05,1.99,0.0065006438,-2.6,0.13,4.44,-1.96,3.95,-0.0106739736,-0.0434665177,-0.41,-0.0148367709,-4.509341733712955e-05,S&P,-0.0268528464,-0.1875,-0.34,-0.0325912427,-0.00013490513658853396,-0.0221105784,-0.79,-0.0016137361,5.05,-0.0018719473,4.189825438528518e-05,-0.0090702273,-1.4,-2.35,0.00014172748774506948,-2.69,-0.0152150899,-0.0226100708,-1.7,-2.46,-0.0422927124,-0.0096979774,2.61,2.6,2.53,0.01,0.08,0.96,2.74,5.27,5.34,5.35
2011-08-03,1260.339966,0.2382982892,2.0,0.0050156826,-0.0255566643,-0.0041322994,-0.006450533,-3.4140845962,-4.940264412,-4.354491566,-5.88999617,1292.97126029,1303.80869627,1309.41237809,1277.87517706,2.64,-0.00011695131084582378,-2.2,-1.96,1.8880450744275836e-05,0.25,-0.0192603298,1.25,-2.77,5.36,0.0027094317,1.6035080618091184e-05,0.0162601626,0.09,0.58,-0.13,0.0094109332,0.67,-0.0003421888,0.02,0.0044776494,0.0089276641,0.01,4.16,-0.0004160166,-2.6,0.08,4.42,0.12,2.15,-0.0191218688,-0.008219131,0.93,0.0015060743,4.0180426928302625e-05,S&P,0.0044149742,-0.3846153846,-1.57,0.0075227428,4.923674251383932e-05,-0.0015415597,-1.56,-0.0028835457,-1.47,0.0095480656,0.00010891268561335484,-0.0002888582,-1.83,0.61,-1.9329937903959142e-05,-3.13,-0.0003153082,-0.0229757099,-2.08,0.62,0.0151074965,-0.023415624,2.63,2.62,2.56,0.01,0.07,0.94,2.72,5.28,5.34,5.35
2011-08-04,1200.069946,-0.3382085144,3.0,-0.0478204466,0.0050156826,-0.0255566643,-0.0041322994,-7.7344825818,-10.6957953385,-8.3125176233,-11.3174523198,1276.08011223,1293.92881529,1305.12443957,1277.10099565,2.47,-0.0001281042419809708,-3.26,-1.05,-2.7504403180002896e-05,-4.12,-0.0389557692,1.12,-5.28,5.24,-0.0540926352,-0.1818181818,-0.104,-0.77,-4.44,-2.76,-0.0387192167,-5.77,0.0001244749,0.02,-0.0364041233,-0.0507525506,0.01,-5.58,0.0203932993,-3.43,0.05,4.31,-3.78,-6.88,-0.0049098277,-0.0403886965,-1.51,-0.0496241579,7.984356665500405e-05,S&P,-0.0571428226,-0.375,-2.06,-0.0594995203,7.607808978409764e-05,-0.0499228635,-3.64,0.0282446442,-4.52,-0.0120633171,8.136540215110211e-05,0.0020735437,0.21,-0.77,-1.9073692083172674e-05,-2.06,-0.0247595017,-0.034007533,-4.02,-4.04,-0.0572409878,-0.0342734179,2.46,2.45,2.42,0.01,0.04,0.93,2.77,5.19,5.22,5.23
2011-08-09,1172.530029,-0.0950194062,1.0,0.0474068478,-0.0666344642,-0.0005749173,-0.0478204466,-6.5005395969,-11.9682507516,-11.6225572139,-10.7419067925,1224.61855892,1259.96227645,1289.10125119,1273.74949881,2.2,4.48241416941934e-05,1.76,-4.72,0.00010358131173362255,2.3,0.0163190081,0.91,-1.13,5.21,0.0525045516,-0.2962962963,-0.1801801802,1.55,5.44,1.59,0.0588884679,7.39,-0.0006692295,0.03,0.0449346405,0.0529459268,0.02,-3.8,-0.012215033,-0.36,0.06,4.24,4.36,-3.44,-0.0566051152,0.0588022673,1.36,0.0687023174,-5.9201194839844363e-05,S&P,0.0806803751,-0.1428571429,0.23,0.0694358324,-0.00013819077347137685,0.0206581701,1.5,-0.0068956114,4.76,-0.0003265903,-1.0657289219939525e-05,-0.0002951739,-1.32,-4.14,1.6429318366541512e-05,-3.81,0.0176701901,-0.0010450211,1.6,5.74,0.0343486714,0.0189188996,2.18,2.17,2.14,0.01,0.04,0.97,3.01,5.15,5.18,5.19
2011-08-10,1120.76001,1.1203172403,2.0,-0.0441524035,0.0474068478,-0.0666344642,-0.0005749173,-11.0747861502,-14.1107681784,-15.4679268433,-14.9470270873,1205.73518639,1246.70491774,1282.49963389,1272.22721534,2.17,-7.901978225911661e-05,-3.29,1.03,2.407616011414966e-05,-3.16,-0.0545307284,0.93,4.01,5.2,-0.0216036015,-0.00011683409459674762,0.021978022,2.93,-4.12,-1.8,-0.0275928317,-4.67,-0.0020713285,0.02,-0.0539483581,-0.0408737775,0.02,3.82,0.0155086216,-5.58,0.06,4.21,-4.19,4.25,0.0234327118,-0.0534399104,-1.36,-0.0557693101,-1.2363088766864403e-05,S&P,-0.0766748153,4.0980923847244694e-05,-2.07,-0.0516403591,-3.947251826073126e-05,-0.0503908438,0.23,-0.0037767682,0.24,-0.0120565302,6.200861453824225e-05,0.0091469977,0.22,0.41,-9.159344662367469e-05,-0.52,-0.0321543403,-0.0513192575,-5.54,-3.25,-0.0545112782,-0.0305329648,2.15,2.15,2.11,0.00013934571207406614,0.04,0.99,3.03,5.14,5.18,5.18
2011-08-11,1172.640015,-0.2656439627,3.0,0.0462900215,-0.0441524035,0.0474068478,-0.0666344642,-2.285694354,-9.8433903041,-12.7370165024,-10.4082132313,1199.7178825,1239.65111748,1278.19141354,1271.23629792,2.34,-6.018906056590155e-05,3.12,-1.02,1.7172813621040056e-05,2.28,0.0288612091,1.02,1.26,5.49,0.0220158506,-0.00025428087209625265,0.0967741935,-1.51,4.01,1.67,0.0275234399,4.48,-0.0039795871,0.03,0.0409090892,0.0468826277,0.01,-1.7,-0.0097458053,3.62,0.08,4.46,3.35,-1.45,-0.0095295412,0.0217895013,0.49,0.0675007293,3.782407152310381e-05,S&P,0.0616259642,0.3333333333,3.09,0.054043398,9.530382039277981e-05,0.0521829054,2.62,0.0013157805,2.72,0.0068159356,-6.750653608188665e-05,0.0126833266,-0.44,5.01,-7.632521999044845e-06,0.68,0.0538205639,0.0328213881,2.8,3.5,0.0390987409,0.0310751725,2.33,2.31,2.26,0.02,0.07,1.03,3.15,5.41,5.46,5.48
2011-08-16,1192.76001,0.1869361199,1.0,-0.009738545,0.0217846215,0.0052616693,0.0462900215,1.7253273264,-4.8873678566,-10.449414926,-10.0977570432,1196.61796119,1227.41229006,1268.46662337,1268.896452,2.23,-4.367082091507556e-05,0.31,-0.33,3.795824072223582e-05,1.1954389246015475e-06,-0.0025192978,0.95,-0.4,5.35,-0.0117898098,0.0526315789,-0.0404040404,1.18,-0.52,-0.31,-0.0076419602,-1.07,-0.0010501074,0.03,-0.0062720502,-0.0124256421,0.02,1.33,0.0014265335,-0.46,0.07,4.31,-0.14,0.03,-0.0023701528,-0.025967007,-0.26,-0.0230477759,6.62645764735391e-05,S&P,-0.018785012,-0.125,-0.94,-0.0193006066,0.00014509881292239137,-0.0106340152,-2.29,-0.0011191828,2.15,0.0033540991,6.123461302545033e-05,-0.007082464,0.11,1.48,4.726433830846935e-05,4.95,-0.0035608456,-0.0045398939,-0.23,-0.34,-0.0146430149,0.0013082645,2.21,2.2,2.16,0.01,0.05,1.04,3.12,5.28,5.32,5.33
2011-08-17,1193.890015,-0.1347227699,2.0,0.0009473867,-0.009738545,0.0217846215,0.0052616693,6.5250369702,-5.2723830707,-8.5064640486,-9.9521778181,1196.12197097,1224.21969243,1265.54205049,1268.15011929,2.17,-0.00014865394930761844,-0.36,0.31,5.054725729778701e-06,0.41,0.0072550022,0.92,1.03,5.28,0.0033064763,-0.05,-0.0315789474,0.13,-0.19,0.62,-0.0001051251,-0.5,0.0006589682,0.01,-0.0039447732,-0.0047434945,0.01,1.33,-0.0028490028,-0.72,0.06,4.37,-0.05,0.8,0.0038070905,-0.0088526915,0.11,0.0149875386,9.543066945675046e-05,S&P,0.0134419557,-0.1428571429,0.88,-0.0010357866,0.0001241016205495827,0.0089796463,0.03,-0.0026969409,-0.02,0.0060872654,-0.00010170382293669359,-0.0026474657,-0.33,-0.63,0.00015805020484009494,0.23,-0.0015537445,-0.0076665102,0.76,-1.08,0.0049535604,-0.0048529191,2.16,2.16,2.11,8.974033290126072e-05,0.05,0.91,3.11,5.22,5.27,5.27
2011-08-18,1140.650024,-0.2628624947,3.0,-0.0445937149,0.0009473867,-0.009738545,0.0217846215,-2.7280316713,-4.9513715595,-12.3028911705,-15.1175783295,1186.03616243,1216.26067639,1260.64432396,1266.88146163,2.08,5.486356839764111e-05,-4.68,-1.05,1.092886171981146e-05,-2.22,-0.0547883885,0.9,-3.26,5.2,-0.0457652694,0.0526315789,-0.0217391304,2.0,-3.91,-1.46,-0.0378246185,-5.22,0.0015209006,0.01,-0.022970297,-0.0521804072,0.01,0.52,0.0107959184,-6.04,0.05,4.27,-3.2,1.02,-0.013443707,-0.0684427575,-0.65,-0.0377358764,-0.0002192371491846297,S&P,-0.0466237961,-0.1666666667,-1.59,-0.0589747842,8.875392836378874e-05,-0.0434196579,-1.04,0.0011758005,-2.67,-0.0019974657,0.00010539744681404635,-0.0160649248,-1.11,0.48,-1.472650530318636e-05,-1.85,-0.0171179889,-0.0581851791,-5.29,-4.29,-0.0548367221,-0.0449020742,2.07,2.07,2.03,-1.4333626071806245e-05,0.04,0.93,3.12,5.15,5.19,5.19
2011-08-23,1162.349976,-0.0778274034,1.0,0.0342848782,0.0002580412,-0.0150089814,-0.0445937149,-2.5495517745,-0.8682125616,-7.3123136571,-12.7325534568,1164.86646928,1195.93150373,1246.67082747,1263.03387591,2.15,-7.837317499973664e-05,0.62,1.73,3.420657606040379e-05,1.2,0.0108181299,0.95,0.88,5.34,0.0328007717,7.724424777160463e-05,0.0106382979,-3.58,3.14,1.23,0.0481427945,4.94,-0.00078125,0.01,0.0308590075,0.0429270229,0.01,-2.4,-0.0025242326,0.89,0.04,4.33,2.71,-4.16,0.0199447204,0.0901769214,0.54,0.041005657,-0.00018263675532752816,S&P,0.045871649,-5.8070307702296644e-05,0.96,0.0487149241,2.0866638818998124e-05,0.0495868339,2.67,-0.0022386115,2.36,0.0019470365,-9.817195050415419e-05,0.0151661698,1.39,0.46,0.00013674403505641665,3.26,0.0265444774,0.0107056002,1.23,3.91,0.0284579749,0.0066924613,2.14,2.14,2.11,8.840407293662752e-05,0.03,1.01,3.19,5.3,5.33,5.33
2011-08-24,1177.599976,0.0602692508,2.0,0.0131199727,0.0342848782,0.0002580412,-0.0150089814,-1.3644505604,5.0715555063,-6.5648945707,-9.7548481126,1167.18165232,1194.18564395,1243.96216663,1262.18378736,2.29,-7.38674245015904e-05,1.42,-2.13,-7.735141781832216e-05,-0.41,0.0178901785,1.05,0.77,5.5,0.0088132668,0.0454545455,0.1052631579,-4.32,1.17,-0.48,0.006905811,0.95,-0.0010946052,0.02,0.0072815941,0.0088427436,0.02,-7.39,-0.0004048993,2.69,0.04,4.47,1.14,-5.34,-0.0205649987,0.0009299561,-0.17,0.0301898514,5.97507625988179e-05,S&P,0.0204677936,1.76347475291337e-05,0.08,0.0139077985,0.00023365567111894163,-0.0016291473,-1.78,0.0051264933,-1.11,-0.0077590706,9.067849167469372e-05,-0.0050618178,-0.92,0.38,8.016291699218856e-05,-1.19,0.0086193319,0.0268781606,1.57,0.71,0.0115830116,0.0149140253,2.27,2.27,2.25,-4.1296626962990185e-06,0.02,1.03,3.21,5.46,5.48,5.48
2011-08-25,1159.27002,0.0814834883,3.0,-0.01556552,0.0131199727,0.0342848782,0.0002580412,1.6324021925,-1.1401619277,-3.3997956649,-10.8713216432,1165.74317372,1190.86034643,1240.64090597,1261.15976977,2.23,2.053084056832489e-05,-1.28,1.89,9.563234937808588e-05,0.27,-0.0065455395,0.98,0.43,5.48,-0.0169748049,-0.0434782609,-0.0666666667,1.17,-1.24,-0.39,-0.0065394303,-2.03,0.000313087,0.01,-0.013253012,-0.019475728,0.01,4.28,0.0006075949,-1.48,0.03,4.45,-1.22,3.71,0.0146758361,-0.0087750841,-0.23,-0.0030700808,-3.920823481141187e-05,S&P,0.013507982,-0.25,2.05,-0.0262067716,2.8722408304576016e-05,-0.0240685882,0.23,0.0049575876,1.04,-0.0053084587,-0.00012678001447774057,0.0291882188,1.39,-0.3,-3.7478880561126676e-05,0.6,-0.0149549216,-0.0170636463,-0.54,-1.31,-0.0171755725,-0.0143682755,2.22,2.22,2.2,-0.00015001328522824055,0.02,1.03,3.25,5.45,5.47,5.47
2011-08-31,1218.890015,0.1520523469,2.0,0.0049219823,0.0023470251,0.0282800014,0.0151216099,3.5062873507,2.0939952329,8.7556661662,-3.2887912879,1188.92172608,1195.93729736,1235.41672847,1258.95116943,2.23,-1.3632174291922402e-05,2.47,1.83,-1.0880046218798627e-05,-0.05,0.0307050644,0.96,0.73,5.48,0.00862676,-1.6482896372771455e-05,0.0212765957,-0.63,1.08,0.15,-0.0132310575,0.57,-0.0003604846,0.02,0.0141059855,0.0013003536,0.01,0.73,-0.0006131208,2.59,0.05,4.41,0.97,0.51,0.0163669029,0.0204342786,-0.46,0.0134916348,7.343373207469261e-05,S&P,0.0275590551,-1.2115627600803604e-05,1.55,-0.0017443399,2.2226083533108128e-05,0.0014882018,3.71,0.0003781828,0.29,-0.0034456264,0.00013445359667506982,0.0002903134,0.11,-1.85,-9.09198872070955e-06,1.85,0.0004562263,0.024970265,3.04,0.62,0.0117864757,0.0238768198,2.22,2.21,2.18,0.01,0.04,1.07,3.25,5.43,5.46,5.47
2011-09-01,1204.420044,-0.0925293859,3.0,-0.0118714329,0.0049219823,0.0023470251,0.0282800014,3.8946943526,5.590673621,2.7101266027,0.3624870379,1191.73960207,1196.74517799,1234.20117222,1258.40857117,2.15,-0.00013265954446889158,0.14,-0.34,-0.00011321711396153407,0.04,0.0027849974,0.9,-0.49,5.38,-0.0112813197,-0.05,-0.0625,0.07,-1.35,0.21,-0.0098745053,-2.38,0.0004703669,0.02,-0.0146616917,-0.0129561701,0.02,-0.52,-0.0020449898,-1.18,0.05,4.33,-1.19,-0.07,0.0024582829,-0.0124982718,-0.83,-0.0335463782,-1.5910772235820092e-05,S&P,-0.0333333333,-6.863327964629678e-05,-1.05,-0.0246144316,1.4687182856492956e-05,-0.0071602137,-0.1,0.0016942264,-2.92,-0.0039011928,5.5550800420585926e-05,-0.004400701,1.12,-1.34,-4.244296149033345e-05,-0.02,-0.007142872,-0.0093727952,0.34,-1.05,-0.0067442064,0.0044860868,2.13,2.13,2.1,-8.064798524014771e-05,0.03,1.05,3.23,5.33,5.36,5.36
2011-09-07,1198.619995,-0.1298868726,2.0,0.0286464636,-0.0074362899,-0.0252819381,-0.0118714329,-1.1789770538,3.1204043317,0.4912962332,2.2251000277,1186.88569648,1192.43341351,1228.02714035,1256.07228563,2.05,-0.0001432732065375115,3.16,1.52,-4.739438790628899e-05,1.08,0.0362620018,0.92,2.58,5.3,0.0289642245,0.0001357649556540943,0.0454545455,-3.03,2.96,1.57,0.0110338018,4.32,0.000312989,0.02,0.0192081537,0.0303617713,2.4875323354808073e-05,-0.59,-0.0057789452,3.9,0.06,4.17,2.58,-0.98,0.0171228533,0.0172078875,0.69,0.0412679737,-0.00015469897949491125,S&P,0.0434782191,-0.1428571429,1.86,0.0420050468,-3.094585553488599e-05,0.0351370334,0.05,-0.0040840142,-1.33,0.0023657842,-5.0267463035599106e-05,0.0184439266,1.97,-0.28,-1.7039614572482325e-05,4.33,0.0122215503,0.0407317642,3.52,2.62,0.0360655738,0.0313761052,2.05,2.03,1.99,0.02,0.06,1.13,3.25,5.24,5.28,5.3
2011-09-08,1185.900024,0.005433412,3.0,-0.0106121799,0.0286464636,-0.0074362899,-0.0252819381,-2.7065601157,0.70482746,-0.6692401226,5.8121286822,1186.7064833,1191.81118594,1226.37509657,1255.37405417,2.0,0.00024983599982451404,0.16,-0.51,-0.00013185141941114066,-0.04,0.004116305,0.88,-1.08,5.26,-0.0132981372,-0.0952380952,-0.0434782609,2.85,-1.11,-0.82,0.0005470294,-1.72,-0.0018773467,0.02,0.0084615,-0.0077679539,0.01,2.18,0.0041561662,0.1,0.07,4.13,-1.07,1.83,-0.0067428016,-0.0120054528,-1.53,-0.0376221137,-0.00014224716128887705,S&P,-0.0224358583,0.1666666667,0.32,-0.0205082507,-0.0002414594529452328,-0.0112695448,1.02,0.0026778436,-2.04,-0.0005273387,-4.951845200023936e-05,-0.0068149281,-0.57,1.84,-9.2265400395651e-05,0.07,-0.0073361302,0.0005420701,0.37,-0.24,-0.0132911392,0.0040987861,1.99,1.98,1.93,0.01,0.06,1.13,3.26,5.19,5.24,5.25
2011-09-15,1209.109985,-0.1016716332,3.0,0.0171870731,0.0134798052,0.0091200623,0.0069657175,1.9571600076,-0.8023718202,2.6757820688,1.274821785,1184.30979297,1187.23009454,1217.70040175,1251.58604122,2.09,-3.660453602272991e-05,1.9,1.23,-7.867731950266869e-05,0.55,0.032714699,0.95,2.62,5.4,0.0180549816,0.1052631579,0.043956044,-1.68,1.91,0.65,0.0094014874,1.77,-0.0012507817,0.01,0.018490566,0.0134185996,-0.00011145763441360879,-2.51,-0.0051319352,3.01,0.03,4.19,1.81,-1.97,0.0071439962,0.0189153609,0.95,0.0307927448,-8.727985112906113e-05,S&P,0.020251113,-8.037903071101136e-06,1.54,0.0133358164,0.00020872013364629203,0.0188601737,-3.99,0.000743365,-0.89,0.0014686215,0.00021318043572686227,-0.002322887,1.65,-0.74,-0.00024177694352046176,1.66,0.0105131335,0.031468973,3.48,1.69,0.0183660545,0.0211402334,2.09,2.08,2.06,0.01,0.03,1.21,3.31,5.37,5.39,5.4
2011-09-20,1202.089966,0.014437531,1.0,-0.0016610055,-0.0098025871,0.0057066976,0.0171870731,2.4913222373,3.1624366067,-0.6602861208,6.9646405795,1194.34338522,1192.3418193,1216.51422369,1250.27866684,1.95,-0.00013893693315326642,1.99,0.58,3.3923574002256134e-05,0.18,0.0149830099,0.85,1.28,5.3,-0.0024216885,0.125,-6.553235223596158e-05,1.41,-0.15,0.57,0.0044214123,-1.72,0.0005485464,0.01,-0.0084527383,-0.0086458313,9.652113211211275e-05,2.48,-0.0002818035,2.43,0.03,4.05,0.11,0.23,0.0051195593,-0.0349207743,0.15,-0.0073869494,-0.00011401258299033226,S&P,0.0139745171,-0.25,-1.48,-0.017487103,0.0003173270021591064,0.0042063095,-0.81,-0.0017364353,-0.52,0.0047362738,-8.150487093745792e-05,0.0040856435,-0.43,0.18,-5.0049191579597944e-05,0.89,0.0012473028,0.0287615591,1.43,-0.2,-0.0086525958,0.0197923977,1.95,1.94,1.92,0.01,0.03,1.25,3.35,5.27,5.29,5.3
2011-09-21,1166.76001,0.0956851986,2.0,-0.0293904425,-0.0016610055,-0.0098025871,0.0057066976,-1.844065939,-2.6580555249,-3.805694714,0.379406727,1189.32822609,1189.90545651,1214.56307806,1249.44763543,1.88,-6.986441907044296e-06,-1.77,-1.44,-2.999183698768015e-05,-2.79,-0.0161625912,0.88,-0.16,5.14,-0.0326695574,0.1666666667,0.0352941176,-1.22,-3.37,-2.19,-0.0031684291,-3.95,-0.0004542607,0.01,-0.0366938473,-0.020094682,0.01,0.85,0.0125035235,-2.39,0.04,4.04,-2.89,-0.2,-0.0100253934,-0.0059164202,-1.02,-0.0592248062,-0.00014245798331073622,S&P,-0.0389137009,0.3333333333,1.0,-0.0367707726,2.9978659136737237e-06,-0.0275638555,-1.79,0.000980932,-1.63,-0.0143611098,2.3454421186338217e-05,0.0266399256,0.35,1.49,-3.458233113296338e-05,0.92,-0.0169729054,-0.0247466413,-1.36,-2.22,-0.0411471919,-0.0140388706,1.87,1.87,1.84,-0.00012069250395718252,0.03,1.1,3.26,5.1,5.13,5.13
2011-09-22,1129.560059,0.4175889015,3.0,-0.0318831214,-0.0293904425,-0.0016610055,-0.0098025871,-6.5792133873,-4.7508191129,-7.3287954533,-4.0794767306,1178.46128662,1184.15827579,1211.22962633,1248.25472422,1.72,9.274978419963061e-07,-4.4,-4.92,-6.0798811406888154e-05,-1.66,-0.052503264,0.79,-4.41,5.04,-0.0364844461,-0.0476190476,-0.1022727273,-2.58,-2.79,-3.15,-0.0250400223,-2.54,-9.40276754792e-05,-3.943347034036749e-05,-0.0357830319,-0.0325113648,-7.521128707991653e-05,-9.6,0.0221329568,-4.9,0.03,3.84,-3.24,-9.69,-0.0484600759,-0.0372622555,-0.78,-0.0352669743,0.00020052035357136472,S&P,-0.0227751591,-0.25,-7.25,-0.0318397085,-7.890505718632007e-05,-0.037932513,-0.67,-0.0030312001,-3.7,-0.0094472602,-1.768312416935186e-05,-0.0278185497,-2.19,0.8,1.8658627119273065e-07,-3.6,-0.0191668459,-0.0496135032,-5.47,-3.16,-0.022106632,-0.0466681432,1.72,1.72,1.69,-1.6125298237030245e-05,0.03,1.2,3.32,5.01,5.04,5.04
2011-09-27,1175.380005,0.1648809636,1.0,0.0106883826,0.0233361454,0.0060820095,-0.0318831214,-2.2219602322,0.2140058157,0.8702082907,-2.867575058,1170.47783486,1177.77381902,1205.29692252,1245.59859423,2.0,0.0002013482461347542,3.84,3.49,-0.00013640628699364187,1.12,0.0573698091,0.97,3.08,5.39,0.0147403627,-8.738528195687634e-05,0.0543478261,1.39,0.95,0.58,-0.0096981347,2.24,-0.0006249024,0.01,0.0090408408,0.0119761026,-1.4606334981614791e-05,5.25,-0.0053729888,5.02,0.04,4.15,1.35,3.81,0.0415187426,-0.024537737,0.38,-0.0025276461,-0.00012734441127927379,S&P,0.0068575229,0.3333333333,4.7,0.0219494383,-0.0003189394472306042,0.016592345,1.19,0.0061831902,-0.32,0.0056151455,6.8333822088575e-05,0.0091388118,3.5,-0.69,-0.0001366036930233844,5.75,0.0180252196,0.0529186613,5.73,1.26,0.0122029544,0.0402208905,2.0,1.99,1.96,0.01,0.04,1.24,3.39,5.35,5.38,5.39
2011-09-28,1151.060059,-0.1370209422,2.0,-0.0206911347,0.0106883826,0.0233361454,0.0060820095,-1.345602426,-3.164854569,-3.9678910913,-5.1000876196,1166.94733016,1175.2296514,1203.16998669,1244.65791229,2.03,-1.92697852375275e-05,-1.09,-0.59,1.9528494872793826e-05,-2.04,-0.0091816996,0.99,-3.11,5.38,-0.0235946815,0.08,0.0206185567,-2.49,-1.77,-1.27,-0.0056354505,-3.71,-0.0006252931,0.02,-0.0035060382,-0.0216936342,-0.01,-4.48,0.013833469,-0.53,0.04,4.1,-1.29,-6.12,-0.0065905463,0.0245305732,-0.37,-0.0348432373,-0.00033913867196716334,S&P,-0.020432613,3.8843344822586995e-05,-5.63,-0.0415447861,2.4443102192129673e-05,-0.0115211076,-1.78,-0.0034891939,-3.01,-0.0040812255,-7.984334094129403e-06,-0.0095202606,0.7,0.6,-2.1807939647158042e-05,-1.45,-0.0089313695,-0.008887013,-0.99,-1.57,-0.0196700508,-0.0144500479,2.04,2.01,1.99,0.03,0.05,1.28,3.35,5.34,5.36,5.39
2011-10-11,1195.540039,-0.0050148421,1.0,0.0005440032,0.0341249851,-0.0081633091,0.0183036646,6.3695085298,1.7151928665,-0.5448782691,1.9328692947,1164.45613577,1164.96582131,1188.43272204,1236.74767393,2.18,8.349478285443777e-05,-0.25,1.52,7.380820055010928e-05,-0.5,-0.0025146375,1.14,1.63,5.5,-0.0016993816,9.099671771476486e-06,-6.780552780207247e-05,-0.74,-0.13,-0.33,0.0295259719,0.41,0.0042596829,0.02,0.0022271343,0.0066171663,0.01,0.06,0.0013052796,0.15,0.05,4.06,-0.33,0.16,0.024308499,0.0179836974,0.01,-0.00028786999894305935,0.00010970518045112355,S&P,-0.0030616151,3.482004792774475e-05,-2.2,0.0059423958,0.00022976509900267235,-0.0001311222,2.12,9.12601048129e-05,6.98,-0.0044270536,6.525254611920524e-05,0.001590338,-0.26,0.46,-4.6726536476613865e-06,1.88,-0.007294754,0.003030417,-0.25,0.52,-0.00012566975533813464,-0.0006111882,2.17,2.16,2.13,0.01,0.04,1.44,3.32,5.45,5.48,5.49
2011-10-12,1207.25,0.2103876144,2.0,0.0097947042,0.0005440032,0.0341249851,-0.0081633091,5.5260761866,4.8815820305,3.4702929183,1.5622324895,1172.23683836,1168.99288594,1189.17065451,1236.45416474,2.24,-8.555306829965137e-05,0.94,2.52,-5.446972315136194e-05,2.03,0.0241761554,1.17,0.57,5.57,0.0143033738,-0.09375,0.0263157895,0.85,0.74,1.97,0.0047466014,1.06,-0.0010211295,0.02,-0.0014815185,0.0084009674,0.01,2.2,-0.009864389,2.27,0.06,4.13,0.76,1.46,0.010355823,0.0056480466,1.04,0.0278638399,-0.00011999877308014229,S&P,0.0345490224,0.2,3.1,0.0165610034,-7.548357432318593e-05,0.0116691626,-3.51,0.0066912753,-5.11,0.0101886272,7.434638771211118e-05,0.0304378951,-0.34,-1.36,0.00012830470828518946,0.6,0.0057849125,0.0220733561,2.47,0.35,0.0161091088,0.0085437679,2.23,2.22,2.18,0.01,0.05,1.44,3.33,5.51,5.55,5.56
2011-10-13,1203.660034,-0.171620582,3.0,-0.0029736724,0.0097947042,0.0005440032,0.0341249851,3.3211210558,3.7280256037,6.5600739341,-0.4507407157,1177.95014666,1172.29451909,1189.73886547,1236.12785498,2.19,-4.3369778173972354e-05,-0.68,0.91,-1.3268767896980058e-05,-0.23,-0.0132579724,1.11,-0.22,5.48,-0.004764777,-0.0001334569970278068,-0.0512820513,-0.63,-0.02,0.34,0.0155150101,0.13,0.0036169209,0.02,0.0081602748,0.0059545558,0.02,-3.16,0.0054038121,-1.38,0.05,4.06,-0.21,-2.45,0.0233694603,-0.0027870614,-0.08,-0.0481927998,0.0001641813664338547,S&P,-0.0307977725,-0.1666666667,-2.57,-0.0022273594,1.2503959979979839e-06,-0.010238478,1.2,-0.0038870562,-0.34,-0.0001727228,9.074315814740106e-06,0.0077644789,0.69,0.4,0.0001355647436019268,0.71,-0.0015544691,-0.0132839714,-1.32,1.28,-0.0109756707,-0.0070564711,2.17,2.17,2.14,0.00010117899565633422,0.03,1.42,3.29,5.43,5.46,5.46
2011-10-18,1225.380005,0.1254377194,1.0,0.0204187168,-0.0193698834,0.0173802581,-0.0029736724,2.4959403304,9.0244279925,4.2539433874,1.9374622249,1195.65728627,1183.88794592,1192.81683307,1235.56084971,2.19,-0.00018336906752076717,-0.58,-3.59,0.00019537982792868744,0.03,-0.0078836031,1.07,0.9,5.42,0.0212932342,-4.812377476063631e-05,-0.0092592593,-0.93,2.43,1.03,0.0053572441,3.31,0.0020408163,0.04,0.0122312454,0.0162567158,0.02,0.03,-0.007100939,0.07,0.07,3.96,1.99,0.79,-0.0422554683,0.0063962489,-0.02,0.0589561192,-3.2996886225252126e-05,S&P,0.0589680999,0.1666666667,-0.5,0.0301191573,-0.00016307060710750196,0.01832965,-3.66,-0.0007028543,0.76,-0.0023092957,0.00012291118408283664,-0.023322793,-1.69,0.13,3.7361547700826495e-05,-1.6,0.009876109,0.0030685544,-0.73,1.84,0.0295747998,-0.0048375471,2.17,2.15,2.12,0.02,0.05,1.46,3.23,5.35,5.38,5.4
2011-10-19,1209.880005,0.0012850788,2.0,-0.0126491374,0.0204187168,-0.0193698834,0.0173802581,0.2178509008,5.7559656942,5.1100675017,3.6957038834,1198.24323513,1186.36338011,1193.48597706,1235.30531892,2.18,-5.188869902140114e-05,0.8,0.8,-5.03611588615712e-05,-2.34348732673836e-05,0.00517016,1.05,-2.48,5.39,-0.0138210223,0.00013943201153357625,-0.0186915888,-0.81,-1.35,-0.29,-0.0559397712,-2.03,-0.0003133323,0.03,-0.0065909926,-0.0200907999,0.01,-1.73,0.003398546,0.78,0.06,3.97,-0.71,-3.28,0.0128764013,-0.0506396824,0.12,-0.0188621545,2.948391916170336e-05,S&P,-0.0262954746,-0.1428571429,-3.04,-0.0211041693,7.250751812712843e-05,-0.0058308912,0.93,0.000299608,-2.01,0.004354275,4.469959692241609e-05,-0.0025060547,0.46,0.38,8.259320800070248e-06,1.67,-0.0276311558,0.0061455008,0.49,-1.94,-0.0113703777,0.0074116699,2.17,2.15,2.12,0.02,0.05,1.42,3.21,5.33,5.36,5.38
2011-10-20,1215.390015,0.0049315057,3.0,0.0045541789,-0.0126491374,0.0204187168,-0.0193698834,0.9745260845,4.3280123312,4.7388822701,7.5985296502,1201.36083147,1189.12782153,1194.34495894,1235.10715669,2.2,-5.1644118464989665e-05,-1.18,-1.36,5.2966385498992585e-05,0.05,-0.0232062489,1.07,1.26,5.4,0.0046462609,-3.577086050262403e-05,0.019047619,-1.38,0.29,0.04,-0.0083036101,-0.29,-0.0013007366,0.03,-0.0033172873,-0.0020813513,0.02,-3.15,-0.0023463808,-2.31,0.06,3.98,0.24,-1.55,-0.0178118501,0.0089837257,0.15,0.0272868527,-0.00017335242777963766,S&P,0.0230341541,5.604549377671325e-05,-6.15,0.0029522992,-8.793100888599426e-06,0.0035700497,1.23,0.0007812239,2.25,0.0012004741,9.922537713891931e-05,-0.0194093644,-1.37,-1.06,-1.3619668989797376e-05,-3.49,-0.0017560664,-0.0248666719,-2.3,-0.73,0.0066585351,-0.0120722512,2.18,2.17,2.14,0.01,0.04,1.42,3.2,5.34,5.37,5.38
2011-10-25,1229.050049,0.0381934292,1.0,-0.0200447246,0.0128729586,0.0188087649,0.0045541789,0.2995025204,2.8029182551,9.3509589023,4.5661865756,1218.74400174,1202.36582918,1199.55014478,1235.26552891,2.14,-0.00016906268691574115,-0.51,0.84,0.00021514997377988605,-1.11,-0.0143364372,1.01,-0.48,5.28,-0.0194511471,-0.1333333333,-0.0818181818,3.19,-1.8,-0.41,-0.0197155996,-2.57,-0.0018814675,0.01,-0.0139757994,-0.0226046959,0.01,4.47,0.0131565833,-0.25,0.06,3.87,-1.38,4.73,0.0104613672,-0.0440217455,-0.14,-0.0312409025,-2.2932128733171628e-05,S&P,-0.0365762066,-0.00010584020520159416,-0.81,-0.0304063749,0.00011598789940065527,-0.0091056008,1.5,-0.0003021463,-1.09,0.0001118983,-0.00019183746450676914,0.0165964491,-0.79,-0.14,-0.00012926635182526462,-0.4,-0.0160667998,-0.0014070421,-1.48,-2.23,-0.0139818836,-0.0040734842,2.13,2.13,2.08,-1.0779966848326165e-05,0.05,1.41,3.14,5.22,5.27,5.27
2011-10-26,1242.0,0.0893077066,2.0,0.010536553,-0.0200447246,0.0128729586,0.0188087649,2.6548083171,2.8784427418,8.5635838673,7.9005383159,1222.97236506,1206.14051211,1201.21484498,1235.33253858,2.23,-1.8035734350734724e-05,0.48,0.12,-0.00010537946925298962,0.52,-0.0014711705,1.09,-1.81,5.33,0.0142322176,0.0769230769,0.0792079208,1.2,1.06,-0.26,0.0071146691,1.46,-0.0018850141,0.02,-0.0082058563,0.0046429304,0.01,0.78,-0.0122970979,-0.57,0.06,3.95,1.2,0.6,0.0051844586,-0.1265683503,-0.03,0.0206031042,-0.00015215395743674168,S&P,0.0082192175,2.0413902921293495e-05,2.02,0.0189168353,2.057226559337448e-05,0.0205186047,-1.86,0.0009853894,-2.2,-0.0024258585,3.157896884976231e-05,0.0073901594,-0.46,0.27,0.0001492124207025796,-0.14,0.0125608261,-0.0050738291,-0.14,0.2,0.0080148587,0.0050131563,2.22,2.21,2.17,0.01,0.05,1.38,3.1,5.27,5.31,5.32
2011-10-27,1284.589966,0.3065703915,3.0,0.034291438,0.010536553,-0.0200447246,0.0128729586,5.6936415592,6.7236536658,10.2680753992,10.7023387997,1234.17556523,1213.61188867,1204.48445757,1235.82266223,2.42,8.98841561533205e-05,2.98,3.86,-2.8451394904674468e-05,2.93,0.062783549,1.2,2.91,5.46,0.0410117485,0.1071428571,0.1009174312,1.08,3.64,3.17,0.0102096902,5.59,0.0011016682,0.02,0.0248213614,0.0331840492,0.02,5.42,-0.0118525896,5.23,0.07,4.07,3.1,5.0,0.0326309958,0.0422379297,2.09,0.083089526,0.0001626972819549773,S&P,0.0508540373,0.1666666667,5.76,0.0526438393,7.935575454198957e-07,0.0099913285,-1.84,-0.0033340072,3.42,0.008027745,-0.00028961160893796174,0.0033512161,2.18,-2.4,-4.070038479951419e-05,1.69,0.0156613743,0.0534850873,6.37,2.89,0.0623853823,0.0289201909,2.4,2.4,2.35,5.3909452919349827e-05,0.05,1.39,3.04,5.39,5.44,5.44
2011-11-01,1218.280029,0.3098062507,1.0,-0.0279422474,-0.0247375031,0.0003892293,0.034291438,-0.8762881551,-0.5794101398,1.9020684593,8.3927294019,1240.32737661,1223.04884187,1209.7826652,1236.30079743,2.01,-0.0001288825274696347,-2.68,-2.41,6.601655920782133e-06,-1.87,-0.0538139425,0.9,-0.02,5.04,-0.0299112281,-0.08,-0.0909090909,0.29,-1.98,-1.95,-0.0204308243,-2.84,-0.0005670363,0.01,-0.0240330088,-0.0288517602,0.01,-4.7,0.0052329677,-5.37,0.05,3.73,-1.81,-2.31,-0.0249137409,-0.0066038548,-1.16,-0.0589758089,1.510158281293475e-05,S&P,-0.0439984562,-0.1666666667,-3.61,-0.0366636751,0.00016745165976177372,-0.0275322591,-3.89,0.0339054802,-0.5,-0.0019780435,-0.00012691633285931523,0.0007167195,-1.23,1.37,-6.518260417791397e-05,-0.14,-0.0156856347,-0.049961423,-5.3,-2.23,-0.0412925818,-0.0221132161,2.0,2.0,1.96,-0.00016290080777839742,0.04,1.31,3.03,4.99,5.03,5.03
2011-11-02,1237.900024,-0.2718978167,2.0,0.0161046677,-0.0279422474,-0.0247375031,0.0003892293,-0.3301107891,2.3159337194,2.5388299027,8.2052037639,1239.88603977,1224.46324017,1210.88530672,1236.31671013,2.03,5.463675105638907e-05,1.71,2.29,0.00015655575111708802,-1.34,0.0137729674,0.89,-0.18,5.06,0.0168935074,1.9577406014646195e-05,-0.0111111111,0.97,0.8,0.09,0.0022697964,1.61,0.0001733594,0.01,0.0007695267,0.0126661013,0.01,3.69,0.0217238963,2.31,0.04,3.82,0.74,2.51,0.0187790776,0.016595893,0.37,0.0284316731,0.00012436824031022162,S&P,0.0226079935,-0.2,2.32,0.0271330241,5.218142304012723e-05,0.0188306685,-0.85,-2.55274049334e-05,-0.28,-0.0087027309,9.01968360942078e-06,0.0138010543,-1.81,-0.34,-0.00016026165650146547,-0.54,0.0041022088,0.0224732021,1.37,0.48,0.0143570537,0.011527962,2.02,2.02,1.99,3.972295657836928e-06,0.03,1.24,3.03,5.02,5.05,5.05
2011-11-03,1261.150024,0.1796872909,3.0,0.0187818075,0.0161046677,-0.0279422474,-0.0247375031,-1.824702249,3.7650473046,4.7762647572,8.2560113474,1243.75221872,1227.95721958,1212.8564721,1236.56380778,2.09,-8.070618147127256e-05,1.16,-2.35,4.135150886134023e-05,1.64,0.0272873894,0.91,1.36,5.13,0.0193054693,0.0434782609,0.0224719101,1.51,1.74,0.63,0.0142422106,2.12,0.0001260577,0.01,0.0199923491,0.0219660723,0.01,1.65,-0.0024593376,3.05,0.04,3.9,1.77,0.67,-0.0248919699,0.0123828868,0.5,0.021997682,6.813446373773713e-05,S&P,0.0189498223,6.893515613839283e-05,0.14,0.0249161535,4.186668123181473e-05,0.0192580838,0.77,-0.0021326591,1.64,-0.0017666171,3.942591572692749e-05,0.0015902581,1.12,-0.95,-4.473828865203832e-05,-1.73,0.0109993245,0.028085935,2.66,2.01,0.0258461538,0.0112142373,2.08,2.08,2.05,-0.0001111946711818783,0.03,1.23,3.04,5.09,5.12,5.12
2011-11-04,1253.22998,-0.2100351815,4.0,-0.0062800173,0.0187818075,0.0161046677,-0.0279422474,-2.4792027674,1.2097702403,2.339579695,8.4615670209,1245.47544804,1230.36414914,1214.43974692,1236.72964034,2.06,-7.689805299630183e-05,-0.25,3.06,-9.27091040845514e-05,-0.2,-0.0225068371,0.88,1.03,5.12,-0.0069571574,-0.0833333333,-0.032967033,-0.51,-0.38,-0.3,-0.0070211179,-0.09,-0.0011501316,0.01,-0.010554127,-0.0043810973,0.01,-1.21,-0.0099892937,-2.78,0.03,3.88,-0.29,-1.01,0.0311960017,-0.0082917085,-0.14,-0.0119255378,0.0002055734007056183,S&P,-0.0158852776,-0.25,-0.59,-0.0067063707,1.887314415158309e-05,-0.0043114887,0.13,-0.00110059,0.12,0.0078746046,-9.714669955192928e-05,0.008055475,0.14,0.74,8.891575722130948e-05,3.21,-0.0034192262,-0.027232205,-2.23,-0.42,-0.0167967007,-0.0033179282,2.05,2.05,2.03,-1.8321989021271922e-06,0.02,1.24,3.06,5.09,5.11,5.11
2011-11-07,1261.119995,-0.1046584783,0.00013856297181011985,0.0062957439,-0.0062800173,0.0187818075,0.0161046677,0.6239484317,0.5525521911,5.0180712783,5.542767884,1248.31991113,1233.29327732,1216.27034489,1236.97233043,2.04,-2.8423259944991715e-05,-0.64,-1.43,0.00018684236796243426,0.19,-0.0063869478,0.88,2.31,5.06,0.0050581346,0.1363636364,0.0001503201323775474,2.38,0.52,-0.02,-0.001274233,-0.4,-0.00149847,0.01,0.0209523429,0.0033877849,0.01,1.6,0.0086117946,-0.97,0.04,3.82,0.55,2.17,-0.008310245,0.002402088,-0.14,0.0079482188,3.4520051947509006e-05,S&P,0.0007874016,0.3333333333,-0.84,-0.0016342751,-2.0316059667834137e-05,0.0105705684,-2.3,0.0009864579,0.57,-0.0002724913,6.151557525336522e-05,-0.0073151593,-0.45,1.92,-2.4116709733464132e-05,-0.75,-0.0018715377,-0.0062820942,-0.63,0.8,0.00010168263785652463,-0.0029672148,2.03,2.03,2.0,-6.458105484914421e-05,0.03,1.24,3.02,5.02,5.05,5.05
2011-11-08,1275.920044,0.1395878405,1.0,0.011735639,0.0062957439,-0.0062800173,0.0187818075,4.7312615842,3.8135139442,4.124438035,6.7233218778,1253.3381171,1237.35296939,1218.60954877,1237.35986987,2.1,0.00010893048197991156,1.24,1.05,-0.00014002143752130772,0.24,0.0127915807,0.92,0.38,5.15,0.0107345668,5.830763795643283e-05,0.0454545455,-0.6,1.25,0.21,0.0162609511,1.25,0.0031120168,0.01,0.0134328736,0.0119617809,0.01,0.63,-0.0028526461,0.78,0.03,3.93,0.97,0.23,2.94786677624e-05,0.004562235,0.45,0.0227803141,-0.00016120413205371358,S&P,0.0436664437,-0.25,-0.03,0.0134179555,0.00017301155310791249,0.0051670323,1.33,-0.0006782798,2.99,0.0018144009,-2.6809875730670204e-05,-0.0023759408,-1.03,-0.74,-7.876440290037193e-05,-0.84,0.0134375156,0.0055256421,1.28,1.04,0.0054912145,0.0102525953,2.09,2.09,2.07,7.225097773265796e-05,0.02,1.22,3.05,5.12,5.14,5.14
2011-11-09,1229.099976,0.1922097792,2.0,-0.0366951426,0.011735639,0.0062957439,-0.0062800173,-0.710885195,-1.0386492754,1.5885848944,1.8098965417,1248.93118236,1236.56697002,1219.02093808,1237.27768187,2.0,5.0431686400457135e-05,-2.03,0.74,5.315360599568667e-05,-2.16,-0.0216778977,0.88,-2.34,5.08,-0.0415098658,-0.04,-0.0434782609,-0.71,-3.75,-2.35,-0.0269551614,-4.93,-0.0004724409,0.01,-0.0353460604,-0.0388049409,0.01,-1.96,-0.0043405347,-2.28,0.04,3.84,-3.23,-2.49,0.0170724133,-0.0310564881,-2.11,-0.0708166476,-8.191349661137633e-05,S&P,-0.0580475289,0.3333333333,-2.63,-0.0482079707,5.518032321637278e-05,-0.0297141793,-2.48,-0.004726142,-2.36,0.0023023385,-9.303698072602964e-05,0.0084202829,0.69,1.81,-0.00012069340151054858,0.68,-0.0205057351,-0.0221255105,-2.2,-3.49,-0.0382281553,-0.0192013915,1.99,1.99,1.96,0.00011425000172901698,0.03,1.24,3.08,5.04,5.07,5.07
2011-11-10,1239.699951,-0.1409906991,3.0,0.0086241764,-0.0366951426,0.011735639,0.0062957439,-1.7008343648,-3.4945014509,2.0001757214,2.99419404,1247.25277666,1236.86534916,1219.83187976,1237.30178405,2.04,-0.0001790275150427676,-0.45,-4.52,0.0001820931350355043,-0.35,-0.0033558658,0.9,1.25,5.18,0.0095451713,0.00021473830791642046,0.0227272727,-0.74,0.98,-2.5019484823083883e-05,-0.0254502987,0.81,-0.000630219,0.01,0.003053435,0.0013350371,0.01,-0.74,0.0143663925,0.56,0.03,3.93,1.05,-0.03,-0.0524890831,-0.0020358299,0.42,0.006146312,3.1658037652965924e-05,S&P,0.0036014406,-0.25,-1.92,0.0092090186,-9.081597081952342e-05,0.016927226,-0.08,0.000643473,-3.31,-0.0114268606,-8.1758944620542e-06,-0.0179740645,-2.75,-0.56,0.00013768263432902968,-4.0,0.0092870142,0.0065648438,-0.18,-0.32,0.0132491483,-0.0028569514,2.03,2.03,2.01,4.061868076926252e-05,0.02,1.25,3.14,5.15,5.17,5.17
2011-11-11,1263.849976,-0.1580359552,4.0,0.0194805404,0.0086241764,-0.0366951426,0.011735639,0.8474099862,-1.652801793,2.0674319402,3.2068155132,1250.27044926,1239.43531362,1221.55807961,1237.56594517,4.169865512971155e-05,-2.1911764902263792e-05,1.96,0.09,0.0001667040937729412,1.05,0.027583754,-4.165700046552509e-05,0.4,-9.535741711294062e-05,0.0205478763,-1.0,-1.0,1.69,1.94,1.24,-0.0015575827,2.94,0.0006306164,-1.97590976981786e-05,0.0239725638,0.020417919,-3.676765335523364e-06,1.68,-0.0072963469,3.02,-2.3919400576142233e-05,-8.180633293176164e-05,2.17,1.73,0.0091373284,0.0313108127,1.1,0.0164934932,5.025524485313968e-05,S&P,0.0227272727,-1.0,2.64,0.0264101499,-3.699140209622438e-05,0.0129606612,-1.78,-0.0013632423,-0.54,0.0017059432,-0.00010108748966758646,0.0006243487,0.12,-0.65,-0.00017911210196911123,0.83,0.0176231589,0.0322470775,2.71,2.03,0.0149439611,0.0184763629,-0.00010729967125203673,-4.4684361676125716e-05,-0.00010072217656393452,-3.8254921426573906e-05,-0.0001170530861568079,1.9865798479386425e-05,3.590225773578407e-05,-0.0001681980116400377,-5.5238472113643314e-05,-0.00012122163647406719
2011-11-14,1251.780029,-0.0446563685,-0.00015617672264690513,-0.0095501422,0.0194805404,0.0086241764,-0.0366951426,-0.7406088268,-0.1212814123,-0.192148886,4.2402981727,1250.54491831,1240.6110008,1222.7432541,1237.70737884,2.04,2.990298637783113e-06,-0.48,2.43,6.892511340496125e-05,-1.02,-0.0128374263,0.91,-1.99,5.17,-0.0109408878,-3.303933616142595e-05,-9.911219646115836e-05,-0.45,-0.71,-0.77,-0.0139358097,-1.91,-0.0022372775,0.01,-0.005574136,-0.0080373417,0.01,-1.5,-0.0068186514,-0.79,0.04,3.89,-0.43,-1.12,0.0193868669,0.0070840149,-0.92,-0.0219350968,-6.0469825741890344e-06,S&P,-0.0214424951,-1.2583400575911725e-05,0.69,-0.0157794367,-2.8658543993057956e-05,-0.0095333918,-3.52,-0.0063874981,-0.55,0.008456226,5.029647966132056e-05,0.0191973054,1.41,0.96,-5.57503658081243e-05,2.44,-0.0052106667,-0.0118886265,-1.18,-0.31,-0.0122698781,-0.004760685,2.03,2.03,2.0,-3.736199323176027e-05,0.03,1.28,3.13,5.13,5.16,5.16
2011-11-15,1257.810059,0.1179061273,1.0,0.0048171642,-0.0095501422,0.0194805404,0.0086241764,-1.4193667609,3.244740869,2.340019434,2.6465303716,1251.86585298,1242.24900634,1224.11842292,1237.90740551,2.06,-8.330600979844815e-05,0.3,-1.04,0.00010637397536357001,-1.08,-0.0192412451,0.93,0.45,5.2,0.0021031838,0.0833333333,0.021978022,0.02,0.12,-0.19,0.0252333333,0.75,0.002005432,0.01,-0.0007473842,0.0109061276,0.01,0.36,0.0072716465,-0.86,0.05,3.93,-0.18,0.82,-0.0081883721,-0.0050243961,-0.68,0.0046083565,-3.3504315538063644e-05,S&P,0.007569761,0.25,0.37,0.0139038625,-0.0001560075489056959,0.0016463653,-1.56,-0.0009979263,2.83,-0.0110027362,0.00011392875211043781,0.000413995,-0.7,1.03,6.715080216137372e-05,-0.56,0.0012323832,-0.008668289,-1.93,0.71,0.0062112422,-0.0002899253,2.05,2.05,2.01,-1.6066848943796048e-05,0.04,1.27,3.14,5.15,5.19,5.19
2011-11-16,1236.910034,0.1349456839,2.0,-0.0166162012,0.0048171642,-0.0095501422,0.0194805404,0.6354290255,-0.0799733404,-0.4098201288,2.2341082494,1249.14661316,1241.74053278,1224.62005473,1237.89748141,2.01,5.30870922998328e-05,-0.24,-2.24,-2.3726969577276843e-05,-0.77,0.0051719735,0.9,-0.45,5.18,-0.0155851656,-0.00015185076033064415,-0.0322580645,-1.07,-1.83,-0.97,-0.0104415453,-1.61,-0.0013710504,0.01,-0.0250560957,-0.0173441459,0.01,-1.84,0.0057635187,-0.4,0.04,3.91,-1.6,-2.63,-0.0200294738,-0.0268098836,-0.52,-0.0376147389,-7.404448664595575e-05,S&P,-0.0138394617,-0.2,-0.49,-0.0177908593,-7.0982706074072425e-06,-0.0106207617,-1.76,-0.0002465522,-2.35,-0.0059270366,5.990546287481673e-05,-0.024825271,-1.29,0.39,5.412275866910491e-05,-2.06,-0.0090782585,-0.0033338626,0.48,-1.95,-0.0154321595,-0.0015224385,2.0,2.0,1.97,-4.5064247140338374e-05,0.03,1.27,3.17,5.14,5.17,5.17
2011-11-17,1216.130005,0.1251992039,3.0,-0.0167999518,-0.0166162012,0.0048171642,-0.0095501422,-1.9012621547,-3.5697591994,-5.329323972,0.0608849827,1243.1435935,1239.3014349,1224.2871116,1237.68088961,1.96,4.7066369052849185e-06,-1.76,-0.11,5.993598127448379e-05,-0.62,-0.0178178292,0.88,-3.27,5.12,-0.0159442025,0.0384615385,-0.0222222222,-2.45,-1.32,-0.85,-0.019128336,-1.29,-0.0002051509,0.02,-0.0203298427,-0.0195559628,0.01,-6.86,0.0025425386,-1.29,0.04,3.83,-0.89,-5.88,-0.0075644977,-0.0352375151,-0.02,-0.0311407382,-7.301534318180329e-05,S&P,-0.010826022,2.7809363792672023e-05,-2.87,-0.0152220771,8.644012040516273e-05,-0.0049840128,1.97,1.29639245515e-05,-4.09,-0.0061888752,2.484832550072353e-05,-0.0015861982,0.24,0.04,-0.0001809889906990882,1.01,-0.0071429035,-0.0106859624,-1.86,-1.97,-0.0194357367,-0.0155926488,1.95,1.94,1.92,0.01,0.03,1.29,3.16,5.08,5.1,5.11
2011-11-18,1215.650024,-0.1672682179,4.0,-0.000394679,-0.0167999518,-0.0166162012,0.0048171642,-3.8137399941,-2.9986480215,-5.4035082241,-1.8251545326,1238.14476268,1237.04891958,1223.94840228,1237.46167701,2.01,-7.153123020515158e-05,-0.8,-2.19,4.370154930021513e-05,-0.26,-0.0044115447,0.94,-0.61,5.15,0.001142408,0.0740740741,0.0681818182,0.23,-0.06,0.06,-0.006544567,0.07,0.00085234,0.01,-0.0093971022,-0.0059853361,0.02,2.71,0.0039992197,-0.5,0.04,3.9,0.24,1.99,-0.0173370927,-0.0360845143,0.37,0.0042637258,-0.00013443134669587528,S&P,0.0008107418,0.00010354027683548139,0.59,0.0009321503,-0.00028466216255597154,0.0005137555,-2.76,-0.0013365646,0.8,0.0028036741,-2.625729213844666e-05,-0.0188725212,-0.71,-0.59,9.173074193453638e-05,-2.17,-0.0014075853,-0.0085347415,-0.33,-0.82,0.0006393862,-0.0111006979,1.99,2.0,1.97,-0.01,0.02,1.25,3.14,5.11,5.14,5.13
2011-11-21,1192.97998,0.0581198189,-9.860433944147117e-05,-0.0186484955,-0.000394679,-0.0167999518,-0.0166162012,-4.6973148347,-5.4031349333,-4.8128992772,-4.8804378826,1229.93298401,1232.85187771,1222.73395435,1237.01907306,1.97,-7.413435157927645e-05,-2.65,-1.82,-2.9842977443966508e-05,-0.94,-0.0340573,0.92,-0.63,5.12,-0.0203227745,-0.0689655172,-0.0212765957,-2.45,-1.92,-1.45,-0.0158159033,-1.5,0.0010566323,0.02,-0.0118576685,-0.0191876023,0.02,-3.26,-0.0015544545,-3.4,0.05,3.84,-2.06,-1.89,-0.0143517145,-0.0400223143,-0.11,-0.0231874911,-5.4870686083158874e-05,S&P,-0.0206561758,0.25,-3.03,-0.0243528946,8.390387420066047e-05,-0.0127085748,2.5,-0.001546337,-0.8,0.0015934485,0.0001435259771412327,-0.0005926308,-0.59,0.13,4.009575289281296e-05,-1.0,-0.0142521383,-0.0334883084,-3.36,-1.61,-0.0261980831,-0.0261611827,1.95,1.95,1.92,2.409509286729219e-05,0.03,1.28,3.15,5.07,5.1,5.1
2011-11-22,1188.040039,-0.0341623725,1.0,-0.0041408415,-0.0186484955,-0.000394679,-0.0167999518,-5.5469440319,-6.8875793129,-2.4821871228,-3.3367241662,1222.31608492,1228.58408355,1221.37340865,1236.53171949,1.94,-7.017061667111617e-06,-0.33,0.33,9.602023087684633e-05,-0.11,-0.0083801424,0.91,2.01,5.11,-0.0055477249,-0.037037037,-0.0108695652,1.09,-0.67,-0.15,0.0203246797,-1.06,0.0005513895,0.02,-0.00839996,-0.0007371228,0.02,5.9,0.0112970711,-1.15,0.06,3.81,-0.68,3.34,0.0014122927,0.0163275878,0.14,-0.0167168171,-5.635579668803004e-05,S&P,-0.0103391232,0.2,0.94,-0.0080353523,-8.762848779674117e-05,-0.0114420095,0.47,0.0007939328,0.38,-0.0087576297,-1.6886001481734193e-06,-0.0010371629,-0.48,-0.48,-1.2411632332425826e-05,0.23,-0.0006354782,-0.0122386484,-0.83,0.03,-0.0164041995,-0.0030253691,1.92,1.92,1.88,7.003315170590793e-05,0.04,1.3,3.17,5.05,5.09,5.09
2011-11-23,1161.790039,-0.0288288242,2.0,-0.0220952149,-0.0041408415,-0.0186484955,-0.000394679,-6.0731979639,-5.476359801,-6.148314365,-6.458128905,1211.3113493,1222.22274597,1219.03680592,1235.78802118,1.89,6.497060140367283e-05,-1.15,-1.97,2.1782563721707036e-05,-1.22,-0.0168078647,0.88,-1.84,5.04,-0.0246614411,-7.543683786247322e-05,-0.032967033,-0.35,-1.92,-1.57,-0.025284871,-3.14,9.44718237786e-05,0.02,-0.012908511,-0.0242733652,0.02,-3.24,-0.0014143999,-1.4,0.06,3.72,-1.86,-3.08,-0.0212124072,-0.0174170275,-1.32,-0.0350221353,0.00016493138259277262,S&P,-0.0300877977,-0.00019366392366688092,-1.59,-0.0314824673,-2.501188300336309e-05,-0.01907138,1.32,0.0009102601,-2.42,0.0006413482,-3.5724954759923274e-05,-0.0072788084,-1.65,0.7,0.0001594946575079064,-2.22,-0.0144674081,-0.014378636,-1.81,-2.4,-0.0173448966,-0.0128677888,1.87,1.87,1.83,-3.1676472158634286e-05,0.04,1.32,3.15,4.98,5.02,5.02
2011-11-25,1158.670044,-0.5619304332,4.0,-0.0026855068,-0.0220952149,-0.0041408415,-0.0186484955,-4.7248206001,-6.5362515288,-8.1259150815,-9.8023435752,1201.74020288,1216.17010769,1216.66948192,1235.02067812,1.97,-6.606298617236609e-05,0.54,-1.29,-8.557242630830712e-05,-0.05,0.0122376958,0.93,-1.28,5.15,-0.0031416181,0.0769230769,0.0568181818,-0.86,-0.56,-0.23,-0.0093190468,-1.18,0.0001259505,0.02,-0.0069472827,-0.0075485624,0.02,-2.06,0.009500501,0.86,0.07,3.85,-0.15,-2.55,-0.00979316,-0.0348696271,-0.87,0.0035236435,-9.141992126458339e-05,S&P,0.0129255068,0.1666666667,-0.21,-0.0121304589,-0.00012406506469809237,-0.0091177257,2.37,0.0025464336,-0.99,-0.0109885897,-3.348935712915855e-05,-0.0061960116,0.25,1.01,7.669601085846641e-05,-0.82,-0.0116148085,0.0064312158,1.24,-0.62,-0.0020366599,0.0048446225,1.95,1.95,1.9,0.0001242463816550204,0.05,1.3,3.18,5.08,5.13,5.13
2011-11-28,1192.550049,1.3559367864,-4.0240068672520586e-05,0.0292404254,-0.0026855068,-0.0220952149,-0.0041408415,-1.9002158964,-5.6414865968,-4.8418831315,-7.2010457982,1200.06926581,1213.92057829,1215.72362181,1234.5980848,1.97,3.246930778392212e-05,2.88,1.98,0.00016522160456582954,1.92,0.0545892896,0.91,2.44,5.16,0.0322359845,-0.0714285714,-0.0215053763,1.91,3.25,1.93,0.0345188158,3.11,0.0031011413,0.03,0.0234568734,0.0351545059,0.02,1.74,-0.0063567815,4.56,0.07,3.89,2.78,3.48,0.0196913685,0.0644188618,0.57,0.0238764045,-5.953295253017429e-05,S&P,0.0272224585,-1.627611339424162e-05,2.75,0.0476462896,-5.970830438802436e-05,0.0262516096,-5.03,0.0064924967,3.29,0.0008367255,-5.795096187457841e-05,0.0011804834,1.59,-0.78,-3.110965952498087e-05,2.89,0.017953305,0.0459613928,5.43,3.42,0.0068027211,0.0286753547,1.95,1.94,1.9,0.01,0.05,1.27,3.19,5.09,5.13,5.14
2011-11-29,1195.189941,0.0183383281,1.0,0.002213653,0.0292404254,-0.0026855068,-0.0220952149,0.1852471154,-4.5207693596,-5.2278969695,-4.6365679189,1199.18211584,1212.13670807,1214.91837942,1234.20596396,2.0,-3.9971812401601436e-05,0.28,0.71,-1.0280701421884198e-05,1.09,0.0045902422,0.93,1.67,5.22,0.0040952113,0.0384615385,0.021978022,0.26,0.46,1.41,-0.0077635194,-0.1,0.000659113,0.02,-0.0012063128,-0.0046808414,0.02,-0.95,-0.005994006,1.0,0.05,3.96,0.58,-0.41,0.0121072716,-0.0296677578,0.16,-0.020576166,-5.074636462036675e-05,S&P,-0.0028985507,-0.2857142857,0.54,-0.0025792348,9.667902189171243e-05,0.0143724164,8.0,0.0053304621,3.71,0.0007127202,-0.00016262995017253404,0.0123200637,2.05,-0.15,0.00014764130364873577,2.62,0.0065736733,0.0094999029,0.52,-0.38,0.0081081081,0.0045550738,1.98,1.98,1.95,9.231622715662562e-06,0.03,1.26,3.22,5.17,5.2,5.2
2011-11-30,1246.959961,0.4531476588,2.0,0.0433153077,0.002213653,0.0292404254,-0.0026855068,4.9594222472,-0.862618161,-2.2697412065,2.354132984,1207.86899678,1215.45320835,1216.17491203,1234.3328694,2.08,6.827470036318904e-05,3.11,-0.19,-7.138591137327739e-06,2.06,0.042243226,0.96,-0.27,5.32,0.0468256812,-0.0740740741,0.0322580645,1.69,4.14,2.43,0.0241157318,5.79,-0.0017721598,0.01,0.0297906602,0.0416734887,0.02,2.76,-0.0025898724,4.94,0.06,4.07,4.06,2.85,-0.0146169313,0.020701704,0.84,0.0843837565,-3.4903852951890475e-05,S&P,0.0739203073,0.2,5.54,0.0593592996,3.3901221129999314e-05,0.0456259197,-2.28,-0.0015496984,-0.00013378031924876456,0.0062550844,-6.26483979809917e-05,-0.0327388617,-0.71,-0.82,-0.00015051779561373215,-0.62,0.0309015934,0.0498162351,4.18,3.73,0.0663538874,0.0315532887,2.06,2.07,2.02,-0.01,0.04,1.25,3.24,5.26,5.31,5.3
2011-12-01,1244.579956,-0.3418236408,3.0,-0.0019086459,0.0433153077,0.002213653,0.0292404254,7.1260653148,0.6200872973,1.2594565375,0.5396180524,1214.54371664,1218.22718432,1217.28883533,1234.43483047,2.11,3.393293084093425e-05,0.03,4.66,-7.166251569352184e-06,0.05,-0.0078203286,0.97,-1.38,5.41,-0.0045520508,0.08,0.0104166667,-0.03,-0.2,-0.44,0.01499218,-0.68,0.0020266767,0.01,-0.0117278733,0.0022362986,0.02,-0.11,-0.0136805798,-0.7,0.05,4.1,-0.26,-0.24,0.0563061022,0.025170379,0.16,-0.0164675498,-2.566165861127853e-05,S&P,-0.0085074243,-0.1666666667,-1.15,-0.0090450261,-6.467322930397027e-07,-0.0080805692,2.76,-0.0048358005,-0.08,0.0070054078,-0.00012421638702927548,0.022904655,2.14,0.2,-1.810304128063456e-05,4.41,-0.0041718788,-0.0086978739,-0.73,0.62,-4.820853467222146e-05,-0.0029244192,2.09,2.1,2.06,-0.01,0.03,1.31,3.3,5.36,5.4,5.39
2011-12-02,1244.280029,0.0852729215,4.0,-0.0002409865,-0.0019086459,0.0433153077,0.002213653,7.388642301,2.3147216074,0.3694505268,-1.3376675795,1219.95031889,1220.70840762,1218.34731351,1234.53279264,2.05,-0.00028126973525344245,1.02,1.43,-7.388208044193417e-05,-0.26,0.0111822874,0.92,0.87,5.29,0.000418718,-0.0740740741,-0.0515463918,0.00012662696042047006,9.417000676693512e-05,-0.16,0.0045626943,0.16,-0.0012543117,0.02,-0.0023734967,0.0002779609,0.02,-0.23,-0.0037033399,0.63,0.06,3.98,-0.02,-0.64,0.0020066487,-0.0055801044,-0.45,0.06139209,7.44530777653041e-05,S&P,0.0167707105,0.2,1.42,0.005843339,9.400507218605914e-05,-9.005073318697532e-05,-1.75,0.0021525334,1.99,-0.0015368729,1.2098857786517144e-05,-0.0109751066,0.7,0.63,2.4115606550453275e-05,-0.14,-0.0152055244,0.0074223301,1.13,-0.26,0.0113136392,0.0114768736,2.03,2.03,1.99,6.600340212266519e-06,0.04,1.31,3.24,5.23,5.27,5.27
2011-12-05,1257.079956,0.0009048551,-0.00020682361580461045,0.0102870147,-0.0002409865,-0.0019086459,0.0433153077,5.4110858537,3.4080476438,-0.5356664263,0.3072042691,1226.701162,1224.17236461,1219.86624067,1234.75714252,2.04,-0.00013920786146744764,0.44,-0.58,-0.000176158869763468,0.35,0.0114788791,0.93,-0.12,5.29,0.0103923584,0.08,0.0108695652,-1.35,0.92,0.58,0.0084937284,0.8,-0.0027472527,0.01,0.0190325939,0.010974818,0.01,-1.95,0.0028297329,0.6,0.05,4.03,0.55,-1.78,0.0073159648,0.0010712952,8.280107370124453e-05,0.0364984821,9.589339167369989e-05,S&P,0.0257000384,-0.1666666667,0.9,0.0163397032,-6.37410138881744e-05,0.008271663,-3.43,0.0042443987,-2.35,-0.0046674505,-4.670054412347105e-05,-0.0116217548,0.23,0.02,0.00016705705866587397,0.14,-0.0017331022,0.0041787542,1.12,0.94,0.014916097,0.0028276922,2.03,2.03,1.99,2.44667219165323e-05,0.04,1.26,3.25,5.24,5.28,5.28
2011-12-06,1258.469971,-0.0997647093,1.0,0.0011057491,0.0102870147,-0.0002409865,-0.0019086459,5.2945584488,5.4896135809,0.5344343131,-0.2101325814,1232.47730909,1227.43880331,1221.38011244,1234.99309107,2.08,-8.904239026046681e-05,0.08,-0.29,-0.00011230286541831912,0.03,-0.0067629654,0.94,0.91,5.34,0.0011034454,-0.0740740741,0.0107526882,0.38,-0.0002105552428804454,-0.35,-0.0052416553,-0.36,-0.0019677292,0.01,-0.0015564591,-0.0023345298,-0.01,1.13,-0.0001966375,-1.16,0.04,4.07,0.38,2.56,-0.0123807523,-0.021657154,-0.0001266071429683337,-0.0083556555,-7.1307972750493735e-06,S&P,-0.0033657442,-0.2,-1.05,-0.0003346586,-2.0259653235067297e-06,0.0045991674,0.75,-0.0034324538,0.08,0.0021274987,8.171023231155883e-05,-0.0031389868,-1.15,0.41,6.730385689027003e-06,-1.09,0.0020517834,-0.0126545829,-0.64,-0.15,0.0238823637,0.0001257534,2.09,2.07,2.04,0.02,0.05,1.27,3.26,5.3,5.33,5.35
2011-12-07,1261.01001,0.1141627591,2.0,0.0020183549,0.0011057491,0.0102870147,-0.0002409865,1.126744197,6.1420464466,0.254406536,-1.1685711867,1237.66507289,1230.63606109,1222.93422607,1235.25196588,2.02,-3.219890883071099e-05,-0.45,0.74,0.0001362118519905234,9.138164506502913e-05,-0.0011479018,0.89,-1.16,5.28,0.0027045062,-0.04,-0.0531914894,0.8,0.72,0.48,-0.0047576009,0.47,-0.0009463722,0.02,-0.0023382697,-0.0001321344,-0.01,-0.36,-0.0077293736,-0.73,0.05,4.0,0.84,-0.85,0.0157505004,0.0173446633,0.07,0.0231718327,2.5414437052807327e-05,S&P,0.0150093433,0.25,-0.59,-0.0008570315,-6.320402602364763e-05,0.0032170502,-1.89,-0.0007967409,-1.96,-0.002309646,4.6008263257791737e-05,0.0029343206,1.17,-0.11,4.316154056725909e-05,0.7,0.0151204122,-0.0056544805,-0.11,-1.158965465883559e-06,0.0011962321,-0.0039147902,2.03,2.0,1.97,0.03,0.06,1.28,3.26,5.23,5.26,5.29
2011-12-08,1234.349976,0.0331279113,3.0,-0.02114181,0.0020183549,0.0011057491,0.0102870147,-0.8219624582,6.245529275,-0.2069720456,0.4271418194,1237.062328,1230.98976727,1223.38190254,1235.24299086,1.99,-9.76680274116806e-05,-1.11,-0.37,-2.586446409731188e-05,-1.0,-0.0253433556,0.86,-1.3,5.25,-0.0251583648,-0.0833333333,-0.0337078652,-1.91,-2.22,-1.16,0.0040350433,-3.25,0.005367856,0.01,-0.0078125,-0.0199418237,-4.571791983567162e-05,-3.34,0.0004063268,-2.01,0.04,3.95,-1.65,-2.83,-0.0069004952,-0.0247799039,-0.5,-0.0523529118,0.00011594203061345888,S&P,-0.0317929032,-0.2,-1.55,-0.0314418494,-3.2309229828840636e-05,-0.0149235196,1.05,-0.0009903923,-0.75,0.0059813058,-0.00014222338722905397,-0.0012474277,-0.00011789037751946613,0.15,4.0693773729383485e-05,-0.22,-0.010395625,-0.0200659645,-2.65,-1.56,-0.025687037,-0.0113757411,1.99,1.98,1.95,0.01,0.04,1.3,3.26,5.21,5.24,5.25
2011-12-09,1255.189941,-0.1088226467,4.0,0.0168833519,-0.02114181,0.0020183549,0.0011057491,0.8768052003,8.3302315012,3.2118224071,1.2494950885,1240.35825764,1233.29454572,1224.6292766,1235.44146797,2.07,-0.0002793988527062258,0.77,-2.9,-6.973098297790397e-05,0.4,0.0248297065,0.89,0.47,5.35,0.0180961396,6.433862817001532e-05,0.0348837209,0.13,1.84,0.48,0.0075769544,3.31,-0.0020414573,0.01,0.011811063,0.0194386867,-2.7867705200785e-05,2.24,0.0127297043,1.89,0.05,4.05,1.65,1.93,-0.0272966951,0.0133872483,0.22,0.0297951263,8.8154801925186e-06,S&P,0.0274913697,0.25,1.63,0.0314385775,-5.0086119612640737e-05,0.0184048196,-4.05,9.016e-05,0.04,-0.0039718961,-1.6721770027566e-05,-0.0062451381,-1.84,-0.29,-0.0001383314873497403,-2.88,0.0117591723,0.0191116125,2.59,1.61,0.0324954649,0.0082790021,2.07,2.06,2.02,0.01,0.05,1.3,3.28,5.3,5.34,5.35
2011-12-12,1236.469971,-0.0600530986,-1.0081339255679837e-05,-0.0149140536,0.0168833519,-0.02114181,0.0020183549,-1.639512658,3.6828577582,1.7126596133,-2.1663967654,1239.65129643,1233.59696718,1225.09361755,1235.45170183,2.03,0.0003418448152390399,-1.72,-0.2,4.635410597339496e-05,-1.83,-0.0260879182,0.87,-1.25,5.3,-0.0185781528,0.0909090909,-0.0224719101,-2.62,-1.87,-1.41,-0.0045221685,-1.12,-7.8678206137e-05,0.01,-0.0073930347,-0.013068397,-0.000183455015834599,-3.92,-0.0038149271,-3.21,0.05,4.02,-1.63,-2.73,-0.0005687174,-0.0181836762,-1.41,-0.0343580169,-3.251362894210158e-05,S&P,-0.023039725,5.7169800233273784e-05,-2.62,-0.0164341288,-9.324408756328569e-05,-0.0158592705,-1.9,-0.0008753862,-0.27,0.0010333835,8.276581779537762e-05,-0.0102472272,1.17,1.7,-4.0452435122142336e-05,1.81,-0.0158066173,-0.0336211018,-2.57,-1.21,-0.02256538,-0.0183209668,2.03,2.02,1.98,0.01,0.05,1.28,3.27,5.25,5.29,5.3
2011-12-13,1225.72998,0.1446993115,1.0,-0.0086860104,-0.0149140536,0.0168833519,-0.02114181,-2.6015710946,2.555245652,2.7452262862,-2.0810404701,1237.12014799,1232.84773031,1225.11857294,1235.35496828,1.96,-3.9558870023586435e-05,0.85,-0.45,-0.00012850810450313647,-0.72,-0.0035183039,0.85,2.09,5.25,-0.0116616053,0.0001502146570228816,-0.0229885057,-2.05,-0.73,-0.66,-0.0077327456,-2.07,0.0017310567,0.01,0.0098000784,-0.0126289075,5.1880048693094144e-05,0.84,0.0090337785,-0.48,0.06,3.98,-0.39,-1.79,-0.0069171288,-0.0475412031,-1.15,-0.023408239,0.00010512068207267458,S&P,-0.0190186375,0.2,-0.61,-0.0205824531,6.847789330041734e-05,0.0059962021,0.77,0.0042133046,1.3,-0.0046901421,-2.0826627348365334e-05,-0.0187449234,-0.81,0.81,-7.557084340257117e-05,-2.3,-0.0023617856,-0.001930783,-0.36,-1.0,-0.0024300731,0.0114777896,1.96,1.95,1.9,0.01,0.06,1.27,3.29,5.19,5.24,5.25
2011-12-14,1211.819946,0.0428768649,2.0,-0.0113483673,-0.0086860104,-0.0149140536,0.0168833519,-3.9008464334,-2.8180547972,2.0016082135,-3.6563639057,1232.52011126,1230.84508418,1224.59705816,1235.12078896,1.92,4.4013498964808903e-05,-1.97,-0.77,-2.848002704141617e-05,-0.85,-0.0333093136,0.86,-4.09,5.16,-0.0127610559,0.0416666667,0.0117647059,-3.49,-1.12,-0.97,-0.0221701657,-1.42,-0.0006283874,0.01,-0.0065993789,-0.0154927405,6.153184875832255e-05,-7.42,0.0066173608,-1.46,0.05,3.88,-1.09,-6.04,-0.0050273421,-0.0016618914,-0.41,0.0070309681,-0.00010999845610348427,S&P,0.0027142302,-0.1666666667,-4.72,-0.0133693229,0.00012708310256624966,-0.0135352914,-4.36,0.0002822207,-3.35,-0.0064547847,8.073893179078629e-05,-0.0089234521,-0.58,0.8,-0.00020293895904332466,-0.45,-0.0028409248,-0.0171657724,-3.26,-1.71,0.0115713155,-0.0224764828,1.92,1.91,1.87,0.01,0.05,1.28,3.24,5.11,5.15,5.16
2011-12-15,1215.75,-0.1135218889,3.0,0.0032431006,-0.0113483673,-0.0086860104,-0.0149140536,-1.5068640468,-2.3164406482,4.644553593,-1.7107173051,1229.47100013,1229.40745712,1224.25011471,1234.92804479,1.92,-4.0356060977252264e-05,0.6,-1.73,-0.0001466330105887344,0.85,0.0075802318,0.86,0.07,5.19,0.0045053923,0.04,0.00014672235851027107,-0.28,0.45,0.06,-0.003287877,1.23,0.0014933585,7.750928949274472e-05,-0.001172372,0.0006694539,0.00012893894562152468,1.19,0.0042536736,1.09,0.05,3.9,0.56,0.69,-0.0178479991,0.0058264689,0.29,0.0079339892,3.2611912511475104e-05,S&P,-0.0096674397,0.00011056184610061295,-0.34,0.0106569006,1.0852558024585457e-05,0.007426951,-0.29,0.0018855967,-0.54,-0.0003255789,-0.0001400902100752593,-0.0213728292,-1.53,-1.5,0.00010416820500907682,-2.49,0.0129787908,0.0097759665,0.69,-0.24,0.0108368446,0.0063538977,1.92,1.92,1.87,-2.667280530870632e-05,0.05,1.29,3.27,5.14,5.19,5.19
2011-12-16,1219.660034,0.4029719133,4.0,0.0032161497,0.0032431006,-0.0113483673,-0.0086860104,-2.8306398768,-1.9786538742,5.2637927696,0.2902674044,1227.6871881,1228.4791311,1224.07011154,1234.77612428,1.86,-7.76735980057497e-05,0.31,1.74,5.276174019951252e-05,0.78,-0.0088137082,0.81,-1.66,5.12,0.002846016,-0.0769230769,-0.0581395349,1.73,0.58,0.54,0.0054889799,0.67,0.0003139225,-3.662655460481472e-05,0.0172144373,0.0056355811,-4.080635708794709e-05,1.33,-0.0052945707,-0.34,0.04,3.82,0.42,1.92,0.0143425461,-4.979718888288586e-05,0.13,0.0040931675,-9.405304138885202e-05,S&P,0.0144474418,-0.2,1.96,0.0084356055,0.0001918212812110508,0.0016244534,-0.00013444761023514206,-0.0034312233,0.82,0.0030894832,-1.1360703232677648e-05,0.0201500153,0.36,-0.38,6.161435809115799e-05,1.17,0.0046875469,-0.0050326721,-0.54,0.68,0.0131029772,-0.0025181168,1.86,1.86,1.82,1.6392930977991507e-05,0.04,1.3,3.26,5.08,5.12,5.12
2011-12-19,1205.349976,-0.3153840398,2.722631806530539e-05,-0.0117328252,0.0032161497,0.0032431006,-0.0113483673,-2.5168419557,-4.1150906713,1.0733240933,-0.8472872781,1223.62587681,1226.27635443,1223.33598858,1234.48332679,1.82,7.384855366780913e-06,-1.91,-1.12,0.00018941817125326415,-0.67,0.0006392026,0.82,0.28,5.08,-0.0131547985,0.00011025846839508348,0.012345679,-0.24,-2.13,-0.81,0.0031232325,-2.33,-0.005413463,0.01,-0.0180768846,-0.0125972708,-0.01,-2.98,0.0049356431,-0.94,0.04,3.76,-2.06,-3.0,-0.0117678474,-0.0106476501,-0.31,-0.0373157114,0.00013304354163166119,S&P,-0.025789107,0.00011074761016902486,-0.69,-0.0186829032,6.464361980233069e-05,-0.0078593434,-0.99,-0.0003853803,3.04,0.0001397936,-8.701924093785533e-05,-0.0029687442,-1.19,0.1,-3.531174825430941e-05,-3.11,-0.0119751783,-0.0054491449,-0.24,-1.33,-0.0088182834,-0.0041393288,1.83,1.81,1.78,0.02,0.05,1.32,3.26,5.04,5.07,5.09
2011-12-20,1241.300049,0.1081391981,1.0,0.0298254231,-0.0117328252,0.0032161497,0.0032431006,1.2702690849,-1.3643489631,3.8579732324,4.0503671319,1226.83936266,1227.70718248,1224.04046154,1234.55115487,1.94,-0.00012713210214701832,1.05,-0.44,-0.00010909629735098654,1.53,0.0272980779,0.88,2.98,5.21,0.0305945459,0.0833333333,0.0731707317,1.35,3.09,1.89,0.0359488027,4.38,-0.0060739923,0.01,0.0195848014,0.0319403959,0.00014165448761635876,2.34,-0.000577812,3.1,0.04,3.87,2.8,2.64,0.0005527484,0.0177884457,0.65,0.049185601,-0.00019627104350974665,S&P,0.0470170307,0.00016976759013839632,1.88,0.0418595081,0.00011035019317351756,0.0310574756,1.03,0.0025704152,1.0,-0.0009771299,-0.0002337691517587905,-0.0010391933,0.36,-0.59,-0.00011574499426628487,0.69,0.0155831578,0.0310930774,2.76,2.45,0.0249110306,0.0101770919,1.94,1.93,1.9,0.01,0.04,1.34,3.27,5.17,5.2,5.21
2011-12-21,1243.719971,-0.2703848269,2.0,0.0019495061,0.0298254231,-0.0117328252,0.0032161497,2.6324063328,-1.3711262292,-0.2598311174,4.6867050076,1229.90856418,1229.23220996,1224.812207,1234.64238687,1.98,-0.00015712178880771872,-0.68,2.36,9.101041846092583e-05,-4.126354461610451e-05,-0.008156053,0.91,0.92,5.28,0.0037426867,0.0769230769,0.0340909091,-0.03,0.02,0.15,0.001262811,0.46,0.0074603175,0.01,-0.010372685,-0.0098935025,-0.01,-1.01,-0.0089612642,-0.86,0.04,3.9,-0.06,-0.44,0.0185976933,-0.0447622059,-0.26,0.0034151196,4.2548836529300785e-05,S&P,0.0147169434,6.779456542382226e-05,0.77,0.0030208354,-0.00011111168195187025,0.0136585732,0.86,-0.0021792847,1.79,0.0103894999,-0.00022785428952688678,-0.0111835589,1.32,0.53,2.8305415299155374e-05,3.38,0.0068196221,-0.0094919989,-0.83,-1.22,0.0237268505,-0.0055169943,1.99,1.97,1.94,0.02,0.05,1.38,3.3,5.24,5.27,5.29
2011-12-22,1254.0,0.1802049327,3.0,0.0082655495,0.0019495061,0.0298254231,-0.0117328252,3.1462060457,1.5919329511,0.7568854017,7.9368868646,1234.28882524,1231.59104711,1225.95682634,1234.83499994,1.97,-3.806180993986442e-05,1.38,0.01,-1.7287277354677326e-06,0.76,0.0136381744,0.91,0.17,5.26,0.0097759741,0.0001596824973894903,-0.00012479468397222983,-0.65,1.03,0.37,0.0052970109,0.58,-0.0024893651,0.01,0.001940955,0.0083321296,-2.556053978944941e-05,-0.67,-0.0011667477,1.04,0.03,3.88,0.66,-1.02,-0.0020752507,0.026842517,0.05,0.0349629022,-4.357290428413636e-05,S&P,0.0133879142,-0.25,0.59,0.0068336794,0.0001645029968836588,0.0140760101,0.44,0.0029548306,0.61,7.855180572438463e-05,-9.908270602309151e-06,-0.0022143877,-0.83,-0.09,0.00010395065299204696,0.08,0.003386715,0.0104722575,1.32,0.97,0.0203503663,0.0124867437,1.97,1.96,1.94,0.01,0.03,1.38,3.29,5.23,5.25,5.26
2011-12-23,1265.329956,-0.3603464815,4.0,0.0090350526,0.0082655495,0.0019495061,0.0298254231,3.7444796687,0.8078470571,1.6917355024,9.2053740884,1239.93266719,1234.80427653,1227.50087064,1235.13843234,2.03,0.0001760840697937879,1.07,1.05,-3.7543256424022244e-05,0.06,0.0098606806,0.97,0.06,5.35,0.0077619751,-4.910746581043044e-05,0.0659340659,0.12,0.9,0.21,0.0119934737,0.22,-0.0014531211,0.01,0.0085239058,0.0073823087,-7.842887332478708e-06,0.16,-0.0061325806,0.44,0.04,3.98,0.94,-0.14,0.0136541684,-0.0097748981,-0.06,0.0035874139,-0.00021226405329213705,S&P,0.0198165505,0.3333333333,1.58,0.0033131279,-1.71643138032001e-05,0.0110333372,-1.74,0.0011528628,0.08,0.0005647363,-2.8459545695809623e-06,0.0084563293,2.0,0.12,-4.738929371660607e-05,1.19,0.0122737496,0.0045709461,1.01,0.79,0.0099723551,0.0102071092,2.03,2.02,1.99,0.01,0.04,1.37,3.32,5.31,5.34,5.35
2011-12-29,1263.02002,-0.0305747283,3.0,0.0107070875,-0.0124780022,7.91082195796e-05,0.0090350526,1.5518002002,4.2250562197,0.1593968314,1.287937023,1248.67779936,1241.15747989,1231.10097917,1235.85416048,1.91,-0.00017545971981654574,0.58,-0.58,-3.064446532395408e-05,0.59,0.0183909177,0.88,0.42,5.19,0.0119832048,0.00014075994429763692,-0.032967033,-0.41,1.04,0.5,0.0061593707,1.02,-0.0004746835,0.02,0.0077459334,0.0091738199,-0.01,0.3,0.0057877183,0.76,0.07,3.8,1.13,2.58,-0.0124133282,-0.0001725114,0.2,0.023583337,-0.0001685491044813702,S&P,0.0239763547,0.4,0.15,0.0132886627,-5.499715536271562e-05,0.0129484082,-1.85,0.0009759342,-0.85,-0.0141003134,-3.1714851110507106e-05,0.0016350575,-0.36,-0.34,1.3150787659462718e-05,-0.06,0.006569901,0.0134302787,1.95,0.79,0.0134604599,0.0107854712,1.92,1.89,1.84,0.03,0.08,1.39,3.28,5.12,5.17,5.2
2012-01-05,1281.060059,0.2013511181,3.0,0.0029437171,0.0001879238,0.0154739849,-0.0042913366,2.5143276162,3.2030942101,4.5140512105,1.7950438644,1263.1663285,1252.03085986,1237.38622122,1237.32413535,2.02,8.574292182443648e-05,-0.79,0.07,9.44048149497189e-05,-0.71,-0.0152615319,0.88,-0.84,5.29,-0.0016000325,0.08,-0.0112359551,0.66,-2.5674091216804213e-05,-1.12,0.0111019346,0.01,-0.0001588058,0.02,0.0102189781,0.0081182313,0.01,0.7,0.0022747503,-0.27,0.07,3.91,-0.2,0.41,0.0045975427,0.0005633824,-1.25,0.0208869522,0.0001734092369734571,S&P,0.0161064782,0.1666666667,-0.2,0.0067042458,-9.632464141267979e-05,-0.0030224949,-3.75,-0.0001564219,-3.5,-0.0022168144,0.00010963996639207079,-0.0096515564,-0.35,1.07,0.00015071336795800233,-0.22,-0.0012217623,-0.0025459289,-1.39,0.46,-0.0005387931,-0.0077975117,2.01,2.0,1.95,0.01,0.06,1.38,3.27,5.22,5.27,5.28
2012-01-06,1277.810059,-0.1527172465,4.0,-0.0025369615,0.0029437171,0.0001879238,0.0154739849,1.1710059038,2.7409777759,5.4455377812,1.3322692815,1265.82882495,1254.48602168,1238.97146976,1237.72698036,1.98,3.0117265540925328e-05,0.31,-0.96,-3.601320870618905e-05,-0.01,-0.0024006427,0.86,0.28,5.25,-0.0055645006,-0.0740740741,-0.0227272727,-0.38,0.1,-0.2,0.0104538,0.21,0.0019853875,0.02,0.0155347182,0.0016329934,0.02,-2.09,0.0061180186,-0.75,0.05,3.85,-0.18,-1.94,-0.0117123694,0.0281515679,-0.46,-0.0089685818,8.658349565079518e-05,S&P,-0.002756685,-0.2857142857,0.26,-0.0034294701,-8.315798351997574e-05,-0.0074626747,2.75,0.0057489507,-0.44,-0.0068984118,-8.342758141363273e-05,0.0069552946,-1.29,0.29,4.932793950842623e-06,-1.49,-0.0087155961,-0.0062451399,-0.44,0.54,0.0053908898,0.0045161871,1.96,1.96,1.93,0.00011870131943838682,0.03,1.4,3.27,5.2,5.23,5.23
2012-01-09,1280.699951,-0.0779992507,-3.823250203164107e-05,0.0022615975,-0.0025369615,0.0029437171,0.0001879238,1.8368301082,2.1291826954,5.3423772157,3.7550108074,1268.53266605,1256.98258638,1240.60788079,1238.15457211,1.98,0.00013405977057691964,-0.54,1.62,-8.218684752192424e-05,0.99,-0.0030822621,0.85,-0.54,5.26,0.0035698759,0.04,-0.011627907,-0.33,0.1,0.09,-0.0015861695,0.79,-0.0014424982,0.01,-0.0131626107,0.0008750544,0.01,-0.34,0.0093173794,-0.54,0.05,3.86,0.23,0.8,0.0146646194,-0.0221784293,0.36,-0.0016968891,-7.550419675805641e-05,S&P,0.0124394605,8.607856952087073e-06,-0.52,0.0050686104,-7.468112582659017e-05,0.0044642503,-1.67,-0.0031237054,2.84,-0.005303931,2.3356210668829544e-05,0.0288874073,0.21,-0.73,0.00015306525023937422,-1.3,0.0015424649,-0.0067168174,-0.19,-0.23,0.0112601072,-0.0066198893,1.97,1.97,1.93,-7.630903287116954e-05,0.04,1.4,3.28,5.21,5.25,5.25
2012-01-10,1292.079956,0.2522125994,1.0,0.0088857698,0.0022615975,-0.0025369615,0.0029437171,1.1761308244,2.1140730821,5.9377137876,2.9389986165,1272.8139915,1260.32519301,1242.62639355,1238.6911431,2.0,-4.106683656472844e-05,1.67,0.36,-4.795928168085345e-05,0.74,0.0265691611,0.86,0.74,5.25,0.0111065947,-0.0769230769,0.0117647059,1.24,0.82,0.69,0.0035804685,1.52,0.0021589358,0.02,0.0036049027,0.0096915221,0.01,3.6,-0.0065105432,2.36,0.05,3.86,0.43,3.24,0.0073444633,0.0043682684,0.04,0.0212464595,7.972351612294939e-05,S&P,0.0037543005,-6.0579868475911186e-05,2.84,0.0149168423,-0.000142338208124378,0.0025731111,-2.32,-0.0006501495,-0.43,0.0025662327,-0.00010886902586846131,0.0268899208,0.15,0.27,-9.674776260226961e-05,1.85,0.0041582781,0.0242221089,2.64,0.71,-0.0074232234,0.0150384678,1.99,1.98,1.95,0.01,0.04,1.39,3.25,5.2,5.23,5.24
2012-01-11,1292.47998,-0.060123734,2.0,0.0003095969,0.0088857698,0.0022615975,-0.0025369615,1.1884389272,2.1376073624,7.2286062749,4.5298317237,1276.38962577,1263.38755368,1244.58143615,1239.2263554,1.93,3.675051676949724e-05,-0.91,0.88,-2.429008920279646e-05,0.48,-0.0018562288,0.82,-0.92,5.2,-0.0009023357,0.00024383008874742884,-0.0465116279,0.63,0.17,0.01,-0.0016302736,0.43,-0.0001584033,0.02,-0.0043103807,0.0030564329,0.01,0.25,-0.0055751174,-0.36,0.05,3.8,-0.02,0.17,0.0077698372,-0.0024534516,-0.53,0.0169209713,-8.253631908887202e-05,S&P,0.0071404624,3.0636881874407717e-05,0.91,0.0032559529,-3.024483167760052e-05,-0.0074661572,-5.68,-0.0001301457,0.57,0.0010058826,-0.0001194418989555942,-0.0042428192,0.12,0.27,2.7312265000669302e-05,-0.31,-0.0010736197,-0.0017264596,-0.22,0.15,0.008547009,-0.0045465601,1.92,1.91,1.88,0.01,0.04,1.4,3.27,5.15,5.18,5.19
2012-01-12,1295.5,0.0130464804,3.0,0.0023366087,0.0003095969,0.0088857698,0.0022615975,1.127186887,3.6698556744,4.3663859551,5.6921198909,1279.86423927,1266.4458819,1246.57824258,1239.78629216,1.94,-0.00017082625123529297,3.684344385360731e-05,-0.3,-3.0165343417953173e-05,-0.55,-0.0015133713,0.84,-0.87,5.21,0.0025162929,-0.0833333333,0.0243902439,0.51,0.27,0.29,-0.0027452491,0.41,0.0006337136,0.03,0.0101010465,0.0051424475,0.02,0.78,0.0014753615,0.61,0.06,3.9,0.2,0.87,-0.0029531523,-0.0166014595,0.96,0.0051827059,-0.00014091380101196398,S&P,-0.0003376097,0.2,2.88,0.0042359627,0.00013645020968571926,-0.0039962858,-2.78,0.0001041509,-5.81,-0.008956607,-0.00011863452873946466,-0.0004551261,-0.59,-0.99,-5.531632393081183e-05,0.74,0.001535483,0.0043674631,-0.14,0.49,0.0026483582,-0.0014812554,1.92,1.91,1.88,0.01,0.04,1.31,3.27,5.15,5.18,5.19
2012-01-13,1289.089966,-0.0814748662,4.0,-0.0049479228,0.0023366087,0.0003095969,0.0088857698,0.8827530289,2.0640960228,3.6479268692,6.3763614599,1281.54164413,1268.60246134,1248.24536899,1240.27687598,1.89,5.403946708196249e-05,-0.6,0.91,-0.0001395059873077512,0.14,-0.0010906287,0.8,-0.74,5.13,-0.0064091025,0.0909090909,-0.0476190476,-0.65,-0.21,-0.25,-0.0037494578,-0.57,0.0002849905,0.03,0.0089285714,-0.0051492015,0.02,-1.99,-0.0001964251,-0.81,0.06,3.81,-0.19,-1.62,0.0057102324,0.0141533854,-1.16,-0.0252374505,-5.123324041801564e-05,S&P,8.11594641418635e-06,3.5928209783912856e-05,-0.33,-0.0081636077,0.00013858466914309572,0.0016521006,-1.0,-0.0010279086,-0.7,0.0003990608,-9.548698004405151e-05,-0.0133757354,1.43,0.87,-2.898585887135194e-05,1.09,0.0004598957,-0.0058470069,-0.11,-0.21,-0.0047543582,-0.0045563373,1.87,1.86,1.83,0.01,0.04,1.32,3.24,5.07,5.1,5.11
2012-01-17,1293.670044,0.0861560461,1.0,0.0035529545,-0.0049479228,0.0023366087,0.0003095969,1.0127347151,2.8681670395,3.1634803828,6.4092160395,1283.74680774,1270.98985016,1250.02672879,1240.80815129,1.87,-0.00028860929066887677,0.61,3.49,0.00023455112605731674,0.84,0.0229939716,0.79,0.3,5.11,0.0050367243,-0.125,-0.0125,0.51,0.02,0.72,0.0116481192,-0.69,-0.0018519105,0.03,0.0003539823,0.0064228241,0.02,0.59,-0.0003929273,1.62,0.06,3.79,0.07,0.4,0.0220433671,0.018159433,0.6,-0.028117986,5.1371219579738716e-05,S&P,0.0074298883,-0.00014881740455970936,1.55,0.0017404043,0.00023682105592660836,0.0095429433,-6.82,0.0005340132,0.54,-0.0011184888,-7.672723507492825e-05,0.0239665862,1.07,-0.69,-0.00020818412067399335,2.07,-0.0021452497,0.0309047083,1.41,0.68,-0.0053078556,0.0101834264,1.85,1.84,1.81,0.01,0.04,1.32,3.24,5.05,5.08,5.09
2012-01-18,1308.040039,0.0213614795,2.0,0.011107929,0.0035529545,-0.0049479228,0.0023366087,1.2352240994,2.4258827752,3.3754107217,7.2462819586,1288.16375888,1274.51843957,1252.30176056,1241.47712529,1.92,-5.97889924126364e-05,0.04,-0.49,0.00018198427870345403,0.32,-0.0015474231,0.82,-0.78,5.17,0.012578105,0.1428571429,0.0379746835,0.58,1.01,0.39,0.0103838167,1.69,0.0017284851,0.03,-0.0010615711,0.0152597731,0.02,1.36,-0.0027515723,0.49,0.07,3.78,0.68,1.43,0.0030146054,0.0428272478,0.89,0.0466915211,-0.00011719741826525561,S&P,0.0137445525,0.1666666667,0.56,0.0179352612,3.964174079867486e-05,0.008869121,-0.64,1.3470787357980489e-05,-2.11,0.0008893982,-3.731938501789471e-05,-0.0139189501,0.94,-1.07,-1.0918178087556843e-05,-0.26,0.0024569409,0.003417004,-0.14,1.29,0.014941302,0.0014752199,1.9,1.89,1.85,0.01,0.05,1.39,3.25,5.1,5.14,5.15
2012-01-19,1314.5,0.0902625874,3.0,0.0049386569,0.011107929,0.0035529545,-0.0049479228,1.703702985,2.9123893817,3.8777288278,9.0554632408,1292.95216635,1278.32620723,1254.74090721,1242.20372106,2.01,7.858089325732814e-05,0.9,1.78,9.81766847116833e-05,-0.09,0.019605324,0.87,0.8,5.23,0.0067477796,0.0833333333,0.0609756098,-0.22,0.63,-0.04,-0.0031693714,0.66,-0.000949818,0.05,-0.0038965285,0.0067227678,0.04,-0.1,-0.0032518723,0.93,0.07,3.87,0.66,0.33,0.0130050459,0.0264463416,0.86,0.0106732072,3.5401442261128903e-06,S&P,-0.0029761905,-8.148976814275014e-05,1.33,0.0039909465,0.00013538311231910198,0.0067091038,-6.07,-0.0006899505,2.36,0.005956215,-2.5913483411688138e-05,0.0131005679,1.17,-0.66,7.549150583085706e-05,1.77,-0.0013786305,0.0097079651,1.9,0.2,0.0068349106,0.0068042041,1.97,1.96,1.94,0.01,0.03,1.36,3.22,5.16,5.18,5.19
2012-01-20,1315.380005,-0.1238879596,4.0,0.0006694599,0.0049386569,0.011107929,0.0035529545,1.5345430336,2.6790270885,5.2607142226,5.9679330602,1297.0299552,1281.85514035,1257.11891104,1242.93184329,2.05,-2.435177773577569e-05,-0.27,1.3,6.958474571094504e-05,0.47,-0.002234928,0.91,-1.52,5.29,0.0012763169,-7.592968227897501e-05,0.0459770115,0.56,0.02,0.65,-0.0174167036,0.29,-0.0006021233,0.05,0.0565433124,-0.0005846248,0.03,3.82,-5.323817104418649e-05,-0.06,0.07,3.86,0.53,4.9,0.008394943,-0.0181023608,-0.21,0.0116436772,-9.623153392571743e-05,S&P,0.0129353566,1.5735812402840378e-05,-1.47,0.0028758772,9.676396661241939e-06,0.0052855223,0.9,0.004077325,0.74,0.0037790117,2.3603024117614004e-05,0.0100358087,1.16,0.2,0.0001108114041848297,1.82,0.0012271053,-0.0018499296,-0.04,0.39,-4.0868959437703414e-05,-0.00219468,2.02,2.0,1.98,0.02,0.04,1.43,3.24,5.22,5.24,5.26
2012-01-31,1312.410034,0.1575672108,1.0,-0.000456947,-0.002522123,-0.0015928778,-0.005753891,-0.1703867919,1.448591168,2.4759962687,4.3583062219,1311.25826797,1299.21572745,1271.63614732,1247.91664658,1.83,4.2465092871647216e-05,0.36,0.49,0.00021884215528493738,0.66,0.0100777052,0.71,0.21,5.07,0.0005207901,-9.081662934428637e-05,-0.0273972603,0.54,-0.06,0.22,0.0076598398,0.09,-0.0016445288,0.06,-0.0027017898,0.0006757424,0.04,-0.79,0.000998602,0.27,0.08,3.72,-0.2,-1.02,0.0114124701,0.0119178146,-0.37,0.0078357475,-9.706367620889288e-05,S&P,-0.0013675556,1.505702424181111e-05,-0.89,0.0005552916,5.4988462181062264e-05,-0.0204702309,-7.74,-0.0048480554,3.53,-0.0009895695,2.1085238798582815e-05,0.0033137395,0.11,0.31,-6.967472552132933e-05,0.49,0.0030437529,0.002243785,1.21,0.09,-0.010052963,0.0018514926,1.79,1.77,1.75,0.02,0.04,1.35,3.24,4.99,5.01,5.03
2012-02-01,1324.089966,0.0634651934,2.0,0.0088996058,-0.000456947,-0.002522123,-0.0015928778,-0.1485674036,1.227021079,2.4774016385,3.6826699472,1313.59130398,1301.58470255,1273.69315981,1248.67459006,1.87,-3.08382739418872e-05,1.83,0.1,0.00014090562203626948,1.02,0.0208909706,0.72,0.52,5.12,0.0118581914,0.0454545455,0.014084507,0.24,0.88,0.78,-0.0006352874,2.05,-0.0007919412,0.06,0.0121909241,0.0122359235,0.05,1.64,0.0005786113,2.21,0.09,3.8,0.6,1.75,-0.0028013595,-0.0770417344,0.61,0.0080428688,-0.00013037242254330467,S&P,0.0232796995,0.125,1.32,0.0212405916,1.6724570697851567e-05,0.0027466325,-4.83,-0.0011786799,1.2,0.0033096836,-2.05545893362198e-05,-0.0106996078,-0.23,-0.63,-0.0001592741201623484,0.08,-0.0033379151,0.0244205256,1.92,0.94,0.0032068949,0.0192023541,1.82,1.81,1.78,0.01,0.04,1.32,3.25,5.03,5.06,5.07
2012-02-02,1325.540039,-0.0851264109,3.0,0.0010951469,0.0088996058,-0.000456947,-0.002522123,0.5392766176,0.8398660327,2.5578778404,3.7767155836,1315.76380125,1303.86616316,1275.72637076,1249.43942039,1.86,0.0001780120841871292,0.02,1.92,1.5109637238613741e-05,-0.19,0.002732015,0.71,0.46,5.11,0.0017651293,-9.65088256929596e-05,-0.0138888889,0.94,0.23,0.13,-0.0023454811,0.43,-0.0002853248,0.08,0.0020074273,0.0040059095,0.07,1.1,-0.0054637181,0.76,0.1,3.79,0.1,1.84,0.0199711162,0.0125933016,-0.1,-0.0013297607,0.00019585254396484644,S&P,0.0003345935,0.1111111111,-1.59,0.0039893809,-7.500466861810224e-05,-0.0052399904,7.22,-0.0010619379,-1.93,0.0052282804,-0.00015571966281225806,0.019609462,0.91,0.33,-0.00014867226323383602,1.32,-0.001522393,0.0058926805,0.27,0.16,-0.0010655301,0.000932513,1.79,1.78,1.76,0.01,0.03,1.32,3.25,5.01,5.03,5.04
2012-02-03,1344.900024,0.1183303728,4.0,0.0146053566,0.0010951469,0.0088996058,-0.000456947,2.1704336265,2.2442198367,3.8132013894,4.9833701825,1321.0612963,1307.77414991,1278.43906305,1250.38927715,1.97,2.8093098421194968e-05,1.86,-0.06,-7.826571451168485e-06,0.53,0.0151806849,0.78,2.24,5.23,0.0144737286,-0.00022004959183258375,0.0985915493,-1.97,1.23,0.59,0.0100193267,2.1,-0.0004122534,0.08,0.009682771,0.0160787155,0.06,-1.25,0.0019047619,1.59,0.1,3.93,1.0,-2.07,0.0008453093,0.0327976666,-0.02,0.0194407462,-1.6091241143141787e-06,S&P,0.0244146823,2.1193918726888442e-05,3.18,0.0224138194,-0.00019282679586409365,0.0166407161,-2.15,-0.0001181667,-0.19,-0.002528587,-3.515407711456352e-05,0.0077183522,-0.34,0.05,6.507693986784395e-06,-0.63,0.0007623571,0.0166836259,1.35,1.26,0.0144,0.0181156292,1.91,1.89,1.87,0.02,0.04,1.3,3.26,5.13,5.15,5.17
2012-02-06,1344.329956,-0.2666456912,0.00012955439130518675,-0.0004238739,0.0146053566,0.0010951469,0.0088996058,2.3853547011,2.1527322188,4.2851927683,5.2057734662,1325.2919617,1311.25565525,1281.02301963,1251.32401027,1.93,-0.0002209711815657736,-0.18,-0.44,-9.269870704023064e-05,-0.3,-0.006607477,0.76,1.18,5.15,-0.0015371558,0.0434782609,-0.0256410256,-0.29,0.0001679165436068214,-0.43,0.0093325314,-0.17,6.34497636496e-05,0.08,-0.0013227183,-0.0012630253,0.04,0.22,-0.0059035421,-0.02,0.1,3.87,-0.13,0.03,-0.0022662745,-0.0241900798,-0.08,-0.0036572624,-5.842957513295897e-05,S&P,-0.0140384595,3.8206459551967043e-05,-0.98,-0.0032967839,-0.00015343755863695137,0.0097739286,2.04,0.004870084,1.25,1.582e-05,-0.00013440933551914604,0.0003136609,0.68,0.16,-8.065589140152465e-05,0.05,-0.0068555303,-0.000271898,-0.45,0.11,0.0015772345,-0.0015081769,1.89,1.85,1.83,0.04,0.06,1.28,3.22,5.05,5.07,5.11
2012-02-07,1347.050049,0.1073349706,1.0,0.002023382,-0.0004238739,0.0146053566,0.0010951469,2.6394201585,2.4645361434,4.1262457338,5.1807683719,1329.24797757,1314.66464513,1283.6123149,1252.27650817,2.0,1.980331153521281e-05,-0.07,0.58,0.0001825447507478262,0.2,0.0018412693,0.82,0.26,5.19,0.0026913579,0.0416666667,0.0789473684,1.52,0.43,0.69,0.0104748955,0.36,0.001094439,0.08,0.0049668541,0.0007202258,0.06,1.31,0.0027176648,-0.11,0.11,3.92,0.43,1.69,-0.0005190744,0.0057333352,1.01,-0.0070791821,3.0732203715641866e-05,S&P,0.0019867218,0.1,0.36,-0.00120719,-0.00010730364547880508,0.0068804198,-3.06,-1.30631861219e-05,-1.12,0.0006169703,4.246183037380387e-05,-0.0168303721,-6.0102526884038665e-05,-0.78,3.371201765005738e-05,0.22,0.0010737843,-0.0015713452,0.22,0.14,0.0068241998,-0.0003225264,1.94,1.92,1.89,0.02,0.05,1.27,3.19,5.08,5.11,5.13
2012-02-08,1349.959961,0.0946623344,2.0,0.0021602108,0.002023382,-0.0004238739,0.0146053566,1.9537943542,1.802324249,3.2047889017,4.479599326,1333.01379274,1318.02610378,1286.21418338,1253.24848282,2.01,-2.7109661288175326e-05,-0.23,1.62,2.799825737256524e-05,-0.19,-0.0004514205,0.82,0.83,5.18,0.0016456355,0.08,-0.00013433150005063066,-0.74,0.17,-0.1,0.016743815,0.02,-0.0004753228,0.09,0.010214168,0.004056372,0.06,-1.44,-0.0011443485,-0.15,0.11,3.91,0.09,-0.67,0.0154243472,0.0070036049,-0.06,0.0113546346,-0.0001041970431885833,S&P,0.0122273298,-0.00024079790392235407,0.85,0.0012328463,0.00011987084538587083,-0.0118137138,-0.97,0.0031351795,-5.5775612874442054e-05,0.0050857597,-3.1240440519323086e-05,0.0242715119,1.01,0.11,4.3955725911717836e-05,1.26,-0.0003065277,-0.0008054883,0.0001275892321881876,0.61,0.0031282586,-0.0024446808,1.95,1.92,1.9,0.03,0.05,1.27,3.17,5.07,5.09,5.12
2012-02-09,1351.949951,0.0276220303,3.0,0.0014741104,0.0021602108,0.002023382,-0.0004238739,1.9923888546,2.5424099594,2.8489882845,4.601229568,1336.45673061,1321.25694638,1288.79205662,1254.23058698,2.04,9.58106260403486e-05,0.36,-0.79,-1.3066350331697134e-05,-0.05,0.0043137716,0.86,1.19,5.22,-0.0002140275,5.729558350297287e-06,0.0487804878,-0.23,0.09,-0.06,0.034593418,-0.47,-0.0016010145,0.09,0.0035877365,0.0038993205,0.06,0.63,0.001246156,0.59,0.12,3.91,-0.01,-0.26,-0.0004020833,-0.0026957085,0.19,-0.0114881987,-0.00012593101858867733,S&P,-0.001632354,0.0909090909,1.74,-0.0041043771,2.150877022226376e-07,-0.005157091,1.18,0.0035160437,-2.38,-0.0050600257,-3.521336288244166e-05,0.000877127,0.22,-0.13,-1.9028996511119087e-05,0.46,-0.0053647917,0.0059329477,0.35,0.64,-0.0057173077,0.003335676,1.98,1.95,1.92,0.03,0.06,1.31,3.18,5.1,5.13,5.16
2012-02-10,1342.640015,-0.0789355541,4.0,-0.0068863023,0.0014741104,0.0021602108,0.002023382,-0.1680428998,1.998743467,2.0724056848,3.6387506754,1337.58096413,1323.2934291,1290.90374126,1255.11028279,1.96,-0.00018642362206746656,-0.75,-0.73,-0.00011814882618111965,-0.79,-0.0150582293,0.81,-1.08,5.13,-0.0110379205,-7.734771559293082e-05,-0.0581395349,-0.56,-0.57,-1.15,0.0005069063,-1.29,-0.0004763114,0.09,-0.0087747806,-0.0079768577,0.05,-0.91,-0.0011040851,-1.35,0.12,3.82,-0.58,-1.18,-0.0107639355,0.0030273382,-0.81,-0.0066032751,-1.740527305061867e-05,S&P,-0.0104643558,0.00011552585335469308,-2.87,-0.0141334721,-0.00014498718316495262,-0.0127237752,8.180888821146227e-05,0.0074228655,-2.4,-4.316274498954084e-06,-0.00011432766006199674,0.0010179848,-0.44,0.47,7.012581111495727e-05,-1.16,-0.004469117,-0.0141173472,-1.52,-0.49,-0.0130684795,-0.0073106773,1.91,1.87,1.84,0.04,0.07,1.31,3.17,5.01,5.04,5.08
2012-02-13,1351.77002,-0.0669334998,-0.00011149511000352846,0.0068000394,-0.0068863023,0.0014741104,0.0021602108,0.5534403192,2.9519965351,2.7180866261,4.8623490721,1340.16079247,1326.00548538,1293.29065415,1256.07207122,1.99,6.676263500193402e-05,0.83,0.45,-0.0001261339424368249,0.63,0.0033826513,0.85,0.53,5.18,0.0080305024,0.0740740741,0.049382716,0.15,0.63,0.69,0.0186048884,0.59,-0.0003335769,0.11,0.0026229508,0.0094735358,0.05,-0.32,0.0049236334,0.51,0.14,3.86,0.53,0.63,0.0049817993,0.0326075414,0.14,0.0183461309,-7.732046236727447e-05,S&P,0.0118969266,0.1666666667,-0.6,0.0141147883,9.415136913181882e-05,0.0073985081,-1.86,0.0008758372,1.91,-0.0019414676,6.178258602332904e-05,-5.39770526724e-05,0.33,0.25,0.0001231636310846106,0.6,0.0012384211,0.00679972,0.3,0.76,0.0100636128,0.009107425,1.94,1.88,1.85,0.06,0.09,1.32,3.19,5.04,5.07,5.13
2012-02-14,1350.5,0.0750351019,1.0,-0.0009395237,0.0068000394,-0.0068863023,0.0014741104,0.2561115678,2.9022915867,2.7269596733,4.3929250943,1342.04064839,1328.3382963,1295.53415791,1257.0116526,1.92,-6.398681623694729e-05,0.04,0.38,-8.372185105028601e-05,0.41,-0.0026325969,0.81,0.2,5.1,-0.0033042896,7.479117003965119e-05,-0.0470588235,-0.14,-0.09,-0.5,0.0136489688,-0.33,0.0002860185,0.12,-0.0107913669,0.0001501626,0.09,-1.1,0.00079992,0.01,0.15,3.78,0.04,-0.36,0.0014568441,-0.0015136124,-0.57,-0.0099216974,2.0018086661075973e-05,S&P,-0.0065317111,0.0714285714,-0.65,-0.0050435543,5.880381421087482e-05,0.0029613836,4.15,-0.0024452382,-1.19,-0.0035698717,0.00010528717827475874,-0.0030116699,0.67,0.11,5.660454778510322e-05,-0.28,-0.0010822356,-0.0015256095,-0.22,0.32,-0.0068169376,-0.0009821516,1.83,1.8,1.77,0.03,0.06,1.32,3.18,4.95,4.98,5.01
2012-02-15,1343.22998,0.0490600383,2.0,-0.0053832062,-0.0009395237,0.0068000394,-0.0068863023,-0.4985318968,1.4455221693,1.2948071909,2.69028011,1342.2568905,1329.75655189,1297.40458231,1257.8695464,1.93,-0.0001853372837789374,0.35,2.12,-5.983846378059362e-06,-0.34,0.004357753,0.81,0.65,5.12,-0.0038557242,-0.00010951706963806332,6.038674846652905e-05,0.52,-0.41,0.16,-0.0231421822,-0.83,0.0003335928,0.11,-0.0066116033,-0.0054573422,0.09,0.18,-0.0023978419,0.51,0.13,3.81,-0.6,-0.51,0.0213884705,-0.0357030941,-0.37,-0.0137129754,-8.193492654359261e-05,S&P,-0.0082182774,-0.1333333333,-0.37,-0.008127757,6.250021335337518e-05,-0.0064957484,-4.23,0.0109663137,-1.28,-0.002196399,-1.3786281147397374e-05,0.009353113,2.32,0.5,-0.00020904156517034244,1.25,0.0006191147,0.0044216944,0.49,-0.72,-0.0095037482,-0.0013050572,1.84,1.82,1.8,0.02,0.04,1.31,3.19,4.99,5.01,5.03
2012-02-16,1358.040039,0.0069945152,3.0,0.0110257061,-0.0053832062,-0.0009395237,0.0068000394,0.4504669715,2.4518308798,3.004329648,3.3122890072,1345.12655386,1332.45021733,1299.78244335,1258.86626772,1.99,-2.1365381896834966e-05,-0.26,-0.92,-4.333331814369372e-05,0.41,0.00085534,0.87,0.99,5.16,0.0116944785,9.880934460132421e-05,0.0740740741,-0.02,0.93,0.54,0.0091225616,1.75,0.0001429207,0.1,0.041264627,0.0150969085,0.04,-0.1,0.0018027041,-0.29,0.13,3.87,0.84,0.42,-0.0041165562,-0.0246110911,0.54,0.0160427264,-7.700566189884744e-05,S&P,0.0066291349,-0.00011929460044663846,-0.26,0.0196319841,9.109992428803661e-05,0.0153352467,5.86,0.0015314191,0.16,-0.0001567758,4.057341038147305e-05,-0.0041584439,-0.43,-0.56,0.00023267214335752205,-1.35,0.0041762721,-0.0008848821,-5.298947885848193e-05,1.41,0.013326226,-0.0011541178,1.95,1.89,1.86,0.06,0.09,1.29,3.17,5.03,5.06,5.12
2012-02-17,1361.22998,-0.0952181616,4.0,0.00234893,0.0110257061,-0.0053832062,-0.0009395237,1.3845829703,1.2142133771,3.411000699,3.4856828313,1348.05444952,1335.1911471,1302.19215067,1259.88481212,2.01,-3.0169277783897537e-05,0.36,1.07,0.00013203865641796657,-0.44,0.0136653995,0.88,-0.44,5.18,0.0027581934,-0.00013126708252928355,0.0114942529,-0.36,0.37,-0.44,-0.000179192,0.01,0.0004763341,0.09,-0.0012783956,-0.0027265127,0.03,-0.46,-0.0035989203,1.41,0.13,3.87,0.46,-0.98,0.010073649,0.0142833719,0.08,0.0123684474,-3.2681886217169176e-05,S&P,0.0237075725,0.00018254825342330704,-2.19,-0.0015422779,3.269051075008137e-05,0.0024587167,4.56,0.0043832057,2.71,0.0075876074,3.6742045615396915e-06,0.0001361137,1.84,0.09,-4.0370117029703014e-05,1.64,0.0010782502,0.0142284351,1.69,-0.44,0.0142031036,0.0033472995,1.98,1.92,1.88,0.06,0.1,1.31,3.17,5.05,5.09,5.15
2012-02-21,1362.209961,0.0208626978,1.0,0.0007199232,0.00234893,0.0110257061,-0.0053832062,0.772316359,1.3300309883,3.7471116462,3.5113952128,1350.62817888,1337.76436748,1304.54579029,1260.90297281,2.05,-6.580099611796788e-05,-0.18,0.32,-1.2174147231702111e-05,-0.26,0.00744846,0.92,1.34,5.2,0.000112164,0.0689655172,0.0454545455,1.45,0.02,-0.82,0.0253525268,-1.05,-0.0002697942,0.08,0.006080032,-0.0010874662,0.02,2.7,-0.0018059597,-0.42,0.13,3.9,-0.15,2.32,-0.0006001613,-0.0013150959,0.01,-0.0002599948,-8.240284532617896e-05,S&P,-0.004181441,4.543749113640886e-05,2.46,-0.0066129037,-0.00011774787969555813,0.011095503,-2.16,0.0096671322,-1.63,0.0012974624,-3.488055922375334e-05,0.0102872987,0.21,-0.21,-4.696894399550916e-05,-0.01,0.0007693953,0.0087836053,-0.19,0.35,0.0067426864,0.0039118891,2.03,1.97,1.92,0.06,0.11,1.3,3.15,5.07,5.12,5.18
2012-02-22,1357.660034,-0.0425511172,2.0,-0.003340107,0.0007199232,0.00234893,0.0110257061,0.5301765272,0.7876459385,3.4478553827,3.2715939006,1351.90669799,1339.65919286,1306.62870181,1261.86572963,2.01,5.165319097139695e-05,-0.18,0.28,0.00013974158801580104,-0.79,-0.0051568933,0.88,1.02,5.16,-0.0025913366,-0.064516129,-0.0434782609,1.05,-0.29,-0.25,-0.0035156355,-0.85,-0.0004127377,0.09,-0.0054071563,-0.0052229201,0.07,-0.51,0.0017087144,-0.96,0.13,3.86,-0.22,-0.12,0.0032850464,-0.0092175631,0.03,-0.0101403799,6.665318770674835e-05,S&P,-0.0119508725,0.00010797172950486987,-0.08,-0.0081389843,0.00011978290410117655,0.0040429479,0.65,0.0030659036,1.78,-0.0023995011,0.00018531935123933252,0.0093040663,0.84,-0.16,0.00017411612764433565,-0.02,-0.0006150215,-0.009309262,-0.48,-0.47,-0.0010304482,-0.0019567654,1.94,1.92,1.88,0.02,0.06,1.3,3.15,5.03,5.07,5.09
2012-02-23,1363.459961,0.0420341744,3.0,0.0042720025,-0.003340107,0.0007199232,0.00234893,1.5060697945,1.0000296594,2.9733625366,2.8203776855,1354.00729127,1341.92593268,1308.85737864,1262.87661751,1.99,2.6843027952257256e-05,0.27,-0.48,0.00019345358235123956,1.05,-1.74213960096e-05,0.88,0.59,5.13,0.0051590996,0.0689655172,-2.813907469257565e-05,0.14,0.52,0.67,0.0065296722,1.57,-0.0001429297,0.09,0.0031979853,0.0081175174,0.07,3.81,0.0033112583,-0.55,0.14,3.84,0.45,3.06,-0.0078094984,-0.0093587495,0.94,0.0110323614,3.0545031038070815e-05,S&P,0.0019614253,0.0769230769,-0.68,0.0155909124,3.156647448008981e-05,0.0011504717,-0.83,0.0056369409,-0.62,-0.0074913032,-0.00015427366128261354,0.0024825568,3.325108622273768e-05,-1.01,-7.091033540370005e-05,-0.97,0.0015384308,-0.0050278798,-0.03,0.85,-0.0041258383,0.0036000074,1.92,1.9,1.85,0.02,0.07,1.29,3.14,4.99,5.04,5.06
2012-02-24,1365.73999,-0.0742357617,4.0,0.0016722376,0.0042720025,-0.003340107,0.0007199232,0.566989984,1.0200110581,3.0327224993,3.5883538802,1356.14050922,1344.19393814,1311.08806928,1263.90013365,1.98,1.5939874186370876e-05,-4.089480012762432e-05,0.14,-5.844673036089214e-05,-0.16,0.0057203935,0.89,1.5,5.1,0.0019444471,0.0001044186168136991,0.0113636364,-0.37,0.02,-0.09,0.011657856,-0.34,0.0004129672,0.1,0.0035065029,0.0022895048,0.08,-0.6,-0.00270027,0.82,0.14,3.81,-0.1,4.798138222411729e-06,0.0012099131,0.0013416401,0.66,-0.0054560402,0.00015114510037920315,S&P,-0.0153344209,-1.2479435347994359e-05,1.52,-0.0027857133,5.338736707864829e-07,0.0036773042,-2.71,-0.0043597285,0.21,0.0046918011,0.00012562890085143744,0.0124807324,0.73,-0.55,6.211857130447743e-05,0.53,-0.0098310141,0.0080726247,0.64,0.03,-0.0036250131,-0.0004715142,1.9,1.88,1.84,0.02,0.06,1.29,3.12,4.96,5.0,5.02
2012-02-27,1367.589966,0.0409458658,-3.279378142859171e-05,0.0013545594,0.0016722376,0.0042720025,-0.003340107,0.4672234739,1.8582755408,1.6871099409,3.8941611688,1358.22222863,1346.42213127,1313.30382994,1264.93187328,1.92,-0.00024265398835935083,-0.33,-1.18,-0.0001361685630357386,0.53,-0.0073780953,0.84,-1.04,5.04,-0.0010316716,-0.0322580645,-0.0561797753,-0.41,0.29,0.54,0.0064126627,-0.02,-0.0002063983,0.12,-0.0041296061,0.0008131293,0.07,0.02,0.0024067389,-0.05,0.14,3.78,0.06,8.912396681170241e-05,-0.0088289457,-0.0033495561,-0.42,0.0203762283,-8.662042057314824e-05,S&P,0.0281643804,9.601800976332516e-05,0.47,-0.0003144319,-0.0001246167922695447,-0.0012593658,-4.08,0.019279382,1.79,0.0089758694,-4.411877917509759e-06,0.0030455197,-0.21,0.29,-0.00017359529276858097,-1.43,-0.000155166,-0.0021604238,-0.78,0.25,-0.0088357588,-0.0032855385,1.85,1.8,1.78,0.05,0.07,1.26,3.12,4.9,4.92,4.97
2012-02-28,1372.180054,-0.0191208833,1.0,0.0033563335,0.0013545594,0.0016722376,0.0042720025,0.7319057477,1.5098747345,2.0716713092,4.5064427194,1360.76001506,1348.87526677,1315.61270147,1265.99901936,1.94,-5.217253272389819e-05,0.14,1.58,6.13414336108489e-05,-0.02,0.0036438243,0.84,-2.11,5.06,0.0034358413,-0.00019797020022855894,-1.4626300519256043e-05,1.11,0.31,0.2,0.0183543626,-0.18,0.0007304834,0.1,0.0165869537,0.0069450396,0.1,4.57,-0.0015006002,0.39,0.14,3.8,0.22,4.32,0.0165365925,0.0295188709,0.52,0.0038401945,-8.706729975569414e-05,S&P,0.0109571379,4.361595231370332e-05,0.82,-0.0034596873,6.811518133518151e-05,-0.001031801,2.98,-0.0123602753,2.08,-0.0034040668,-2.2464973140621244e-05,0.00196156,1.46,-0.49,-3.087161548997936e-05,0.84,0.0113266569,0.0055521176,0.41,0.92,0.0047194546,0.0020792149,1.84,1.84,1.8,-3.785146881198258e-05,0.04,1.26,3.12,4.92,4.96,4.96
2012-02-29,1365.680054,0.2523665035,2.0,-0.0047369877,0.0033563335,0.0013545594,0.0016722376,0.5907237305,1.1240321363,1.3830224804,4.0589464131,1361.6545676,1350.47572269,1317.57612706,1266.99087045,1.98,0.00021150145887556142,-0.87,0.7,0.00017214933655254063,-0.62,-0.0004458725,0.87,0.91,5.08,-0.0071344942,2.1934181364916792e-05,0.0357142857,-5.08,-0.51,-0.44,0.0131301543,-1.7,-0.0005395284,0.08,-0.0040791025,-0.006652733,0.08,-6.88,-0.0044083759,-0.54,0.13,3.8,-0.46,-6.2,0.0051625481,-0.0223612673,-1.07,0.0007651875,-0.00014601067494152622,S&P,-0.0025502071,-0.0714285714,-1.07,-0.0156105683,0.00015109205562793685,-0.0073444917,3.85,0.0001989213,0.07,0.005637032,0.00010364760013881876,-0.0095314994,-0.51,1.19,-8.737199430488077e-05,1.08,-0.0015341823,-0.0045806476,-0.16,-0.34,-0.0057411795,-0.0095143142,1.9,1.9,1.85,9.379040303376249e-05,0.05,1.28,3.1,4.95,5.0,5.0
2012-03-02,1369.630005,-0.1622125718,4.0,-0.0032457562,0.0061580397,-0.0047369877,0.0033563335,0.2848283735,0.8534333059,1.3077447125,3.326188927,1364.9545411,1354.33472746,1321.74677364,1269.0672144,1.99,-0.00011858777574039244,-0.28,1.01,-0.00027272856515547675,-1.16,0.0004114437,0.84,-2.02,5.08,-0.0061087792,-0.0666666667,-0.0561797753,-0.25,-0.42,-0.62,0.0013040774,-1.87,0.0007784821,0.07,-0.0065035303,-0.0042757305,0.06,-3.17,-0.0031869688,-0.13,0.12,3.83,-0.04,-1.95,0.0081493897,-0.0041101424,-0.82,0.0064404758,-0.00014041309432097165,S&P,-0.0082435001,-0.0769230769,-0.74,-0.0157012689,0.00015923769140744728,-0.0057583783,0.85,-0.0019193612,1.4,0.0022337956,-0.0001573191960634859,0.0142524675,0.51,0.98,-8.779931227394552e-05,0.26,-0.0009255746,-0.0029387178,-1.3580653282532037e-05,0.01,-0.0078452925,-0.0034056122,1.93,1.92,1.87,0.01,0.06,1.25,3.09,4.96,5.01,5.02
2012-03-05,1364.329956,0.0444618379,-6.0758091808031206e-05,-0.003869694,-0.0032457562,0.0061580397,-0.0047369877,-0.2383762737,0.2277334503,1.6154695792,1.4447119974,1364.84098018,1355.28665399,1323.41670236,1270.01510238,2.0,1.7024427306478817e-05,-0.63,-1.8,-0.00010795275161332034,-0.9,-0.003892951,0.87,0.12,5.11,-0.0041710066,0.1071428571,0.0357142857,-0.33,-0.31,-0.61,-0.0220477271,0.62,-0.0001270003,0.08,-0.0087282725,-0.0086385484,0.07,-3.22,0.0042121289,-0.79,0.14,3.86,-0.05,-2.19,-0.0137717114,0.0053541103,0.11,-0.005660817,-0.00012774523157642244,S&P,-0.0099105496,0.1666666667,-1.1,0.0015329142,7.650776378932377e-05,0.0078767518,-5.19,0.0062499505,-0.2,-0.0079001751,0.00010513597178144788,-0.0063767245,-0.82,-0.22,-6.048170785133437e-06,-0.34,0.0021616027,-0.0079334229,-0.37,-1.04,-0.0063257252,-0.0061410385,1.93,1.92,1.86,0.01,0.07,1.25,3.11,4.97,5.03,5.04
2012-03-06,1343.359985,0.2220686518,1.0,-0.0153701609,-0.003869694,-0.0032457562,0.0061580397,-2.1003124857,-1.3837790458,-0.6221498388,-0.0721527476,1360.93534469,1354.15078075,1324.19879188,1270.7449022,1.96,5.864540788809848e-05,-1.75,-2.16,-0.00017446296142890642,-0.99,-0.035836142,0.83,-1.47,5.06,-0.0211251732,-0.0322580645,-0.0459770115,-1.92,-1.65,-1.13,-0.0054393369,-2.31,0.0014765655,0.08,-0.00754717,-0.0136113149,0.06,-2.7,0.0044471397,-3.06,0.13,3.82,-1.67,-3.26,-0.0215872957,0.0046044659,-0.78,-0.0267327214,-5.557334861577539e-05,S&P,-0.0277687448,-0.0714285714,-3.17,-0.0206059808,-0.00010461501151299024,-0.0132168828,0.04,-0.0013353547,-2.05,0.0026829937,-2.9521066921599905e-05,-0.014133684,-0.31,0.75,-8.113770737630057e-05,-0.78,-0.0086274221,-0.033984047,-3.54,-1.01,-0.0228116711,-0.0185538237,1.9,1.88,1.83,0.02,0.07,1.24,3.1,4.93,4.98,5.0
2012-03-07,1352.630005,-0.1457101545,2.0,0.0069006224,-0.0153701609,-0.003869694,-0.0032457562,-0.9555714724,-0.3704925294,0.1577197334,0.4142352397,1359.42528293,1354.00594497,1325.31374141,1271.55967935,1.98,1.2669384763960615e-05,0.53,-0.59,-2.1153484461164845e-05,0.11,0.0088533791,0.85,1.75,5.09,0.0075034167,-4.255908236119649e-05,0.0240963855,0.65,0.8,0.33,0.0008109682,1.08,0.0010621938,0.08,0.0088720218,0.0087172106,0.06,2.45,0.0073455424,0.25,0.14,3.86,0.76,1.43,-0.0085777448,0.0147993156,0.27,0.0160224059,-6.176431158908789e-05,S&P,0.0099634337,0.0769230769,0.78,0.0112566348,-0.00013377305046287144,-0.0003493944,-2.29,-0.0105252094,-2.82,-0.0095914848,-7.646636883800436e-06,-0.0064930428,-0.73,-0.19,7.669733579463585e-06,-0.88,-0.0007769231,0.0057288362,0.86,0.74,0.0190010858,0.0044399906,1.92,1.9,1.84,0.02,0.08,1.23,3.11,4.95,5.01,5.03
2012-03-08,1365.910034,-0.0104234746,3.0,0.0098179317,0.0069006224,-0.0153701609,-0.003869694,-0.5952981393,0.1796952657,1.6884713964,1.1815219311,1360.60432858,1355.13966773,1326.90575289,1272.49848885,2.03,0.00011968208551572345,1.11,1.31,-4.1064282212545906e-05,1.18,0.0253601587,0.89,1.06,5.14,0.0128700538,0.0666666667,0.0470588235,0.93,1.02,0.58,0.0212929577,1.27,-0.0006651463,0.08,0.0053391332,0.0118302619,0.07,0.73,-0.0028968135,2.37,0.14,3.91,0.55,1.5,0.0132322131,0.0210589047,0.92,0.0122652813,4.0291418033931165e-05,S&P,0.0325550806,-0.00012962257262814892,0.69,0.0130536024,-3.8845200415257976e-05,-0.0116509376,-1.3,0.0084055662,-0.63,0.000786732,-2.297101839022344e-05,0.0106405539,1.88,-0.95,6.779648489433582e-05,1.46,0.0085535766,0.0244981989,2.52,1.11,0.0138519446,0.0117933996,1.96,1.95,1.89,0.01,0.07,1.23,3.11,5.0,5.06,5.07
2012-03-09,1370.869995,0.027210942,4.0,0.0036312501,0.0098179317,0.0069006224,-0.0153701609,0.0905346696,0.3756209116,0.9447406285,1.3994633445,1362.47081338,1356.63779414,1328.62984081,1273.4773098,2.04,-3.502196423263006e-06,0.61,1.06,-0.00010956021043273195,-0.32,0.0026218887,0.9,0.43,5.15,0.0024274874,0.03125,0.0112359551,0.73,0.44,-0.68,0.0058673613,1.64,0.0009983836,0.09,-0.0006247423,0.006032873,0.06,1.14,-0.0079142456,0.81,0.13,3.93,0.15,0.94,0.008864261,-0.017693413,-1.18,0.0145895157,6.678401836970696e-06,S&P,0.0082802548,-0.0714285714,1.77,0.0132201958,-2.28640129061027e-05,-0.0062477778,2.29,0.0029753007,0.98,0.0056972579,-5.873969316016548e-05,0.0079272099,0.82,1.16,-7.919430234288497e-05,0.45,-0.0016962221,0.0066822232,0.3,0.41,0.000525486,0.0047442367,1.98,1.95,1.91,0.03,0.07,1.22,3.11,5.02,5.06,5.09
2012-03-12,1371.089966,-0.1532091211,-0.0002175267711466298,0.0001604609,0.0036312501,0.0098179317,0.0069006224,0.4954820475,0.2559246621,0.7243438761,2.1189559884,1364.03793204,1358.01419146,1330.29494376,1274.44858001,2.04,1.2221361808964928e-05,-0.06,0.32,2.876699399964043e-05,-0.21,0.0007398118,0.92,-0.51,5.13,-0.0019526188,1.2991881051109065e-05,0.0222222222,-0.73,-3.953137706120507e-07,-0.58,0.012528121,0.21,-0.0008707354,0.09,0.0015630197,-0.0015661457,0.05,-2.76,0.0001754276421590663,0.12,0.15,3.9,0.27,-1.73,0.0022849136,-0.0050456161,0.31,-0.0119424327,-5.604944474197734e-05,S&P,-0.0047378395,0.1538461538,-0.55,-0.0033170404,0.00018742146572640352,0.0148279947,-2.37,0.0097205072,1.86,-0.0096232044,0.00013269861472002867,-0.0018873031,-0.41,-0.38,0.00019000389898036699,-0.52,0.0055607045,0.0030726006,0.06,0.11,0.0047267855,0.0009001792,1.99,1.95,1.89,0.04,0.1,1.23,3.09,4.98,5.04,5.08
2012-03-13,1395.949951,0.4233144162,1.0,0.0181315491,0.0001604609,0.0036312501,0.0098179317,3.9148081369,1.7322724471,2.4768567964,3.2683023256,1369.8401173,1361.62712094,1332.86964993,1275.65754888,2.14,9.855344307636511e-05,1.13,0.73,0.00022822125488120061,0.26,0.0172202919,0.99,0.7,5.22,0.0183274247,0.0606060606,0.0760869565,-1.47,1.73,0.37,0.0291667058,1.9,0.0022500396,0.08,0.0196628271,0.0188426204,0.06,0.51,0.0011107745,1.49,0.15,3.97,1.62,-0.54,0.0097245095,0.0065434157,-0.54,0.0703008863,2.487509556818607e-05,S&P,0.0577595049,-0.00013060334686962953,1.7,0.0208034023,2.737469825963273e-05,0.0153126587,1.32,-0.0001214233,-0.25,-0.0011899445,-0.0001656098115918735,0.0085984627,0.41,0.91,-8.468962759894403e-05,1.46,0.0035330877,0.0137016753,1.7,1.74,0.0240460546,0.0107079994,2.08,2.06,1.99,0.02,0.09,1.25,3.08,5.07,5.14,5.16
2012-03-14,1394.280029,0.0264016396,2.0,-0.0011962621,0.0181315491,0.0001604609,0.0036312501,3.0791882367,2.09419292,2.697287545,3.2417644576,1374.28373761,1364.73692171,1335.27790009,1276.83787206,2.29,4.830983778126027e-05,-0.02,-0.01,-8.056054055041918e-05,-1.7,0.004042099,1.13,-0.99,5.36,-0.005976145,0.1428571429,0.1414141414,-1.9,-0.14,-0.91,0.037810264,-0.95,0.0002371467,0.09,0.0030609736,0.0002796482,0.08,-4.16,-0.0032277587,1.23,0.15,4.14,0.14,-3.77,-0.0014905831,-0.0126225746,-0.42,0.0043789584,0.00015978300543756287,S&P,0.0012000299,-2.2913800340464653e-05,-1.41,-0.0094197228,-0.00011155475502554753,-0.0096707805,-0.65,0.0072484005,-0.5,0.0032981248,-5.6363145802029706e-05,-0.0262904651,1.73,0.75,0.00015546144785022852,1.1,-0.0038267257,0.0119369409,0.42,0.32,0.0102093415,-0.0017629578,2.21,2.2,2.14,0.01,0.07,1.22,3.07,5.21,5.27,5.28
2012-03-15,1402.599976,-0.051225157,3.0,0.0059671994,-0.0011962621,0.0181315491,0.0001604609,2.6861170272,2.0748284833,2.8706391181,4.4199427413,1379.43214459,1368.34292688,1337.9179815,1278.08923628,2.29,4.131857101751953e-05,-0.21,0.16,3.2572271235895634e-05,1.39,0.0044045187,1.11,-1.14,5.36,0.0075073525,-0.075,-0.017699115,0.89,0.54,0.73,-0.0068184401,0.96,0.0007903014,0.08,0.0024411962,0.0051435468,0.08,1.7,0.005565675,0.84,0.15,4.11,0.33,1.15,0.0021418672,0.0119060576,0.41,0.0256998382,-4.5998778703800723e-05,S&P,0.020976956,0.000196346668166427,1.3,0.0097886784,4.6630224852070535e-05,0.0008137526,-0.22,0.0106074857,2.69,-0.0032872829,-4.734713382175019e-06,-0.0073000314,0.5,-0.84,-7.492860981356917e-05,-0.15,-0.0001536878,0.0091858194,0.45,0.35,0.0186962598,-0.0007904779,2.21,2.21,2.14,0.00015996406855786952,0.07,1.25,3.07,5.21,5.28,5.28
2012-03-16,1404.170044,0.2088888369,4.0,0.0011193983,0.0059671994,-0.0011962621,0.0181315491,2.4291179413,2.5218518048,2.8138631278,3.3968074339,1383.92994448,1371.75503327,1340.51610159,1279.34377168,2.31,4.5478301410559984e-05,0.51,0.15,1.6619543681584007e-05,0.65,0.0040835921,1.13,1.83,5.35,0.0028715253,0.00010537597018780181,0.018018018,0.15,0.24,0.61,1.705888392e-05,0.25,-0.0003948387,0.09,-0.0076103505,-0.0003632109,0.07,-0.37,-0.0015095099,0.66,0.15,4.11,0.49,0.12,-0.0016709036,0.0033617634,0.7,-0.0029082997,9.270447020086721e-05,S&P,-0.0052832697,-0.00010549775509831734,-0.46,-0.0015394955,-0.00014935923214163014,0.0040655827,2.06,-0.0041507516,1.28,0.00314098,0.00013953337692874953,0.0130434317,7.344345021186682e-05,-0.79,-1.926321830596606e-05,-0.42,0.0007684494,0.0018713307,0.48,-0.1,0.0019841766,0.0041914088,2.24,2.22,2.16,0.02,0.08,1.24,3.04,5.2,5.26,5.28
2012-03-21,1402.890015,-0.0329311987,2.0,-0.0018711971,-0.0030005178,0.0039738463,0.0011193983,0.6175220057,3.7157249073,2.7246470278,3.3314658948,1393.73161316,1380.59186291,1347.91762787,1283.08796071,2.31,8.461875779235597e-05,0.34,0.1,-0.0001040060521671086,-0.59,-0.0009799285,1.15,0.06,5.31,-0.0026609598,-0.0487804878,-0.0573770492,0.01,-0.18,-0.23,-0.0057099513,-0.12,0.0003323521,0.09,-0.0025007815,0.000380647,0.09,1.24,0.0034426893,0.3,0.15,4.06,-0.32,0.09,-0.0122498064,-0.0031196693,-0.1,-0.0057294402,-2.342924080383485e-05,S&P,-0.0087412587,0.00015364173748765465,0.55,0.0008200195,-2.0888396019193733e-05,-0.006812887,1.07,0.0033585101,-0.31,-0.0015867171,-2.226231847906206e-05,0.0005704875,-0.22,0.09,-5.8301010853590274e-05,-0.57,-0.0030787716,0.0023217608,-0.04,-0.01,0.00010773278885000979,0.00010186,2.22,2.22,2.16,-7.439085236902338e-05,0.06,1.25,3.0,5.16,5.22,5.22
2012-03-22,1392.780029,0.046731718,3.0,-0.0072065421,-0.0018711971,-0.0030005178,0.0039738463,-0.7001245664,1.9671862957,1.360177533,2.150416502,1393.55859786,1381.75264063,1349.67693772,1284.17942408,2.29,0.00016171206668592132,-1.05,-0.15,0.00018710621382102472,-0.23,-0.0155668825,1.13,-0.85,5.3,-0.0094922489,-0.0512820513,-0.0173913043,-0.34,-0.61,-0.64,-0.0052447487,-0.73,-0.0001423893,0.08,0.0028204325,-0.0039020329,0.06,-2.73,0.0009081736,-1.3,0.14,4.04,-0.5,-1.89,0.002154216,0.0034944871,-0.11,-0.0104166004,-5.5371213439800673e-05,S&P,-0.0194003233,-0.0666666667,-2.1,-0.0102178296,2.2636143145880852e-05,-0.0079060573,-3.86,-0.0053436819,1.25,0.0007943042,-7.377830654213275e-06,-0.0010188798,0.2,0.11,4.6659989997278513e-05,0.11,-0.0046325354,-0.0127359616,-1.59,-0.15,-0.0109616343,-0.0078580796,2.23,2.21,2.15,0.02,0.08,1.26,3.01,5.16,5.22,5.24
2012-03-23,1397.109985,-0.07155021,4.0,0.0031088585,-0.0072065421,-0.0018711971,-0.0030005178,-0.50279231,1.9141122131,2.0063798179,2.2969229304,1394.20430461,1383.21524486,1351.53705722,1285.30311125,2.25,0.00010420486862739087,0.42,-1.27,-8.0670769825985e-05,0.9,0.0010712783,1.1,1.62,5.26,0.0047572116,-9.047277901037058e-05,-0.0265486726,1.06,0.36,0.72,-0.0054893831,1.18,-0.0031171873,0.08,0.0003124375,0.0015015911,0.06,2.97,0.0068555298,0.29,0.14,3.99,0.24,1.99,-0.0111359994,0.013721409,0.57,0.0114221271,-0.00013277447746734767,S&P,0.0050958632,0.00015004225295471362,1.09,0.0104572787,-1.9224450904266735e-05,0.0025782374,0.26,-0.0083290383,0.91,-0.0030077717,0.00011768091086886961,-0.0110418467,-1.1,-0.6,-4.902707054215071e-05,-0.24,0.0013962768,0.0020569856,0.17,-0.09,-0.003526398,0.0015737562,2.19,2.17,2.11,0.02,0.08,1.27,3.01,5.12,5.18,5.2
2012-03-26,1416.51001,0.0299457234,-0.00010082034435822938,0.0138858252,0.0031088585,-0.0072065421,-0.0018711971,0.4795183543,3.3126961123,3.8245919743,3.5770987808,1398.25988741,1386.38617487,1354.08501615,1286.60865253,2.26,-0.00011073350832576212,0.58,0.55,-3.210921083453814e-05,0.53,0.0074219541,1.09,0.42,5.27,0.0132921523,-0.027027027,-0.0090909091,1.67,1.51,0.7,0.0183373337,1.66,0.0009364931,0.09,0.0181194013,0.01781342,0.06,1.08,-0.0074096325,1.08,0.15,4.01,1.29,1.96,2.83490080625e-06,0.0401456229,0.64,0.0223648804,-9.587654049581979e-05,S&P,0.0256486736,0.0714285714,2.0,0.0193968597,4.2117967904750696e-05,0.0172997773,-2.15,0.0057810931,1.31,0.0084598039,0.00011405266410580726,0.000451177,0.3,-0.56,-5.8554387167904747e-05,-0.15,0.0096048795,0.0119517443,0.62,1.77,0.0136500499,0.008164152,2.2,2.17,2.11,0.03,0.09,1.26,3.01,5.12,5.18,5.21
2012-03-27,1412.52002,-0.0176994367,1.0,-0.002816775,0.0138858252,0.0031088585,-0.0072065421,0.4980363069,1.1870102498,5.1482875605,2.9398449484,1400.85263879,1388.8751125,1356.37658493,1287.86150196,2.2,9.334106766152948e-05,-0.41,2.09,-6.885738075117685e-06,-0.36,-0.0092490226,1.04,-0.09,5.24,-0.0059659194,-0.0833333333,-0.0458715596,-0.59,-0.6,-0.78,0.0123563185,-0.92,-0.0004598795,0.09,-0.0021478981,-0.0007109432,0.07,-0.38,0.0042368607,-0.01,0.14,3.98,-0.58,-0.79,0.0182908391,0.012668246,-0.3,-0.0060645227,0.00019320318751839364,S&P,-0.0113404772,-0.0666666667,-0.15,-0.0072684162,-7.835654687785372e-05,-0.0047109733,-0.81,0.0007350187,-2.71,-0.0004786461,2.2438812475476614e-05,-0.0014550188,2.21,0.23,-4.838974487587892e-05,1.23,0.0035292927,-4.66262575073e-05,-0.87,-0.05,-0.0004986534,-0.0056076195,2.13,2.11,2.06,0.02,0.07,1.26,3.04,5.1,5.15,5.17
2012-03-28,1405.540039,0.1079108844,2.0,-0.0049415094,-0.002816775,0.0138858252,0.0031088585,0.1888974882,0.8075859774,3.9116413065,2.9186913057,1401.70489337,1390.46224836,1358.30456352,1289.03243267,2.21,-6.97155935637554e-05,-1.02,-1.22,-0.0001795156290079113,-0.15,-0.0113673907,1.05,-1.1,5.24,-0.0061873938,0.0303030303,0.0096153846,-1.06,-0.44,-0.61,0.0051099953,-0.79,-0.0002379781,0.09,-0.0101476322,-0.0049321828,0.05,-2.41,0.0022099448,-1.04,0.14,3.99,-0.54,-1.72,-0.0076728714,-0.0208333234,-0.01,0.0082806931,8.013369193580695e-05,S&P,0.0138235588,-0.0001461744054980581,-2.37,-0.0065834521,0.0001041992748689589,-0.008773978,-0.77,-0.0026008574,-1.19,-0.0038140786,6.885238615723825e-05,-0.0265415855,1.4024719023556904e-05,0.03,0.0001504324215495051,-0.37,0.0033639296,-0.0113153312,-1.15,-0.28,-0.0014970558,-0.0103243998,2.16,2.12,2.07,0.04,0.09,1.25,3.03,5.1,5.15,5.19
2012-03-29,1403.280029,-0.0156185779,3.0,-0.00160793,-0.0049415094,-0.002816775,0.0138858252,0.7538878919,0.0484851712,2.7359045669,2.1243196386,1401.99128167,1391.68298937,1360.06830726,1290.16922468,2.18,4.267973366747152e-05,-1.3,-1.71,6.202447312277006e-05,-0.11,-0.0142937733,1.01,-1.43,5.21,-0.0026842991,-0.0294117647,-0.0380952381,-0.05,-0.14,-0.18,-0.0125643889,-0.01,0.0006982354,0.07,-0.0021745884,-0.0030917803,0.02,0.51,-0.0013029969,-1.79,0.14,3.96,0.19,0.72,-0.0132163633,0.0171505117,-0.11,-0.0129674087,7.610538951990183e-06,S&P,-0.0153757466,-0.00014422350818854343,0.18,-0.0026724681,1.2573862838365106e-06,0.0025623224,-1.92,-0.0067485753,-2.63,0.0041489442,3.4770987344988755e-05,-0.0143207417,-0.69,0.1,-0.0001325410398121458,-1.09,-0.0012191709,-0.017667301,-1.44,-0.35,-0.0029984508,-0.0115338268,2.16,2.11,2.04,0.05,0.12,1.25,3.03,5.07,5.14,5.19
2012-04-12,1387.569946,-0.033331196,3.0,0.0137793876,0.0074488957,-0.0170814541,-0.0113584384,-0.8141773401,-1.2785187545,-1.0920363561,-0.4812579152,1388.26266278,1390.03572387,1369.47806143,1298.9662402,2.08,5.8434946876708526e-06,1.56,1.49,4.487245265093562e-05,1.44,0.0099145065,0.9,1.27,5.23,0.0160624927,-0.0333333333,0.0112359551,1.06,1.61,1.29,-0.0054775501,2.02,-0.0001427054,0.09,0.0207578254,0.0129589282,0.08,2.89,-0.0085717133,1.23,0.14,3.99,1.62,2.54,0.0092673378,0.0144703995,0.58,0.0188593964,9.415276248432351e-05,S&P,0.0118977101,-3.5818056359967517e-05,2.2,0.0150642107,4.3483253288916707e-05,0.0108827211,-0.05,-0.0009629049,1.59,0.0022337956,-0.00024994612565652167,0.0181638486,1.06,-0.69,0.00017060084928834627,-1.08,0.0003119445,0.0102641237,1.0,1.28,0.0152550763,0.0134523226,2.0,1.99,1.94,0.01,0.06,1.24,3.15,5.09,5.14,5.15
2012-04-17,1390.780029,-0.0331712721,1.0,0.0154866738,-0.0005036008,-0.0124750007,0.0137793876,2.3693729385,-1.9914878526,-1.8164348164,-1.3456266005,1383.74847417,1386.80137779,1370.34520146,1301.27068813,2.03,9.200977271854519e-05,1.61,-0.16,-9.619787321359858e-05,0.37,0.0272144649,0.88,0.08,5.17,0.0144007944,-0.00012664721332640366,0.0352941176,-0.13,1.43,0.33,0.0509712755,1.32,-0.0019010503,0.08,0.0115830438,0.0182104697,0.07,0.79,-0.010803241,2.24,0.13,3.94,1.35,0.7,-0.0023449091,0.0155795094,-0.11,0.0131548575,0.00014256057068272467,S&P,0.0159878723,-0.0714285714,0.55,0.0157252252,0.00018688954927121944,0.0171407566,-3.22,0.0084472826,-0.42,0.0029177665,-7.69929109749211e-05,-0.0093510946,-0.21,0.08,9.953049833431509e-05,-0.24,0.0037511879,0.0265366066,2.67,1.84,0.0232804233,0.0177717732,1.96,1.95,1.9,0.01,0.06,1.23,3.14,5.04,5.09,5.1
2012-04-18,1385.140015,0.0020079856,2.0,-0.0040552883,0.0154866738,-0.0005036008,-0.0124750007,1.2004043565,-1.9980465197,-1.9383799601,-1.4499974892,1384.00148159,1386.64315277,1370.92539022,1302.1052088,2.0,6.873310031849015e-05,-0.39,1.08,-7.994482362529947e-06,-0.62,-0.0158602315,0.86,-0.68,5.15,-0.0041753168,-8.665330050644553e-05,-0.0227272727,-0.47,-0.38,-0.28,-0.0022305626,-0.94,0.0001269781,0.07,-0.009542048,-0.0037367037,0.05,-0.72,0.0019213267,-0.88,0.13,3.91,-0.51,-0.28,0.0106223433,0.0142258507,-0.03,-0.0138952385,4.334387216732195e-05,S&P,-0.0032660333,3.9932400131945796e-05,-0.44,-0.0090176751,1.1508956258330369e-05,0.0035108603,8.386541407813597e-05,0.0029608316,-0.37,0.0050790046,-0.00010607745586873831,0.0196415784,2.22,0.07,-0.00015643861059750705,0.98,-0.0149486606,-0.0101411873,-1.51,-0.67,-0.012409514,-0.0037628221,1.95,1.93,1.87,0.02,0.08,1.24,3.15,5.02,5.08,5.1
2012-04-19,1376.920044,0.2070028933,3.0,-0.0059343972,-0.0040552883,0.0154866738,-0.0005036008,-0.7675218126,-1.575450164,-2.0362276567,-1.8511765514,1382.71394748,1385.71714241,1371.16047469,1302.84963502,1.98,-0.0001256229424100925,-0.04,1.23,5.810479236232841e-05,-0.31,-0.0204518788,0.84,0.03,5.13,-0.0042912046,0.00015896953625994985,-0.023255814,0.09,-0.42,-0.22,-0.0343558299,-0.29,0.0003015347,0.07,-0.0041746629,-0.0078806816,0.04,0.93,0.0036334275,-0.85,0.12,3.93,-0.42,0.54,0.010311442,0.0001570053,0.11,-0.0016170016,-9.724104409980359e-05,S&P,-0.0134048555,-0.0769230769,-0.03,-0.0055021448,-1.110435422492636e-05,-0.0054810612,-2.26,0.0038007133,1.95,0.0024096506,-7.627776014691838e-05,-0.0009298649,-0.62,-0.08,-3.0971880767636645e-05,-0.34,-0.0036357731,-0.009032873,-2.04,-0.41,0.0020941885,-0.0001217877,1.94,1.91,1.86,0.03,0.08,1.2,3.15,5.01,5.06,5.09
2012-04-24,1371.969971,-0.0103314491,1.0,0.003679774,-0.0084075702,0.0011692654,-0.0059343972,-1.3524826074,0.9848449742,-3.3170359332,-3.1443504589,1377.90471353,1382.22958083,1371.29997889,1304.90689608,2.0,7.070481063902512e-05,0.89,0.29,-0.00014386711939085793,0.17,0.0228991206,0.86,-0.46,5.15,0.0059527866,5.1083550493600464e-05,0.0361445783,0.14,0.53,6.0885249419083054e-05,-0.0199754565,1.01,-6.3434670219e-05,0.09,-0.0062266191,-0.0029792971,0.07,0.7,-0.0043390515,1.18,0.14,3.95,0.68,-0.03,0.0025585983,0.0111028312,0.3,0.0100350296,-0.0001036782958294807,S&P,0.0116243809,0.0769230769,1.32,0.0078297811,0.00012686551740408682,0.0072353365,-1.59,0.0038233472,0.91,0.001453363,-8.35459534330994e-05,0.0001030287,-0.73,-0.3,8.111330776654118e-05,-0.59,0.006312151,0.010334226,2.29,-0.67,0.0246460933,0.0077484999,1.93,1.91,1.86,0.02,0.07,1.2,3.15,5.01,5.06,5.08
2012-04-25,1390.689941,0.1054242349,2.0,0.0136445916,0.003679774,-0.0084075702,0.0011692654,0.4006761728,1.6058902636,-1.6053760432,-1.5454704139,1380.22930035,1383.03532942,1372.06036956,1305.76045872,2.01,0.00016238991401643985,0.39,0.36,0.0001026941127663456,0.2,0.0202377455,0.86,0.81,5.18,0.0103630661,-0.037037037,0.0002271696764962332,0.23,1.26,0.57,0.0887413657,1.61,-0.0006026676,0.09,0.0087719612,0.0229706182,0.08,-1.27,-0.004256613,1.76,0.14,3.98,0.63,-0.29,-0.0014930045,0.0214889716,0.22,-0.0027726202,0.00014279611666176705,S&P,0.0084668279,0.00010794890758078325,0.79,0.0176304833,-1.4150876009983918e-05,0.0062565174,4.71,-0.0011057378,-1.8,0.0020706537,5.16332542039628e-05,0.0075262677,0.74,-0.21,2.4658802721469075e-05,0.08,0.0103496942,0.0173114937,2.19,2.74,-0.0046059363,0.0016463617,1.93,1.92,1.87,0.01,0.06,1.2,3.17,5.04,5.09,5.1
2012-04-26,1399.97998,0.0090710604,3.0,0.0066801655,0.0136445916,0.003679774,-0.0084075702,1.6747476442,0.8943717782,0.0729126657,-0.3955816872,1383.82033301,1384.64910566,1373.15525625,1306.69796639,1.98,-0.00016750014960820487,0.32,0.74,-0.00013099381061976693,-0.27,-0.0012803291,0.83,0.67,5.17,0.006477654,1.3137784471204714e-05,-0.0348837209,0.74,0.68,0.07,-0.0037705327,0.77,-0.000999762,0.09,-0.002795031,0.0069250122,0.09,2.5,0.0033587786,0.36,0.15,3.97,0.92,1.14,0.0079153147,0.008075337,-0.11,0.0148285218,-6.56265683391208e-05,S&P,0.0146927145,0.0714285714,1.84,0.0076466803,-1.5552403087188386e-05,-0.0089809789,-1.55,-0.0029766789,1.39,3.21422368153e-05,0.00014416857709225646,-0.0008791572,0.1,0.1,0.00013531577086042104,0.25,0.0049666305,0.0052800212,-0.09,0.58,0.0087403594,0.0052108436,1.89,1.89,1.83,7.960108056723946e-05,0.06,1.2,3.19,5.02,5.08,5.08
2012-05-03,1391.569946,0.052854206,3.0,-0.0076588718,-0.0024966832,0.0056583842,-0.0038835018,-0.6007253047,1.0639617067,0.288273756,-0.5282506438,1393.65266795,1390.61002874,1378.02868934,1311.25597696,1.96,-0.00016479762382199574,0.28,-0.44,0.00010135457375110775,-0.74,-0.0009205416,0.82,-1.79,5.14,-0.0091613438,0.037037037,-9.705313834481081e-05,-1.07,-0.82,-0.7,-0.0070991981,-1.31,-0.0003814974,0.09,-0.0012578302,-0.0116182322,0.05,-2.07,0.0012162984,-0.16,0.15,3.95,-0.46,-1.92,-0.00279462,-0.0034744973,-0.04,-0.0043982175,-0.00020111135674559066,S&P,-0.0053619601,2.4290522755214893e-06,-1.37,-0.0146713283,-0.00010468758849296338,-0.0063804527,3.86,0.0011107824,0.32,-6.48427532357e-05,8.2890387471572e-05,0.0006742203,-1.17,0.05,3.331161136047231e-05,-0.15,0.0001529772,-0.0024334136,-0.06,-1.3,-0.0080930197,0.0014761814,1.91,1.87,1.81,0.04,0.1,1.19,3.18,4.99,5.05,5.09
2012-05-09,1354.579956,0.00630504,2.0,-0.0067022667,-0.0042786732,0.0003505807,-0.0161472085,-3.4036768612,-2.5965518219,-2.2062794136,-1.0323593312,1376.72073907,1381.70476056,1375.95361728,1313.33129494,1.87,0.00011817190528722338,-0.19,-0.68,7.478107730290036e-06,-0.2,-0.001968173,0.77,0.42,5.09,-0.0084959502,-0.00018071580509108494,-0.00010368326943553554,-0.98,-0.55,-0.77,0.0017600532,-0.63,0.0002536381,0.09,0.0085245902,-0.0039236251,0.07,-0.74,0.0024012006,0.41,0.15,3.87,-0.56,-0.78,-0.007523127,-0.0041089684,-0.54,-0.0178830832,-0.000208488069646057,S&P,-0.0156863037,-1.547215404538838e-05,-0.43,-0.0052203049,-3.84616680310039e-05,-0.0084503574,3.01,-0.001878312,-2.41,-0.0005648017,-3.784126171401945e-05,-0.0164556976,-1.53,0.51,-0.0001534251895945646,-0.94,-0.0107726065,0.0047433758,-0.1,-0.13,-0.0176623377,-0.0044107586,1.8,1.78,1.72,0.02,0.08,1.22,3.22,4.94,5.0,5.02
2012-05-10,1357.98999,-0.1307088193,3.0,0.0025174106,-0.0067022667,-0.0042786732,0.0003505807,-2.4130986801,-2.9993278904,-1.3748114193,-2.1317812544,1373.31514833,1379.44621098,1375.2491613,1313.77566007,1.89,-5.968139321663285e-06,0.28,-1.07,0.00011952674161490254,-0.01,0.0036939125,0.79,-0.42,5.1,0.0041558774,-9.105940839818964e-05,0.025974026,0.27,0.48,0.31,0.0023541708,0.75,0.0007290247,0.1,-0.0006501951,-0.0003646248,0.08,-0.21,0.0009981036,0.74,0.15,3.89,0.3,-0.68,-0.0050840173,0.0166382907,0.02,0.0024607038,5.9166279071472144e-05,S&P,0.0171620589,-3.835628858266377e-05,0.6,0.0035872041,-2.4638849357137493e-05,-0.0056416038,0.89,0.0019947811,-0.25,-8.05545124777e-05,5.5314743562999336e-06,0.0006821704,-0.11,0.01,-2.890773397007554e-05,-0.5,0.0045115278,0.0065927254,0.78,-0.02,0.0095187731,0.0025134992,1.81,1.79,1.74,0.02,0.07,1.21,3.21,4.95,5.0,5.02
2012-05-15,1330.660034,0.1154843118,1.0,-0.0057458379,-0.0111128639,-0.0033873409,0.0025174106,-2.4242467444,-5.3463398506,-3.0109942545,-4.3227536883,1357.93309469,1369.2273602,1371.31898069,1314.57211878,1.76,-0.00010081999722274124,-0.72,0.57,-0.00011783929361469916,-0.98,-0.0061216584,0.74,0.6,5.0,-0.0090364577,-8.552894492475408e-05,0.0136986301,-0.8,-0.43,-0.21,-0.0090466055,0.06,-0.0004587591,0.09,-0.0153194589,-0.0030386993,0.08,-0.94,0.0046896827,-1.14,0.15,3.76,-0.4,-1.46,0.0080704925,0.0065491681,-0.74,0.0125733721,-3.686234336085372e-05,S&P,-0.005245233,9.219402241270814e-05,-0.98,-0.002041244,-7.528956552380086e-05,-0.0040185337,2.84,0.0059486414,1.8,-0.0068742014,-6.868568173487246e-05,-0.0024707095,-0.67,0.74,-4.127398721663769e-05,-0.86,-0.0050054591,-0.0078906372,-0.67,-0.26,-0.0107526882,-0.00510473,1.68,1.67,1.61,0.01,0.07,1.24,3.24,4.85,4.91,4.92
2012-05-16,1324.800049,0.0404419986,2.0,-0.0044038183,-0.0057458379,-0.0111128639,-0.0033873409,-2.1984606275,-5.5273089929,-4.7379282799,-4.3562358568,1351.90890457,1364.9961877,1369.49470886,1314.67388923,1.76,-2.122645322481521e-05,-0.38,-2.38,-1.9205256295336147e-05,-0.44,0.0030928157,0.75,-0.47,5.01,-0.0056300818,0.0344827586,0.0135135135,-0.28,-0.43,-0.25,-0.0128170095,-0.82,-6.33061644378e-05,0.1,-0.0102614701,-0.0068146532,0.08,-3.15,0.004767107,-0.05,0.15,3.73,-0.25,-1.77,-0.0318925588,-0.0014706582,-0.12,-0.0215232604,5.353424342311104e-05,S&P,-0.0083747824,6.558608390996298e-05,-1.05,-0.0067536278,0.00014106906273336252,0.004646008,4.72,0.0003112481,4.88,-0.0041395591,5.690696873742778e-06,-0.0120644282,-1.8,0.14,0.00012613070709983784,-4.08,0.0015720484,-0.0026246111,0.28,-0.8,0.0326086957,-0.0059401744,1.68,1.66,1.61,0.02,0.07,1.28,3.25,4.86,4.91,4.93
2012-05-17,1304.859985,0.0896781157,3.0,-0.0150513763,-0.0044038183,-0.0057458379,-0.0111128639,-3.912400341,-6.2310889402,-6.7943825168,-5.2334236337,1343.35455556,1359.2689303,1366.9600138,1314.57623844,1.7,1.565410326406376e-05,-1.11,-0.87,-9.922543730273959e-05,-0.29,-0.012031454,0.74,-3.78,4.93,-0.0148034465,0.0666666667,-0.0133333333,2.2,-1.61,-0.23,-0.029226474,-2.33,0.0004115161,0.1,-0.0060201003,-0.0209983498,0.08,3.04,0.0069190471,-1.13,0.16,3.63,-1.28,2.86,-0.0030581988,-0.0254396012,-0.17,-0.0431471811,-8.308181443118868e-05,S&P,-0.0165779799,0.0666666667,-0.17,-0.0230277659,0.0001908032958703058,-0.0031640989,-0.92,-0.0117237215,2.93,-0.008523946,-6.127443848495707e-05,0.0139349603,1.14,0.16,-0.00013413886184246549,1.18,-0.0025113797,-0.0117946023,-1.18,-2.06,-0.0063158421,-0.0123767238,1.62,1.6,1.54,0.02,0.08,1.3,3.23,4.77,4.83,4.85
2012-05-22,1316.630005,0.0889760349,1.0,0.0004863373,0.0160359008,-0.0073877766,-0.0150513763,-1.0543661523,-3.4530524596,-6.344336005,-4.0336135025,1328.56617996,1346.48548628,1360.46884095,1314.42181522,1.79,8.535327484296389e-05,1.68,0.3,8.673325082352732e-05,-1.92,0.0188098336,0.78,-0.37,5.13,-5.30164472212e-05,2.9474755198144437e-06,0.04,-1.49,-0.08,-1.11,-0.0076787988,-0.59,-0.0007906763,0.09,0.0003361345,-0.0028553858,0.07,-1.33,0.0043243243,1.58,0.14,3.82,-0.1,-1.05,0.0061741941,-0.0127458575,-1.01,0.0461396522,-8.698293714241414e-05,S&P,0.0085987261,-2.3177375712264365e-05,-0.49,-0.0065521159,-6.573909401541105e-05,-0.0010970746,3.76,0.0074800903,-1.95,-0.004223584,1.8242500557000867e-05,0.010648494,1.28,1.02,3.4740076531249114e-05,1.68,0.000787758,0.0165154632,1.95,-0.32,0.0031380228,0.0186256584,1.72,1.7,1.65,0.02,0.07,1.31,3.34,4.99,5.04,5.06
2012-05-23,1318.859985,-0.0037224033,2.0,0.0016937029,0.0004863373,0.0160359008,-0.0073877766,-0.4483743796,-2.6369776728,-5.9509003351,-5.1650590029,1326.80141724,1343.85448616,1358.83712111,1314.46597612,1.73,5.6705778355910866e-05,-2.37,-1.44,0.00016644397817124797,-0.44,-0.0262054822,0.74,-2.63,5.06,-0.0002227588,-0.0666666667,-0.0512820513,-0.44,0.08,-0.45,0.0243997944,0.81,0.0018674727,0.09,-0.0218413642,0.0038885973,0.07,-2.33,0.0041099912,-2.38,0.13,3.71,-0.09,-1.31,-0.0132863564,0.0090558537,-0.77,0.0073507796,5.4971920457087e-05,S&P,0.0022102937,-0.0714285714,-2.55,0.0072929952,1.1719222337941638e-05,0.0010982795,1.11,-0.0072996352,-2.05,-0.0048937436,0.00013277319384497434,-0.0041582907,-1.83,0.77,-5.247766608677115e-05,-0.78,-0.0039357683,-0.0232845571,-2.52,0.21,5.6223511961944315e-06,-0.0253363515,1.66,1.64,1.6,0.02,0.06,1.35,3.33,4.93,4.97,4.99
2012-05-24,1320.680054,-0.0415399931,3.0,0.001380032,0.0016937029,0.0004863373,0.0160359008,1.2123959032,-2.7474382193,-5.0942385041,-5.6643614289,1325.68844211,1341.64739738,1357.34076554,1314.52780774,1.77,1.0401066878585846e-05,1.65,-0.4,0.0001461601632379619,0.67,0.0116472977,0.77,0.94,5.13,0.0015170526,0.0357142857,0.0405405405,-0.19,0.51,0.12,-0.0091838934,0.64,0.001548061,0.1,-0.0013741326,-0.0037683443,0.08,2.3,0.0002923692,0.62,0.14,3.76,0.56,1.73,-0.0063764428,-0.0093887795,-0.4,-0.0084645948,-2.4912931871146854e-06,S&P,0.0022053875,0.0769230769,0.91,0.0018296902,-0.0001546723140318267,0.0069478302,-3.29,0.0030219845,-0.67,-0.001565946,4.634967239271351e-05,-0.0052737229,-0.12,0.41,-0.0002015187582391374,0.08,-0.002686929,0.0047949946,1.14,-0.17,0.003649635,0.0158932473,1.69,1.67,1.63,0.02,0.06,1.37,3.36,4.99,5.03,5.05
2012-05-30,1313.319946,0.0269203054,2.0,-0.0143348924,0.0110789779,-0.0021656328,0.001380032,-0.2514038862,-1.303119321,-3.6957752377,-6.579789984,1323.48332171,1336.29682401,1353.24483678,1314.7241589,1.63,8.034891576554774e-05,-1.69,-2.23,0.00011468520553239715,-1.21,-0.0224073246,0.69,-3.01,5.03,-0.0188613685,-0.1,-0.0921052632,0.43,-1.87,-1.41,0.0120572917,-2.26,0.0014507609,0.07,-0.0074424563,-0.0117136887,0.05,0.7,0.0061535456,-1.84,0.13,3.68,-1.61,0.25,-0.0191672212,-0.025704326,-1.02,-0.019922747,-2.6022353213372246e-05,S&P,-0.0170542326,-0.0714285714,-2.22,-0.0195068886,1.2377151199676018e-05,-0.0261198462,-0.45,-0.0065156981,-1.21,-0.0097078499,-1.1147036872048795e-05,-0.0020789848,-0.46,1.03,0.0001040983092275841,-0.65,-0.0060712734,-0.0181402133,-1.89,-1.12,-0.0160206202,-0.0110150668,1.58,1.56,1.5,0.02,0.08,1.35,3.4,4.9,4.96,4.98
2012-05-31,1310.329956,0.2895433029,3.0,-0.0022766653,-0.0143348924,0.0110789779,-0.0021656328,-0.6467729021,-1.0922473177,-3.2666953179,-6.5591844264,1321.09180067,1333.82378896,1351.56190028,1314.68043548,1.59,-1.2945790309640829e-05,0.02,1.2,-0.00012402623303805053,-0.04,0.0004741814,0.67,-1.55,4.99,-0.0009957894,-0.00013421261439271962,-0.0289855072,-0.11,0.06,0.21,-0.0024862769,0.2,0.0028185869,0.07,-0.0051124404,-0.0035314583,0.03,-0.79,0.0028152607,-0.71,0.14,3.63,0.02,-0.79,-0.0032477504,0.0175883385,-0.09,0.0057646543,-7.282584177627386e-05,S&P,0.011040946,0.0769230769,-0.71,-0.0002362113,8.09154205045564e-05,-0.0145382126,0.17,-0.0057481703,-1.02,-0.0055887138,-6.52571918736825e-05,-0.0052141775,-0.93,0.11,0.0002163808083880316,-0.23,0.0035364251,-0.0026143043,-0.1,-0.27,0.0026259978,0.0044551182,1.56,1.52,1.45,0.04,0.11,1.36,3.4,4.85,4.92,4.96
2012-06-07,1314.98999,-0.0023943622,3.0,-0.0001064648,0.023049401,0.0057268504,0.0001095545,0.35563821,-0.2934348637,-0.7404935565,-2.9226747247,1306.98247998,1319.16694618,1341.35445121,1313.70060179,1.66,-2.499111786553759e-05,1.0,0.14,7.077767801197355e-06,-0.38,0.0041589736,0.72,-0.71,5.09,0.0003152816,0.0384615385,-0.0136986301,-1.94,0.1,-0.26,0.00045494,-0.59,0.0007699681,0.09,-0.004088586,-0.0048159225,0.04,-3.25,-0.0012639767,0.61,0.14,3.71,0.48,-2.75,0.0085181025,0.005329921,-0.08,-0.0078620804,-0.00013152466881166113,S&P,0.0067807881,0.0769230769,-0.3,-0.0063122654,0.00016166575724593495,0.0063607134,-6.07,0.0052984107,1.54,0.0026391479,4.060776561894835e-06,-0.0071117811,0.94,0.12,-3.759959548712021e-05,2.55,2.9130747669492714e-05,0.0082425437,0.43,-0.54,0.0063559855,0.0118310778,1.62,1.57,1.52,0.05,0.1,1.38,3.43,4.95,5.0,5.05
2012-06-12,1324.180054,-0.0267446495,1.0,0.0116507371,-0.0126201134,0.0081141637,-0.0001064648,3.0089501361,-0.6184228492,0.6223500226,-1.0587605824,1312.67233446,1319.26850438,1338.89112306,1313.87452209,1.67,-6.642518286522215e-05,0.86,-1.08,3.962511258312717e-05,1.14,0.0013638611,0.75,-0.88,5.1,0.0132090031,0.1111111111,0.0869565217,0.85,1.51,1.03,0.0087364886,1.97,-0.0003295255,0.1,0.0134948443,0.0118659402,0.06,1.18,-0.0042689434,0.49,0.15,3.72,1.64,1.4,-0.0042772972,-0.0003695242,0.3,0.0289457648,2.5148766265613647e-06,S&P,0.0100031946,-0.00011704193721571073,-0.33,0.0140078279,9.240906451626898e-05,0.0123334376,0.63,0.0027740427,-1.49,0.0053557672,-0.00021644010244562697,-0.0069670185,-0.93,-0.28,7.759130478331074e-05,-0.85,0.0154540086,0.0032877813,0.16,1.39,0.0193615374,0.007602587,1.61,1.57,1.52,0.04,0.09,1.38,3.43,4.95,5.0,5.04
2012-06-13,1314.880005,0.0184697873,2.0,-0.0070232511,0.0116507371,-0.0126201134,0.0081141637,-0.0190095275,0.1187874291,-0.1329150933,-1.1858798338,1313.07372911,1318.85055206,1337.94951058,1313.88452689,1.61,5.313429691806628e-05,0.16,0.94,-8.945988374693013e-05,-0.44,-0.0055367154,0.71,-0.01,5.04,-0.0068008901,1.0902245166784174e-06,-0.0533333333,0.52,-0.85,-0.33,-0.0069424969,-1.47,-0.0029039195,0.1,-0.0054626833,-0.008603362,0.07,-0.03,0.0019487479,-0.56,0.15,3.66,-0.67,-0.45,0.0081578217,-0.0078088994,0.34,0.0156943737,7.98513759554831e-06,S&P,0.0089457191,0.00010234920766908839,0.18,-0.0120153161,-0.0001191373184708152,-0.0077529533,-2.11,-0.0019489985,0.2,-0.0031042356,0.0002343829244483941,0.0127230196,0.7,-0.35,3.714668384577235e-05,0.45,0.0217183728,-0.0014201686,-0.57,-0.87,-0.0056467659,0.0018451157,1.54,1.51,1.46,0.03,0.08,1.38,3.43,4.89,4.94,4.97
2012-06-14,1329.099976,0.0516781643,3.0,0.010814653,-0.0070232511,0.0116507371,-0.0126201134,1.0730109056,1.4324651523,0.7764274537,0.3245717724,1315.98759218,1319.82668767,1337.60247001,1314.0359244,1.64,-6.86453702902049e-05,-0.04,-0.92,4.095669101449459e-06,1.06,0.00079534,0.73,-0.1,5.04,0.0101779414,-0.00011080161794625123,0.0281690141,0.31,1.33,0.89,-0.0011011273,1.39,0.0033689116,0.11,0.0072090974,0.0062867762,0.08,-1.85,-0.0050082661,0.07,0.15,3.66,1.4,-0.66,-0.0114639538,-0.0013039585,0.6,0.0102041694,-8.209294553426375e-05,S&P,0.0142494934,-9.353246674585323e-05,0.42,0.0132380206,-1.7788042661441206e-05,0.0186034981,14.19,0.0006298821,0.34,0.002177734,0.00012629140332404544,-0.0099089174,-0.23,-0.6,2.80373960257646e-05,0.45,0.0155159045,-0.0022560574,0.08,0.49,0.018069075,-0.0030452802,1.56,1.53,1.49,0.03,0.07,1.38,3.4,4.89,4.93,4.96
2012-06-19,1357.97998,0.1705574288,1.0,0.0098156953,0.0014447462,0.0103378152,0.010814653,2.5525173784,5.6382714897,1.9183091785,3.1907529935,1331.17402712,1327.40465519,1338.86162149,1315.0569784,1.64,-2.4872664688331768e-05,1.82,-0.47,-7.109936675277132e-05,0.76,0.0168710947,0.71,-0.3,5.05,0.0135690148,0.0344827586,0.0289855072,-0.63,0.71,0.63,0.0027826967,1.56,-0.000456147,0.09,0.0288204088,0.0118915395,0.06,-1.06,-0.0042070248,1.86,0.14,3.67,0.6,-1.04,-0.000573437,0.0061528563,0.89,0.0219526869,2.5427360602583688e-05,S&P,0.0154035741,-0.0666666667,1.09,0.0179927815,4.12715699256833e-05,0.0164842015,-3.42,0.0004303418,2.87,0.0021381756,-2.4300130906784552e-05,-0.0065875378,-0.92,-0.86,-7.732955605687722e-05,-0.04,0.0063348112,0.0184308544,1.57,0.97,0.0126582278,0.0173370919,1.58,1.55,1.5,0.03,0.08,1.38,3.41,4.91,4.96,4.99
2012-06-20,1355.689941,-0.0313601635,2.0,-0.001686357,0.0098156953,0.0014447462,0.0103378152,3.1037004019,3.0841008756,3.226174637,2.9666600223,1335.631466,1330.09849193,1339.52155559,1315.46128649,1.65,-0.00019143220892974948,0.54,1.04,-8.873022284335047e-05,-0.2,0.0027582806,0.74,-3.21,5.03,-0.0010738559,0.0666666667,0.0422535211,-0.75,0.02,0.05,-0.0028430788,-0.04,-0.0007553464,0.09,0.0074918239,0.000235494,0.06,0.07,0.0017685203,0.46,0.16,3.64,0.01,-1.09,0.0052624723,-0.0045083025,0.13,0.0302430743,8.466282550063607e-05,S&P,-0.0045509103,0.1428571429,-1.37,-0.0030263406,0.0001386866129039451,0.0058001655,-1.1,0.0048966396,1.39,-0.0008797816,5.978305242421135e-05,-0.0034414058,1.04,-0.12,0.00010924028774975145,0.26,0.0041966276,0.0045211996,0.34,0.18,0.005,0.0064443373,1.59,1.56,1.49,0.03,0.1,1.39,3.38,4.87,4.94,4.97
2012-06-21,1325.51001,0.1079010742,3.0,-0.0222616766,-0.001686357,0.0098156953,0.0014447462,-0.2701050384,0.8000076107,1.1584909534,0.5042252457,1333.79120128,1329.66149365,1338.97208321,1315.56127379,1.63,-5.4808641665067076e-05,-0.81,-1.52,0.00019494395221062138,-1.23,-0.0039341021,0.73,-3.73,4.98,-0.0247244185,2.617578860979349e-06,-0.0135135135,-2.53,-2.41,-1.52,-0.0137774189,-2.52,0.0023622419,0.09,-0.0255415778,-0.0243511625,0.05,-5.46,0.008826991,-0.6,0.15,3.61,-2.04,-4.37,-0.0130017548,-0.0109855482,-1.26,-0.0257888333,-5.0257239994061886e-05,S&P,-0.014324931,-0.0625,-2.69,-0.0245137061,6.898198223852276e-05,-0.0336589381,2.58,0.0075420734,-0.02,-0.0067076362,-5.794414637053344e-05,-0.0139562657,0.92,1.27,-0.00015015525956191256,-0.73,-0.0091044925,-0.0076656765,-0.38,-2.5,-0.0283581592,-0.0099425333,1.58,1.54,1.48,0.04,0.1,1.37,3.35,4.83,4.89,4.93
2012-06-26,1319.98999,-0.0253810875,1.0,0.0047727211,-0.0159548536,0.0071746044,-0.0222616766,-2.7975368238,-0.3164270589,2.6830019448,-0.932893051,1328.44565049,1327.78451004,1337.13317726,1315.77698691,1.66,1.7094008098539257e-05,-0.07,0.41,1.862422747981817e-05,0.39,-0.0029553264,0.75,2.21,5.0,0.0046997559,4.078556974509729e-05,0.0416666667,-0.79,0.69,0.58,0.0022075564,0.75,-0.0001100041,0.1,0.0050217273,0.0063114026,0.07,-1.63,-0.0044813407,-0.14,0.15,3.59,0.44,-1.63,0.0044657151,0.0251737803,-0.12,0.0110418743,0.00013343586915211502,S&P,0.0034140595,-0.0625,0.06,0.0040950202,-6.569530006280887e-05,0.01427873,2.71,-0.0023854739,-0.69,0.0045353455,-0.00010661691380823257,-0.00092042,-0.34,0.11,7.687535377357758e-05,-0.5,-0.0012030376,0.0007011628,-0.31,0.86,0.0143442111,-0.0006788476,1.59,1.56,1.51,0.03,0.08,1.41,3.34,4.85,4.9,4.93
2012-06-27,1331.849976,-0.0369271068,2.0,0.008984906,0.0047727211,-0.0159548536,0.0071746044,-1.7585116094,1.2906098606,1.2713549943,1.410930372,1329.06461877,1328.17169727,1336.9259929,1315.93691715,1.65,-3.464180237818403e-05,1.37,0.72,3.484785761183809e-06,0.16,0.0167324955,0.73,0.52,5.0,0.0094285867,-0.0001172785510779071,-0.0266666667,0.14,0.76,0.17,0.00431788,1.47,-0.0008015465,0.09,0.0049966689,0.0074490405,0.06,-0.48,0.0008690558,1.27,0.17,3.59,0.54,-0.59,0.0102787389,4.42976816442e-05,-0.16,0.0299635965,-0.00010045689324395497,S&P,0.0123723469,0.1333333333,0.9,0.0146662436,1.761874887345791e-05,0.0097086769,0.25,0.0028316008,0.81,-0.0042047116,-1.0371512493168291e-05,-0.0023099273,0.58,0.15,-1.7299419316661537e-05,0.12,0.0063233666,0.0150407294,1.61,0.37,0.0166666675,0.0141178451,1.59,1.56,1.48,0.03,0.11,1.41,3.35,4.83,4.91,4.94
2012-06-28,1329.040039,0.2076296583,3.0,-0.0021097999,0.008984906,0.0047727211,-0.0159548536,0.2663147749,-0.004509593,1.0684529241,1.4278909609,1329.06014972,1328.25439648,1336.6167398,1316.06729647,1.6,-0.00010736915679385388,-0.6,-0.92,-0.0001027626225534601,-0.53,-0.0037348144,0.69,-2.29,4.97,-7.23613314087e-05,9.023188954552995e-05,-0.0547945205,-1.42,-0.23,-0.39,-0.0094865173,-0.22,-3.14584119793e-05,0.09,-0.0086178323,-0.0089833749,0.02,-2.58,0.0082049581,-1.1,0.17,3.56,-0.22,-2.08,-0.0079094796,-0.0191029035,-0.24,-0.0244697668,-1.6427384923642135e-05,S&P,-0.0076382524,-4.20855002693689e-05,-0.6,-0.0004508593,-0.0002484675991626384,-0.0012019111,-1.87,-0.0046683066,-0.74,-0.0034139359,4.9962890290581126e-05,-0.009513618,1.49,0.26,2.8418043206174266e-05,0.17,0.0014962,-0.0126954892,-0.26,-1.17,0.0034774964,-0.0055757354,1.58,1.51,1.43,0.07,0.15,1.41,3.37,4.8,4.88,4.95
2012-07-05,1367.579956,0.4371264275,3.0,-0.0046870234,0.006232111,0.0024593116,0.0249202387,2.6827330889,0.8770453066,4.0079665673,3.9881951443,1350.48461554,1341.23929208,1341.17461328,1318.07807153,1.62,-0.0001144314330902516,0.36,0.67,-1.5749342428370166e-05,-0.07,-0.0127903658,0.68,0.93,5.05,-0.0080868858,-0.0666666667,-0.0144927536,-0.67,-0.48,0.16,0.0175673018,-0.16,0.0005194642,0.08,-0.0019505527,1.34536030453e-05,0.07,-1.77,0.002173913,-0.36,0.15,3.61,-0.08,-1.63,0.0189116405,-0.010761125,-1.04,-0.0418060189,-6.981552034954268e-05,S&P,-0.0104539725,-0.000128621032632355,-0.34,-0.0012950641,-0.00017998071141711683,-0.0082290103,1.59,0.0002505636,3.61,-0.0102503314,-6.646512572704505e-05,-0.0124883228,5.079100960382519e-05,1.05,-6.716730031945651e-05,0.02,-0.0038213109,-0.0064835118,-1.1,0.04,-0.0048947626,0.0008614911,1.55,1.54,1.47,0.01,0.08,1.44,3.43,4.9,4.97,4.98
2012-07-10,1341.469971,0.1947563738,1.0,-0.0081259263,-0.001638832,-0.0094326492,-0.0046870234,-1.7605172298,2.1123223071,-0.2461412223,2.4859935717,1349.6500817,1343.27598171,1342.10030359,1319.00651819,1.53,8.926425766283382e-05,0.81,-0.08,-0.00015189091535316334,-0.4,0.0058951668,0.63,-2.34,4.92,-0.0088969131,0.00010739228606089587,-4.6206668950333845e-05,-1.3,-1.02,-0.23,-0.00925242,-1.43,-0.0008789415,0.09,-0.0086666667,-0.0100416956,0.07,-2.04,0.0030809686,0.79,0.15,3.44,-0.79,-2.05,-0.0016332264,-0.0246611994,-0.54,0.0085394879,0.00011782434880411916,S&P,-0.0087190925,0.0714285714,-0.96,-0.0119657122,-3.543568988763259e-05,-0.006455481,-5.06,-0.0026144574,0.58,-0.0007758996,-0.0002212061060223068,-0.0029371365,-0.23,0.56,9.822774164261763e-05,-0.19,0.001475332,0.0079467239,0.55,-1.07,-0.0209580828,0.0065396006,1.46,1.44,1.38,0.02,0.08,1.48,3.39,4.77,4.83,4.85
2012-07-11,1341.449951,-0.0127672449,2.0,-1.49239270597e-05,-0.0081259263,-0.001638832,-0.0094326492,-2.3704217206,1.6257669499,-1.2172513029,1.3041955245,1348.15914884,1343.10207403,1342.07479956,1319.22983593,1.54,6.959773176693237e-05,-0.32,-0.15,5.053493921114456e-05,0.5,-0.005718919,0.64,2.31,4.9,0.0023149447,-9.864652136456776e-05,0.0158730159,0.66,0.06,0.64,-0.0062149699,-0.42,0.0009268423,0.1,-0.0147949227,-0.004944337,0.07,0.54,-0.0031301966,0.02,0.15,3.44,-0.39,1.27,0.0012120711,-0.0051480866,-0.11,0.0099270073,-0.00010504642941834706,S&P,0.0090991505,-0.0001221280349508869,1.47,-0.0036595609,-4.458765711718081e-05,0.0152809046,4.24,0.0032766604,0.84,-0.0004652568,-0.00019382451218940663,0.0050567718,-0.11,0.07,1.7998518070077983e-05,-0.45,0.0002947113,0.0024105661,-0.57,-0.64,0.0030580529,7.06029189246e-05,1.47,1.44,1.39,0.03,0.08,1.46,3.36,4.75,4.8,4.83
2012-07-12,1334.76001,0.0665880588,3.0,-0.004987097,-1.49239270597e-05,-0.0081259263,-0.001638832,-2.3998557347,0.2184956303,-1.5438582501,1.5119254171,1345.72294178,1342.30759174,1341.78794507,1319.38436502,1.5,3.0613529719443744e-05,-0.74,-1.89,-0.0002082975184477546,-1.0,-0.006990282,0.63,0.84,4.87,-0.0060726064,-0.0740740741,-0.015625,-0.29,-0.52,-1.16,-0.009149127,-0.35,0.0007376483,0.1,-0.022866895,-0.0075450797,0.08,0.52,0.0006868806,-0.41,0.15,3.41,-0.27,0.33,-0.0203276224,-0.0137839175,-0.33,-0.0159005204,-9.381967044952499e-05,S&P,-0.0126240457,-9.93869833309675e-05,-0.9,-0.0033322583,0.00021630148419625505,-0.0030812279,0.74,-0.0037684084,1.94,-0.0053993626,0.00010289631595475147,0.0046464966,-1.69,0.35,-1.2778410139835828e-05,-1.95,-0.0027982768,-0.0053456463,-0.7,-0.93,-0.0121950711,-0.009921475,1.42,1.4,1.35,0.02,0.07,1.46,3.37,4.72,4.77,4.79
2012-07-17,1363.670044,0.2459059915,1.0,0.0074096724,-0.0023143133,0.0164973619,-0.004987097,1.6549064444,-0.1347456984,3.8021857095,1.4046918152,1351.50958894,1346.44689164,1343.63534397,1320.52720732,1.53,-8.545703797998577e-05,-0.77,2.11,3.7345662160697905e-05,-0.01,-0.000921391,0.62,0.43,4.88,0.0066834387,0.0416666667,0.0333333333,-0.42,0.82,0.66,4.93648138287e-05,0.47,-0.0008622311,0.1,0.0074727919,0.0045220468,0.08,-0.02,-0.0030544881,-0.12,0.14,3.42,0.7,0.04,0.0174668845,0.0042590529,0.17,-0.0028497578,-0.00015413446479662371,S&P,0.002939418,0.00010847316333470874,-0.8,0.0035021704,-0.00010095154582600892,0.0079952966,-0.18,0.003501662,-1.38,0.00250624,-5.630138261775212e-05,0.0061597922,0.37,-0.17,5.3564628309163945e-05,0.35,0.0080351063,0.0018154782,-0.05,0.6,0.0066359877,-0.005880864,1.45,1.43,1.39,0.02,0.06,1.46,3.35,4.74,4.78,4.8
2012-07-18,1372.780029,0.0212943129,2.0,0.0066804907,0.0074096724,-0.0023143133,0.0164973619,2.3355383462,-0.0902454827,3.9992757066,1.0898576723,1355.37694167,1348.95480948,1344.77827279,1321.04713589,1.52,6.900851833612328e-05,1.01,-1.44,-5.3805423304626524e-05,0.3,0.0183917165,0.6,1.12,4.85,0.0046595119,-0.12,-0.0322580645,-0.57,0.64,0.45,-0.0011203068,0.45,-0.0006119279,0.09,0.0266352326,0.0111888698,0.07,-0.81,-0.0019766752,1.73,0.14,3.35,0.97,-0.29,-0.0110740459,0.0024893192,-0.08,-0.0008574735,-0.00013989931412070058,S&P,-0.0046893319,0.00018075520201941273,0.58,0.0070173068,-0.0001754050154734052,0.0055989267,6.33,-0.0037548927,1.65,-0.0010954944,3.836539546379987e-05,0.0036614553,-0.11,0.1,-1.9039322708602298e-05,-1.49,0.0053623623,0.016233753,1.83,1.28,0.0060852437,0.0100726059,1.45,1.43,1.38,0.02,0.07,1.5,3.33,4.71,4.76,4.78
2012-07-19,1376.51001,0.1100111732,3.0,0.0027171003,0.0066804907,0.0074096724,-0.0023143133,3.1279031202,0.6529822231,3.3532330822,1.5357544797,1359.21931773,1351.57911429,1346.02265464,1321.59900529,1.54,-0.00017739011451211253,0.51,1.88,-6.636082108918573e-05,0.39,0.0087284391,0.62,2.51,4.88,0.00238283,-4.0598789981132776e-05,0.0333333333,0.52,0.35,0.64,0.0132946191,-0.37,0.0005809024,0.09,0.0072249259,0.0079181007,0.06,0.45,-0.0021786492,1.07,0.14,3.37,0.16,0.22,0.016588976,0.040005504,-0.03,-0.0143020599,-0.00014857066153817393,S&P,0.0055949059,2.3968325479512172e-05,1.76,-0.0035898132,-5.446368261627903e-05,-9.993996094345219e-05,0.87,-0.0007488166,3.81,0.0045587013,1.3376727161507352e-05,0.0072573645,0.57,-0.01,-0.00013611264427413445,1.79,0.0023064148,0.0110660635,0.87,1.23,-0.0020161794,0.0049949683,1.48,1.45,1.4,0.03,0.08,1.51,3.34,4.74,4.79,4.82
2012-07-24,1338.310059,0.0468392706,1.0,-0.009040933,-0.0089090556,-0.0100616602,0.0027171003,-1.8596863011,-0.2355559251,-1.9919261522,1.8717906816,1354.54230381,1351.0880183,1346.49192819,1322.45066953,1.44,0.00013698181739785448,-0.45,-0.73,-0.00012900811511916345,-0.37,-0.0086570489,0.57,0.15,4.73,-0.0104204105,0.00014134132548515913,0.00016189615405993896,0.23,-1.06,-0.36,-0.0048192802,-1.51,0.0002348851,0.1,-0.0044399247,-0.009397406,0.08,-0.85,0.0043516699,-0.33,0.15,3.23,-0.96,-0.18,-0.00788683,-0.0131410206,-0.45,0.0084204706,4.8797577879608505e-05,S&P,-0.0062798746,0.0714285714,-0.83,-0.0143150901,1.0610704002174653e-05,-0.0073934633,2.25,-0.0026049343,-3.2,-0.0010851697,-3.3708328797819303e-05,0.0024216802,-0.47,0.48,2.6303623094543883e-05,0.38,-0.0111584641,-0.0045051309,-0.85,-1.19,-0.0059731707,-0.0062703893,1.36,1.34,1.29,0.02,0.07,1.5,3.29,4.58,4.63,4.65
2012-07-25,1337.890015,-0.0442321184,2.0,-0.0003138615,-0.009040933,-0.0089090556,-0.0100616602,-2.5415589725,-0.2653797108,-2.6295108131,1.3560727836,1351.51461494,1349.8310656,1346.15459826,1322.60429486,1.43,0.0001467146590028137,-0.25,-5.34040502208523e-05,3.5709502320893654e-05,0.6,0.0022961928,0.56,0.93,4.73,0.0022343344,0.0001008753632201074,-0.0175438596,1.57,0.41,0.87,-0.0431837299,0.41,0.0001565533,0.1,-0.0109777015,-0.0030562454,0.08,2.44,-0.0065823577,-0.05,0.14,3.22,0.9,1.37,-0.001368506,-0.0268561253,0.82,0.0126691045,4.055687810136096e-05,S&P,-0.0021065302,-0.0666666667,0.66,0.0020319088,2.0411500210025586e-05,0.0078032157,-3.67,-5.12758126347e-05,3.43,-0.0009289442,-6.108729827121199e-05,-0.0048621405,-1.42,-0.8,0.00014633380707568757,-0.97,0.0026726207,0.0025209437,0.24,-0.2,0.0015023035,-0.0001637311,1.35,1.33,1.29,0.02,0.06,1.51,3.3,4.59,4.63,4.65
2012-07-26,1360.02002,0.190937763,3.0,0.0165409748,-0.0003138615,-0.009040933,-0.0089090556,-1.1979564173,1.8924757867,-0.5527966366,2.1151063939,1353.06105222,1350.80144221,1346.69834029,1322.97659063,1.45,9.631324415248501e-06,1.42,-0.18,0.00028281985184414445,1.63,0.0406848493,0.58,0.84,4.75,0.0193149646,0.0454545455,0.0357142857,0.67,1.48,0.84,-0.000156516,0.85,-0.0007043797,0.11,0.01144641,0.0136673896,0.08,-0.05,-0.0059072561,2.69,0.15,3.25,1.49,0.62,0.000818918,0.0136373737,1.02,0.0181974136,-4.232511012297148e-06,S&P,0.0186971954,0.0714285714,0.56,0.0101389388,0.00015532941097106125,0.0150164128,1.14,0.0028295969,-1.47,0.0128623426,-1.7237964753248095e-05,-0.00475012,1.08,-1.02,-1.3710053704337336e-05,0.62,0.0179179478,0.0275406836,3.97,1.14,0.02799995,0.0136224638,1.37,1.34,1.3,0.03,0.07,1.5,3.3,4.6,4.64,4.67
2012-07-31,1379.319946,0.1897567293,1.0,-0.0043168287,-0.0004833597,0.0190805654,0.0165409748,3.0643038752,1.1476311347,2.8215298008,1.0113390527,1366.63672352,1359.231945,1350.85369007,1324.76557269,1.51,-2.4123530298868703e-06,-0.84,1.14,0.00015619580428364351,-0.01,-0.008748144,0.6,-1.21,4.78,-0.0059549519,0.00013998086688526946,-0.0163934426,-0.44,-0.43,-0.01,0.0264355958,-0.52,-0.0027901436,0.11,-0.0057354928,-0.0021454213,0.07,-0.42,0.0018475059,0.02,0.14,3.29,-0.4,-0.82,0.0107942729,-0.0118174978,0.36,-0.0038737965,-1.0837158866311468e-05,S&P,-0.0044169024,-0.0666666667,0.15,-0.0058617132,-0.00015095030697337932,-0.0081087256,-0.16,0.0002433388,-2.02,-0.0028988016,2.3946766427848393e-05,-0.0029759757,0.81,-0.33,-5.0451005429885344e-05,2.43,-0.0033116776,-0.0002657628,-0.8,0.03,-0.0024037982,-0.0102396185,1.44,1.4,1.37,0.04,0.07,1.49,3.27,4.64,4.67,4.71
2012-08-01,1375.319946,0.1620668992,2.0,-0.0028999798,-0.0043168287,-0.0004833597,0.0190805654,2.7976837095,0.1850199556,2.5248795138,0.0946075007,1368.21549124,1360.76413557,1351.81315109,1325.26860128,1.56,0.0002201505198850719,1.11,0.4,-2.949066368929747e-05,-0.16,0.0090836076,0.63,0.99,4.82,-0.0028738935,0.0434782609,0.05,-0.91,-0.29,-0.39,-0.0064673555,-1.84,0.0011003175,0.1,-0.0020359349,-0.0065691197,0.07,-1.36,0.0015151515,-0.38,0.14,3.32,-0.2,-1.93,0.0011906116,-0.0051864851,-0.63,3.8343602226170586e-05,-2.7091059197294604e-05,S&P,0.0026619638,-0.0001910714191887927,-1.26,-0.0200904732,5.4279415651463995e-06,0.0006909154,-1.18,0.0033281361,-1.23,-0.0078498376,3.39821537484532e-05,0.0093766727,-0.58,0.66,-0.00010980516657119566,0.18,0.0023114129,-0.0026283406,1.0,-0.44,-0.0009638554,0.0137525957,1.49,1.46,1.42,0.03,0.07,1.5,3.26,4.68,4.72,4.75
2012-08-02,1365.0,-0.0556596381,3.0,-0.0075036693,-0.0028999798,-0.0043168287,-0.0004833597,0.3661696098,-0.8361733599,2.2655750677,-0.1886512002,1367.63085647,1361.16755123,1352.33028242,1325.66393858,1.51,0.0001943550760961233,-0.78,-0.83,-3.8526982237078027e-05,0.33,-0.026824774,0.61,-0.06,4.75,-0.0096577978,0.00024660540008691233,-0.0317460317,-0.55,-0.62,0.02,0.0016150031,-0.38,-0.0001884185,0.09,-0.0074804148,-0.0035750652,0.04,-1.95,0.0023190541,-2.15,0.14,3.28,-0.71,-0.99,-0.0065680696,-0.0055150934,-0.38,-0.0230556111,-3.450960387410321e-05,S&P,-0.0165192321,7.257080418107631e-05,-2.52,-0.003280937,-7.54838693198224e-06,-0.0118514205,-7.92,-0.0020412861,-2.28,-0.0018623531,3.0177843107663117e-05,-0.0057353541,-0.00024993944173695617,0.35,-0.00018171946532152336,-0.74,-0.0134044399,-0.0219662442,-2.74,-0.25,-0.010130246,-0.0088397986,1.47,1.42,1.37,0.05,0.1,1.47,3.24,4.61,4.66,4.71
2012-08-07,1401.349976,0.1795102577,1.0,0.0051067586,0.0023292691,0.0190402857,-0.0075036693,1.5971660574,4.710411954,2.7631267671,4.4637603744,1380.56161005,1370.16836298,1357.23080371,1327.72963339,1.66,-0.00017063615421913307,0.44,0.28,-0.0002609596822356305,-0.46,0.0152047793,0.71,2.24,4.9,0.0067327363,0.125,0.0923076923,0.01,0.5,-0.12,-0.0026343073,0.9,-0.0011452777,0.11,0.0103505506,0.0086792565,0.09,0.91,-0.0031581051,0.63,0.14,3.45,0.4,0.75,0.00369174,0.0109833452,-5.306354505769168e-05,0.0195592016,-4.061561755948754e-05,S&P,-0.0011765,-0.0001135561361517516,1.53,0.008799712,4.544172657503342e-05,0.0053745113,1.93,0.0052430181,-0.49,0.0018116523,-5.3668220004946303e-05,0.0012548522,0.8,-7.750424704117342e-06,3.069543857538082e-05,-6.409499506292567e-05,-0.0079894688,0.0071154749,1.59,0.87,0.0071531715,0.0055778114,1.57,1.55,1.52,0.02,0.05,1.45,3.24,4.76,4.79,4.81
2012-08-08,1402.219971,-0.1251055672,2.0,0.0006208264,0.0051067586,0.0023292691,0.0190402857,1.9559103377,4.808314232,2.1445491177,4.5301742309,1384.49949386,1373.22089708,1358.99508478,1328.47083078,1.68,4.625824214228675e-05,0.48,0.15,-2.486252420385831e-05,-0.22,-0.0043494935,0.73,0.12,4.91,6.61377129605e-05,0.0740740741,0.0281690141,0.04,0.09,0.18,-0.0016910776,-0.15,-0.0008324564,0.11,0.0023132849,-0.001528621,0.09,-0.31,-0.0024462624,-0.05,0.14,3.47,0.01,-0.28,-0.0003502918,-0.0092153915,-0.29,0.0040530129,-2.0779283611841337e-05,S&P,-0.0041224677,-5.40227688483277e-05,-0.49,-0.0014726008,-5.177889031162697e-05,0.004094643,-1.05,-0.0026714031,1.38,0.003463066,-0.00010291481806856662,0.0015618472,0.8,0.28,-5.18960044484202e-05,1.01,0.000878562,-0.0002583677,-0.38,-0.12,-0.0052083804,0.000804579,1.59,1.57,1.54,0.02,0.05,1.44,3.23,4.77,4.8,4.82
2012-08-09,1402.800049,-0.0317152887,3.0,0.0004136855,0.0006208264,0.0051067586,0.0023292691,2.769234359,3.1455440634,1.9099053991,5.0975485099,1387.82686752,1376.03795917,1360.71292652,1329.21042499,1.69,2.020388209722322e-05,0.08,0.73,5.7038304118799444e-05,-0.31,0.0053660721,0.74,0.96,4.92,0.0008430486,-0.00010183328094320259,0.0136986301,0.36,0.16,0.05,0.0014035121,0.54,0.0001414783,0.11,0.0056050115,0.0024540948,0.1,0.37,-0.0037386935,-0.01,0.15,3.48,0.14,0.39,0.0101642607,-0.001365334,-0.48,-0.0064586114,0.0001336646258419821,S&P,-2.5806277627122395e-05,0.0714285714,0.26,0.003424379,9.93798691311882e-05,-0.0009062302,0.41,0.0026785586,1.72,-0.0025009094,7.176894611812156e-05,0.0060676176,1.13,0.46,2.430475461866917e-05,2.42,-0.0004388881,-0.0001664719,0.51,0.41,0.0023797715,0.0009579531,1.59,1.58,1.54,0.01,0.05,1.44,3.23,4.77,4.81,4.82
2012-08-14,1403.930054,0.1723646895,1.0,-0.0001281459,-0.001251901,0.0021884416,0.0004136855,0.1841137506,1.7842204103,4.9031982207,2.952327814,1395.37308468,1383.43899946,1365.67751961,1331.4394351,1.73,2.3993315221821538e-05,0.54,1.04,-7.476792427927634e-05,-0.43,0.0069635883,0.75,0.38,4.98,0.0001109475,0.0001124359083853564,0.0563380282,-0.71,-0.07,-0.27,0.0026825778,-0.24,-0.0005815233,0.11,-0.0085554462,-0.0018329209,0.11,-0.01,-0.000674995,0.8,0.15,3.55,-0.03,-0.14,0.0104734101,0.0032266391,-0.08,0.0029736684,9.862443609297737e-05,S&P,-0.0002182523122409406,-4.477505390019808e-05,0.06,-0.0032645624,-1.0761251621681825e-05,0.0006807125,3.85,0.0061917527,-1.6,-0.0001568988,-0.000134541716321331,0.0030177013,0.68,0.1,6.810057098615732e-05,0.95,0.0026292726,0.0093651167,0.79,-0.05,-0.0023820391,0.0056413696,1.62,1.62,1.58,-1.7151132685923222e-05,0.04,1.43,3.25,4.83,4.87,4.87
2012-08-16,1415.51001,0.1725877812,3.0,0.0071005107,0.0011396401,-0.0001281459,-0.001251901,0.9060422409,3.700367033,4.0800862623,2.8332521897,1400.54529423,1388.39691684,1369.13329044,1333.00584255,1.83,-1.0024522282681377e-05,-0.1,-0.76,-8.044819760955167e-05,0.41,0.0090716802,0.83,0.56,5.09,0.0075950173,0.0740740741,0.0375,0.71,0.68,0.07,0.0087345818,0.8,0.0006287035,0.09,0.0192052974,0.0103796398,0.1,1.44,-0.002830284,0.58,0.14,3.67,0.69,1.47,-0.0044553439,0.0173953544,0.54,0.0008092258,-0.00018386053570523057,S&P,0.0047100381,-2.3688819389275046e-05,1.01,0.0109666114,-0.00018662408202762117,0.0076136136,-0.87,0.0032915813,2.01,0.0034620744,0.00012971244833879375,-0.0031846257,1.79,-0.56,-0.00011209091146978641,0.1,-0.0021946014,0.0071241774,0.86,0.91,0.0042938933,0.0002571576,1.73,1.74,1.69,-0.01,0.04,1.42,3.26,4.95,5.0,4.99
2012-08-21,1413.170044,0.1867571358,1.0,-0.0034975362,-2.11746201275e-05,0.0018721337,0.0071005107,0.6581517344,0.8434772328,2.4541150223,5.5936204392,1407.60055345,1395.63866968,1374.48109177,1335.47260244,1.8,0.00010135759996233574,0.75,0.26,-3.5100572601810754e-05,0.28,0.0093949716,0.8,0.83,5.03,-0.001439267,0.0689655172,-4.913267957608251e-05,1.1,-0.16,0.42,-0.0136661381,-0.06,-0.00047175,0.11,0.0019518217,-0.0029094084,0.1,2.92,0.0011532625,0.82,0.14,3.61,-0.23,1.8,-0.0002079005,-0.0037445766,1.04,0.0179288739,-7.313808818729834e-05,S&P,0.0090989434,0.00015949816650230443,2.49,-0.0014084641,2.8366995697719458e-05,-0.0055713248,-0.04,-0.0011093533,1.99,0.0043390202,-7.620933106978976e-05,0.0053684222,-0.44,-1.05,0.00012407389091276412,-0.13,0.0011817135,0.0079104603,0.99,-0.22,-0.0038222647,0.0056830057,1.7,1.69,1.66,0.01,0.04,1.42,3.23,4.89,4.92,4.93
2012-08-22,1413.48999,-0.067092097,2.0,0.000226403,-0.0034975362,-2.11746201275e-05,0.0018721337,0.5663316212,0.8037268926,2.7753574076,5.6506868392,1408.67136009,1397.33879543,1376.01085249,1336.24889485,1.71,4.302606036807054e-06,-1.52,-1.38,4.0007112571038566e-06,0.36,-0.014695705,0.71,0.24,4.93,-0.0010491546,-0.1612903226,-0.1125,0.95,-0.02,0.16,0.0195256643,-0.49,-0.0006922266,0.11,-0.0084414938,0.0020897844,0.1,0.44,0.0008690029,-0.99,0.13,3.51,-0.33,1.88,-0.0105626666,0.0152433036,0.45,-0.0055204783,1.3692480639333874e-05,S&P,-0.0058173646,-0.0714285714,0.09,-0.0034340501,-0.00013572818785903662,0.0030871713,1.84,-0.0088715079,-0.15,0.0066233224,-5.229544313684167e-05,-0.0049838489,-0.44,-0.43,-0.00014740639172354072,-0.97,-0.0004425937,-0.010095443,-1.5,0.26,-0.0033572662,-0.0142210508,1.61,1.6,1.58,0.01,0.03,1.42,3.22,4.8,4.82,4.83
2012-08-23,1402.079956,-0.0177784888,3.0,-0.0080722425,0.000226403,-0.0034975362,-2.11746201275e-05,-0.9487784548,-0.0513325474,2.716480293,3.0925968281,1407.47292298,1397.79033453,1377.03317027,1336.90393029,1.68,-1.812383395762931e-05,0.1,1.35,-2.0452869900489868e-05,-0.15,-0.0084034619,0.71,0.09,4.88,-0.0077729376,2.0423889174092548e-05,1.233403173691758e-05,1.01,-0.87,-0.62,-0.0093291403,-0.78,0.0004565563,0.11,-0.0091683363,-0.0065947289,0.1,3.04,0.0034931853,-0.85,0.13,3.47,-0.89,2.24,0.0122920178,-0.0078157505,0.29,-0.0158604803,-9.859050158268049e-05,S&P,-0.0076068461,-7.56612342216528e-05,1.04,-0.0080732475,-4.05052245272029e-05,-0.0047874728,-0.85,0.000776646,-2.36,-0.0016173915,0.0001279091788238311,0.002543557,0.77,-0.28,1.3624895394753485e-05,0.76,-0.000147631,-0.0097153897,-0.88,-0.73,-0.0067373433,0.0004156252,1.58,1.57,1.55,0.01,0.03,1.41,3.2,4.75,4.77,4.78
2012-08-29,1410.48999,-0.0220114184,2.0,0.0008443489,-0.0008081819,-0.0004890152,0.006454731,-0.2122406258,0.3528890097,0.5897804318,2.5572263459,1409.01859367,1401.91870566,1381.95619119,1339.78327409,1.66,3.4442231084442346e-05,-0.36,-0.19,-6.144102590922187e-06,-0.52,-0.0051464078,0.69,-0.04,4.85,-0.0002738657,-6.073331633199394e-05,0.0001989100316110618,-0.63,-0.04,-0.23,-0.0019709854,0.17,-0.0004878049,0.12,0.0006529873,0.0013161729,0.12,-0.12,0.0016195971,-0.04,0.14,3.41,-0.02,-0.52,-0.0011756132,0.0041038316,-0.29,0.004578454,-0.0002067594157857632,S&P,-0.0008797068,-0.0666666667,-0.23,0.0043719579,5.130893068173198e-05,-0.0022701022,0.77,0.0019091383,3.01,0.0001105773,-9.878916247435685e-05,-0.0096080395,0.33,0.29,-8.343817738294045e-06,0.49,-0.002073752,0.0011266612,-0.48,0.02,0.0004805863,-0.0055751154,1.54,1.54,1.52,-7.491155980567264e-05,0.02,1.44,3.19,4.71,4.73,4.73
2012-08-30,1399.47998,-0.0159224026,3.0,-0.0078058051,0.0008443489,-0.0008081819,-0.0004890152,-0.1854370708,-1.1324561386,-0.2366744286,2.5260058608,1407.28430028,1401.68644608,1382.64339859,1340.37727116,1.63,0.00014300367777919009,-0.36,-1.32,9.424856770198256e-05,-0.3,-0.0101877293,0.66,0.1,4.83,-0.0081452656,-2.4430102311294556e-05,-0.0434782609,-0.02,-0.73,-0.6,-0.0142545371,-1.08,-0.0002676365,0.1,-0.010766721,-0.0105413754,0.12,-1.5,0.0031328954,-1.34,0.14,3.43,-0.78,-0.91,-0.0119058794,-0.0036419311,-0.18,-0.0107237804,7.19681151419751e-05,S&P,-0.0058702964,5.1233651713950413e-05,-0.61,-0.0112491584,0.0001700486420065198,-0.0079636517,4.33,-0.0024136433,0.14,-0.0023679869,-2.089989302686696e-05,-0.0003166447,-1.21,0.2,-3.654187182387867e-05,-1.69,-0.0023750036,-0.016415155,-0.88,-0.99,-0.0086455812,-0.0041786367,1.51,1.53,1.49,-0.02,0.02,1.4,3.2,4.69,4.73,4.71
2012-09-05,1403.439941,0.0589942849,2.0,-0.0010676613,-0.0011659593,0.0050732959,-0.0078058051,-0.4158169159,-0.6885302332,-0.0349100725,0.1491394038,1406.15085035,1402.5152967,1385.16554378,1342.28647214,1.6,-0.00011315185806999844,-0.11,-1.35,-4.623982363018257e-05,-0.01,0.0019858548,0.62,-0.95,4.78,-0.0012871649,0.0869565217,-1.1579721442309399e-06,-0.16,-0.18,-0.32,-0.0070224943,-0.22,0.0002993352,0.11,0.00014000823822292417,-0.0018829027,0.11,-0.23,0.0039124265,0.36,0.14,3.4,5.361348733657723e-05,-0.34,-0.0146598641,-0.0066968048,0.27,0.0027020536,5.409630135902703e-05,S&P,-0.0014792604,-3.138575902425875e-05,1.82,-0.00110691,0.0001615999239269943,0.0024104568,-2.07,-0.0006372244,-2.1,0.0025451515,2.423546992525126e-05,-0.0029202754,-1.25,-0.05,-5.64804292947557e-05,-2.13,0.0001486024,0.0046317334,0.21,-0.25,0.0068259386,-0.0024859129,1.49,1.49,1.46,0.00011725489771057658,0.03,1.38,3.18,4.64,4.67,4.67
2012-09-06,1432.119995,0.1663445565,3.0,0.0204355407,-0.0010676613,-0.0011659593,0.0050732959,1.5335099968,1.3180146398,1.8918105947,2.1323347705,1410.87251301,1405.33479178,1387.00689481,1343.18033804,1.68,6.247591736928546e-06,2.0,0.44,8.007068357642841e-05,0.92,0.0305626133,0.68,0.35,4.87,0.0210898507,0.08,0.0967741935,0.47,1.96,0.91,0.0090117985,1.85,-0.0009607358,0.11,0.0315893725,0.0216794347,0.1,1.08,-0.0077337803,2.76,0.14,3.46,1.72,1.24,0.0033549351,0.020956884,0.24,0.04257607,-7.261685866743591e-05,S&P,0.0322962963,-0.00012968444586401728,-0.25,0.0203597438,-3.259506513804328e-05,0.0190083129,-0.68,0.0059933819,2.64,0.0017528153,-0.000147419349435299,0.006986834,0.23,-0.2,-6.153793352359557e-05,0.37,0.008473302,0.0290953565,3.06,2.1,0.0319612107,0.0211032194,1.58,1.57,1.54,0.01,0.04,1.41,3.19,4.73,4.76,4.77
2012-09-11,1433.560059,0.0887063502,1.0,0.0031349562,-0.00614783,0.0040499742,0.0204355407,2.0371061541,1.6392132219,1.0880563803,2.0974193129,1420.99810269,1412.60937107,1392.26079913,1345.84987371,1.7,-0.000155341189637058,-0.08,0.17,0.00021214519599630876,1.03,0.0089131643,0.67,0.51,4.88,0.0065609672,4.129776589238184e-05,0.0151515152,0.34,0.28,0.94,-0.0032440355,0.26,-0.0004102435,0.1,0.002278711,0.000164306,0.09,-0.19,-0.0035725619,1.34,0.14,3.47,0.42,0.57,0.001548932,-0.0055233499,0.75,0.0216718277,1.8880954356429572e-05,S&P,-0.0127203816,3.3668506526981854e-05,0.41,0.0030379785,-0.00015745522979875742,0.0015645954,6.4,-0.006084908,-0.52,0.0049981022,-2.1880710514007927e-06,-0.0067165476,-0.79,-0.78,-8.234621600338129e-05,-0.34,0.0002932972,0.0133648011,0.88,-0.19,0.0051210428,-0.0001726162,1.61,1.6,1.56,0.01,0.05,1.41,3.18,4.74,4.78,4.79
2012-09-12,1436.560059,0.0374882822,2.0,0.0020926922,0.0031349562,-0.00614783,0.0040499742,2.359924143,1.9342942633,1.6551451185,2.3241902192,1423.82754929,1414.89038897,1393.99802501,1346.75246262,1.77,-2.6582332062057004e-05,-0.16,1.03,2.1218941103872774e-06,0.44,0.0018347299,0.7,0.49,4.95,0.0025672524,-2.6078952240364555e-06,0.0447761194,-0.01,0.63,0.34,0.0139269361,0.83,-0.0012154504,0.1,-0.0003247808,0.0031502449,0.09,-0.82,0.0027737826,0.53,0.13,3.56,0.51,-0.69,0.0109533221,-0.0001564243,0.35,0.0080808085,-1.7663922600354265e-05,S&P,0.0052708635,-0.0714285714,-0.13,0.0038008505,-1.2462284600998644e-05,-0.0007810756,2.37,0.0010289646,0.68,0.0022554754,1.138240653780667e-05,0.0028294493,1.7,-0.17,0.00019771828306976706,1.64,-0.0007330645,0.00457174,0.16,0.61,0.0138952756,-0.001743741,1.68,1.67,1.64,0.01,0.04,1.39,3.18,4.82,4.85,4.86
2012-09-13,1459.98999,0.2651186422,3.0,0.0163097469,0.0020926922,0.0031349562,-0.00614783,1.9460656298,3.5094187375,3.2897296995,3.8746921002,1430.40253851,1419.18558907,1396.5859452,1347.87920418,1.75,4.986757556896952e-05,0.69,-0.09,6.539124013590476e-05,1.22,-0.011767049,0.65,0.81,4.96,0.0169003836,-0.04,-0.0714285714,2.04,1.23,0.76,0.0196927316,1.15,0.0004109113,0.1,0.0051981805,0.013332012,0.1,4.46,-0.0080217191,-0.51,0.13,3.59,1.19,4.18,-0.0013827759,0.0180338181,0.69,0.0370742504,-0.00018874772130665494,S&P,0.0355373414,0.00013576665918842016,0.46,0.0130159031,-2.253844749219802e-05,0.0187604684,-0.85,-0.002338417,1.29,0.0029078267,6.798035231390094e-05,-0.0076062255,0.45,-0.2,9.981871798520139e-05,-0.03,0.012325693,-0.0045223431,-1.16,1.12,0.0059388308,0.0065373832,1.65,1.65,1.62,-5.999488877863169e-05,0.03,1.37,3.21,4.83,4.86,4.86
2012-09-18,1459.319946,-0.0301628461,1.0,-0.0012797754,-0.0031246914,0.0039589518,0.0163097469,1.796917181,3.8706284456,3.4655857069,2.9045250333,1444.54487533,1430.2591162,1403.98472071,1351.25413364,1.82,3.76300015589243e-05,-0.03,-0.37,2.717050330622345e-05,0.13,-0.0115373037,0.71,-1.55,4.91,-0.0025603967,-0.00019407105027189215,-0.0273972603,0.54,-0.1,-0.17,0.0030437865,-0.21,0.0017598098,0.1,-0.0009611984,-0.0002736594,0.08,1.01,0.0002052335,-0.4,0.13,3.59,0.21,1.67,-0.002719498,0.0029069767,-0.53,0.0016994174,-3.3204869632607756e-05,S&P,0.0031134162,-9.820910490781044e-06,-0.18,-0.0022936674,3.340263875501925e-07,-0.002828876,-3.21,0.0012329516,-1.91,-0.000162492,-3.1485248805320765e-06,-0.0091205345,-0.3,0.08,8.828282106104326e-05,0.09,0.0043956484,-0.007563796,-1.14,0.12,0.0086168258,-0.0042928319,1.74,1.72,1.69,0.02,0.05,1.32,3.09,4.78,4.81,4.83
2012-09-19,1461.050049,0.0219015275,2.0,0.0011855543,-0.0012797754,-0.0031246914,0.0039589518,1.7047661771,4.1049215087,3.6720356348,3.3881276498,1447.545816,1433.19158599,1406.22257673,1352.34663031,1.79,-0.00012738869103012915,0.2,1.2,-0.00010259375273139082,-0.08,0.005446005,0.7,-3.43,4.86,0.0015559929,0.08,-0.014084507,-0.06,0.02,0.22,0.0002707113,-0.33,-0.001361061,0.11,-0.0041693714,0.001516794,0.08,-0.36,0.000307787,0.32,0.14,3.55,-0.00011807911082802986,-0.55,0.0116484461,0.0113236444,9.136052925647862e-05,0.0019389725,0.00014560974534511215,S&P,-0.0053611457,0.0769230769,0.68,-0.000991885,-4.652436974122022e-05,-0.0117839823,-0.4,-0.0047352293,2.11,-0.000811361,-0.0001559741986305585,0.0040242355,1.1,-0.13,5.55640559013079e-06,0.3,0.0007293216,0.0058616824,0.48,0.12,0.0085431655,0.0034592898,1.71,1.68,1.65,0.03,0.06,1.31,3.07,4.72,4.75,4.78
2012-09-20,1460.26001,-0.0199457605,3.0,-0.0005407337,0.0011855543,-0.0012797754,-0.0031246914,0.0184946474,1.9649201951,3.5285624395,3.3088327707,1449.85748763,1435.76953114,1408.34169176,1353.42039528,1.8,-0.0001934716357596322,-0.72,-1.18,-4.498010014793103e-05,0.31,-0.0062008102,0.7,1.7,4.84,-0.0032819924,-0.0001411155496094584,-0.00021210035598166424,-0.18,0.07,-0.43,-0.0048426519,-0.25,-0.0011093502,0.11,0.0128825125,-0.0020926645,0.06,0.29,0.0011282051,-0.13,0.14,3.5,0.17,0.06,-0.0120425735,-0.0033246523,-0.61,-0.0021770682,-5.644985044175744e-05,S&P,-0.0014184113,2.0034500105147078e-05,-1.49,-0.0053382942,0.0002132631681799675,0.0104890913,1.27,-0.0025129277,-0.48,-0.0005674281,6.432881907636301e-05,-0.0207918432,-1.96,0.65,2.0066879872983945e-05,-0.99,0.0043732363,-0.0001717729,-0.58,0.02,6.790228470587511e-05,-0.0057569673,1.74,1.69,1.66,0.05,0.08,1.34,3.04,4.7,4.73,4.78
2012-09-25,1441.589966,0.2429376653,1.0,-0.0105018559,-0.0022326535,-7.53194631413e-05,-0.0005407337,-1.214948103,0.5601374668,2.6086542158,2.2085325362,1450.65319843,1440.04449988,1413.35021528,1356.35796608,1.7,-1.937686170672702e-05,0.39,0.07,6.712929444519456e-05,-0.15,0.0047437931,0.66,0.58,4.73,-0.0097862399,-2.9902412510403514e-06,-0.0294117647,-0.2,-0.98,-0.31,-0.024971422,-1.42,-0.0005547279,0.11,-0.0126706299,-0.0136200712,0.06,-0.1,0.0029040043,0.1,0.15,3.41,-0.62,-0.71,0.0001923424,-0.0091836577,-0.24,-0.0164928693,-0.00011064615755283041,S&P,-0.010826126,0.0714285714,0.75,-0.0148398784,-6.120176479122885e-06,-0.0015237158,3.07,-0.001746648,0.17,-0.0019431944,-1.2437846891484053e-05,-0.0019176979,0.22,0.18,1.3919156352480915e-05,-0.32,0.0046376812,0.0016119586,0.62,-1.23,-0.0022362253,0.0035795696,1.64,1.59,1.55,0.05,0.09,1.32,3.03,4.58,4.62,4.67
2012-09-26,1433.319946,-0.0466643493,2.0,-0.0057367353,-0.0105018559,-0.0022326535,-7.53194631413e-05,-1.8979570905,-0.2255466439,2.1290547694,1.7043848836,1447.50169799,1439.40406618,1414.13334197,1357.12375693,1.64,-4.4654332378811604e-05,-1.51,-0.95,1.5921219455564617e-05,0.32,-0.0281659991,0.63,-0.37,4.67,-0.0064605897,-0.037037037,-0.0454545455,-0.48,-0.71,-0.19,-0.0124120764,-1.01,-0.0006501847,0.11,-0.0072391908,-0.0077075402,0.05,-0.01,0.0034665579,-1.77,0.13,3.33,-0.45,0.68,-0.0082589432,-0.011051291,-0.22,-0.0076448091,-9.746570246183488e-05,S&P,-0.0086406392,-0.1333333333,-1.56,-0.0061850534,8.746479454895637e-05,-0.0055591346,3.39,-0.0003859485,-1.68,-0.0009707101,-0.00017819761972368117,-0.0123791746,-1.0,0.22,-9.404278112953987e-05,-0.83,-0.0046162724,-0.020013185,-2.75,-1.03,-0.009412775,-0.0156322156,1.59,1.53,1.51,0.06,0.08,1.34,3.03,4.54,4.56,4.62
2012-09-27,1447.150024,-0.1164111539,3.0,0.0096489817,-0.0057367353,-0.0105018559,-0.0022326535,-0.897784361,-0.8794557557,1.0494950879,2.5990991967,1447.43775727,1440.14177644,1415.42811382,1358.01954068,1.66,8.119229922611591e-05,0.12,1.31,-0.00017835042645337896,0.9,0.0071687046,0.64,1.79,4.71,0.0100251441,-0.0384615385,0.0158730159,1.47,0.98,0.69,0.0242641489,1.37,9.5210892126e-05,0.09,-0.0003314551,0.0138669385,0.05,2.1,-0.0035561878,-0.04,0.14,3.37,0.52,2.06,0.011426426,0.0277165781,0.33,0.0109343434,-9.741892405026706e-05,S&P,0.0098779785,0.0769230769,0.92,0.0115237311,0.00014374865551285693,0.0062479445,9.06,-0.0011325517,-1.95,0.0033606101,-7.09350897770275e-05,0.0260212203,0.45,-0.23,-1.2217422227366253e-07,0.72,0.0001449565,0.0018566943,0.67,1.45,0.0285067873,0.0019590166,1.61,1.57,1.52,0.04,0.09,1.34,3.05,4.57,4.62,4.66
2012-10-09,1441.47998,0.3811535951,1.0,-0.0098909422,-0.0034567357,-0.0003215889,0.0071744354,-0.2953498184,-0.0076294926,-1.2224849012,0.5524652386,1450.35711518,1446.01378499,1425.02647386,1365.11226997,1.74,6.737458997310716e-05,-0.68,0.78,-7.802578801132633e-05,-0.17,-0.0069719039,0.67,2.4,4.67,-0.0095703964,-2.51740253161428e-05,0.00014633352991214442,-0.61,-0.95,0.16,-0.0036353996,-1.28,0.0002226782,0.1,-0.0167897912,-0.0152071832,0.11,-0.09,0.0039568235,-0.99,0.15,3.49,-0.66,-0.32,0.0054127793,-0.0312668535,-0.66,-0.0067210514,2.6458787170853146e-06,S&P,-0.0195531011,-0.00018569998362307196,0.05,-0.0125117667,0.00010325434834553913,-0.0059344303,1.88,-0.000855849,0.2,-0.0023194288,3.902343655672481e-05,0.0196730073,-0.54,0.72,0.0002118490138492037,-0.06,-0.0148329201,-0.0077737682,-0.66,-1.57,-0.0130889616,-0.0053752142,1.63,1.64,1.59,-0.01,0.04,1.18,2.93,4.52,4.57,4.56
2012-10-10,1432.560059,0.0027173913,2.0,-0.0061880297,-0.0098909422,-0.0034567357,-0.0003215889,-1.2701625185,-0.0530158673,-1.9499667393,-0.2784429356,1447.12128678,1444.73247775,1425.32190857,1365.78339225,1.72,2.441336931596277e-05,-0.3,-0.14,5.644924887598445e-05,-0.2,-0.004998821,0.66,-0.15,4.62,-0.006032101,0.08,-0.0149253731,-0.09,-0.68,0.27,0.007957828,-0.21,0.0016697146,0.1,-0.0102459354,-0.0043197078,0.12,0.36,0.0025628197,-0.15,0.15,3.44,-1.07,0.3,-0.0008444119,-0.0237886589,-0.08,0.0094248185,1.1656591936354208e-06,S&P,0.0037037609,-1.7952692891750583e-06,-0.00013234414278592914,-0.0014131595,0.00014011515850563782,-0.0119396292,0.23,-0.0018410488,0.52,0.0006720039,-9.598123826390717e-05,0.002228076,-2.05,-0.1,0.00011824071025100622,-2.02,-0.0027774154,-0.0040499944,-0.5,-0.41,-0.0083996902,-0.005782767,1.6,1.62,1.57,-0.02,0.03,1.18,2.9,4.47,4.52,4.5
2012-10-11,1432.839966,0.138750907,3.0,0.0001953894,-0.0061880297,-0.0098909422,-0.0034567357,-1.9542943432,-0.9888441255,-1.8777507986,-1.8596034347,1444.524683,1443.59985758,1425.61673435,1366.45062184,1.7,-2.372929709068252e-05,0.85,0.26,-0.00013888644425416805,0.15,0.0142161915,0.67,1.21,4.57,0.0033320398,0.037037037,0.0151515152,0.35,0.16,0.31,-0.0199872276,0.44,-0.0033656136,0.1,-0.0010351622,-0.0007766343,0.12,-0.08,-0.0041246563,0.94,0.14,3.42,-0.02,0.06,0.0037979299,-0.0031430017,0.4,0.0079003591,-7.6886488797554e-05,S&P,-0.001419245,-0.0666666667,0.8,0.0036649882,6.33414232952056e-05,0.0015379436,3.71,0.0041883191,1.57,0.0023913522,2.422181339985541e-05,-0.0080539825,-0.47,-0.45,-0.0001882366588867825,-0.95,-0.0036646144,0.0106131539,1.47,-0.35,0.0035666518,0.0091920315,1.58,1.6,1.56,-0.02,0.02,1.15,2.87,4.43,4.47,4.45
2012-10-16,1454.920044,0.0243870934,1.0,0.0102699332,0.0080779225,-0.0029661373,0.0001953894,0.9323795118,0.6342759122,0.9246788833,-0.3015035882,1443.82153271,1443.2087897,1427.42034384,1368.66280661,1.75,-1.8287748861087266e-05,1.24,0.45,-4.093372367122785e-05,-0.54,0.0235828386,0.7,-0.63,4.55,0.0112099508,-0.00011544669599941087,0.0447761194,0.67,0.96,0.21,0.0236782201,0.74,-0.0009569836,0.09,-0.0006777364,0.0120717421,0.13,0.66,0.0049037099,1.59,0.15,3.48,0.7,0.73,0.0027813324,-0.0009828447,0.8,0.0106182395,0.0001009656626579152,S&P,-0.005014808,-3.9293002561442464e-05,-0.11,0.0086443869,0.00013770916303979235,0.0095071028,-1.41,0.0004568658,-1.12,0.0030483084,0.000183048447915231,5.01376354666e-05,1.4,-0.77,-0.0002596505910445159,0.79,0.0138484698,0.0158402506,2.28,1.24,-2.1416116804863863e-05,0.0111788447,1.62,1.66,1.6,-0.04,0.02,1.07,2.8,4.4,4.46,4.42
2012-10-17,1460.910034,0.0242520532,2.0,0.0041170579,0.0102699332,0.0080779225,-0.0029661373,1.978972876,0.6836741858,1.9249078391,-0.0095831762,1446.92853295,1444.89462249,1428.73366502,1369.58068947,1.83,4.667174947608327e-07,0.54,0.92,4.97621161781344e-06,0.97,0.0075865509,0.78,-1.61,4.6,0.0071591553,0.1111111111,0.1142857143,0.14,0.53,1.05,-0.0079717849,1.01,-0.0014847454,0.11,0.00339098,0.0009513168,0.13,0.84,-0.0076088059,0.24,0.15,3.56,0.27,0.76,0.0098820963,0.0145527711,0.5,0.0114405318,-0.00018498727523918798,S&P,0.0219389564,7.250529056252879e-05,1.19,0.0084745978,-0.00010862080290443379,0.0109331244,0.96,0.0029813005,1.15,0.000435832,0.0002146706030158109,0.0032446106,1.15,-0.41,-2.36019534933613e-05,0.86,0.0208482665,0.0024781882,0.74,0.19,0.0119258397,0.0068818503,1.7,1.72,1.68,-0.02,0.02,1.04,2.77,4.45,4.49,4.47
2012-10-18,1457.339966,0.061474782,3.0,-0.0024437289,0.0041170579,0.0102699332,0.0080779225,1.7098908867,-0.2778197573,0.7041386056,-0.1999674017,1448.82152077,1446.0798933,1429.85548075,1370.4539161,1.86,-4.9923585731141354e-05,0.2,0.72,-5.939087793220981e-05,-0.44,0.00217716,0.79,-0.71,4.58,-0.0004368021,-0.0333333333,0.0128205128,-0.49,-0.38,-0.16,-0.0185693566,-1.02,-0.0004636736,0.1,-0.0030415681,-0.0100672651,0.12,-1.08,0.0066448579,0.57,0.15,3.56,-0.01,-1.2,0.0047659348,-0.0106670934,-0.4,-0.0071560942,-6.450726130765353e-05,S&P,0.0029010443,9.143959711435754e-05,-0.13,-0.0064093729,5.983444437108826e-05,0.0009637435,3.37,0.0031368708,1.43,-0.0049618581,2.0491063172983243e-05,0.0123811959,1.93,0.3,-7.804589669828808e-05,0.51,0.0214084085,0.0057718423,0.26,-1.36,-0.0043649498,0.0010489428,1.74,1.76,1.71,-0.02,0.03,1.02,2.72,4.43,4.48,4.46
2012-10-25,1412.969971,0.0374102547,3.0,0.0029955429,-0.0030853826,-0.0144439063,0.0004395823,-3.0445878131,-1.3867560559,-3.3139491039,-2.3618873257,1429.22792033,1435.45216108,1428.04121751,1372.88189474,1.86,-0.00014972097229173443,-0.24,0.37,8.93537208211648e-05,-0.29,-0.0043659725,0.82,0.59,4.59,0.0039918515,0.0689655172,0.0789473684,0.55,0.21,-0.09,-0.0118184739,0.36,-0.0002240789,0.11,-0.0007168817,0.0014824315,0.13,1.44,0.0007946887,0.05,0.16,3.54,0.27,1.29,0.0021343339,-0.0243774646,-0.31,-0.0009590266,-0.00022508268853076873,S&P,0.0100830365,5.9181330459204734e-05,-0.34,0.0038960031,-6.106804203733912e-05,0.0061193037,-0.46,0.0049726197,-0.41,0.0053993532,1.9790751285312806e-05,-0.0068100095,1.11,0.32,-8.27074892600302e-06,1.02,0.0056545238,0.0010260025,-0.45,-0.09,-8.849639001597305e-06,5.17318443509e-05,1.73,1.75,1.7,-0.02,0.03,1.05,2.73,4.43,4.48,4.46
2012-11-01,1427.589966,0.0986215129,3.0,0.0109264755,0.0001558799,-0.0007289822,0.0029955429,1.0246888886,-1.8784591025,-0.9635939585,-1.2560978039,1424.28691425,1430.86330498,1426.84228275,1374.19413377,1.75,-0.00023351772884919783,1.26,0.88,3.373535649058973e-05,0.55,0.013451808,0.73,-0.49,4.5,0.01094217,7.114625835613935e-05,0.0138888889,-0.34,1.17,0.24,0.0020493214,1.16,-0.0007049136,0.09,0.0343377353,0.0143858819,0.06,-0.19,0.0004902402,0.86,0.15,3.45,1.04,0.06,0.0083194863,-0.0032204045,-0.14,0.027831094,0.00011359450184612008,S&P,0.0109825471,-0.0625,0.79,0.0111391988,6.278434202030989e-05,0.0047164639,0.19,0.0022087622,-0.19,0.0037108256,5.2654704473369e-05,0.0171818187,0.34,0.05,2.3813920404718607e-05,-0.72,0.0096018074,0.0103351968,1.45,1.68,0.0132953947,0.0136959732,1.69,1.66,1.6,0.03,0.09,1.05,2.75,4.35,4.41,4.44
2012-11-02,1414.199951,-0.0502329582,4.0,-0.0093794544,0.0109264755,0.0001558799,-0.0007289822,0.3868643123,-3.197327824,-1.2816291984,-2.5355129431,1422.45292093,1429.27631889,1426.34650503,1374.5922016,1.75,5.6458662279168884e-05,0.04,1.13,-3.5449740087404256e-05,-0.22,0.0049088046,0.73,-2.3,4.52,-0.0091982771,-0.0666666667,3.93190248483901e-06,-2.15,-1.25,-0.62,-0.0330908116,-1.97,0.0004168337,0.09,-0.0006775068,-0.0125594112,0.08,-4.32,-0.0037,0.37,0.15,3.47,-1.32,-4.28,0.0132647178,0.0012061644,-0.81,-0.0098039683,-2.149373628291629e-06,S&P,-0.0093951553,-9.563696451395655e-05,-2.03,-0.0162831206,0.00012560699174057362,-0.0145196619,-3.92,0.0045078887,0.12,-4.689041044961772e-05,0.00012821470908125766,0.0059963572,1.23,0.9,0.00020398143338596066,1.19,-0.0083915804,0.0038415273,0.42,-1.63,-0.0014058575,0.0011430076,1.67,1.66,1.6,0.01,0.07,1.05,2.77,4.37,4.43,4.44
2012-11-05,1417.26001,-0.2173996914,4.9809028498968915e-05,0.0021638093,-0.0093794544,0.0109264755,0.0001558799,0.3036185544,-2.7502131922,-1.0873479502,-3.0203923139,1421.50875531,1428.13190852,1425.99017189,1375.01675691,1.72,-2.192766618329516e-05,-0.34,-0.26,-9.32901157009858e-05,0.02,-0.0125871052,0.7,1.94,4.46,0.0006484399,0.0001058385120553546,-0.0410958904,0.4,0.46,0.28,0.0135575361,0.99,0.0007531931,0.11,0.0044067458,0.0058783587,0.09,0.19,-0.0007025996,-0.44,0.15,3.42,0.48,0.91,-0.0047455167,0.0082178987,-0.31,-0.0035360209,5.6476315085297804e-05,S&P,0.0082986954,-0.00013849702034427573,-0.37,0.0063484448,-0.00012004650754114543,0.003988036,-2.550203449858033e-05,0.0034903889,0.49,-0.0070173742,2.9406775103451135e-05,-0.0014259483,-0.44,0.34,-0.00012514087212671504,-0.58,-0.001551495,-0.0050761331,-1.19,0.8,0.0046926797,-0.0050267525,1.63,1.61,1.57,0.02,0.06,1.04,2.74,4.31,4.35,4.37
2012-11-06,1428.390015,0.1321207515,1.0,0.007853185,0.0021638093,-0.0093794544,0.0109264755,1.165068961,-0.3349120631,-0.0139963884,-2.2273509201,1422.75989343,1428.15649009,1426.08428339,1375.54783411,1.78,-0.00013240591516443427,0.66,-0.43,-2.635809945409251e-05,0.19,0.008745806,0.75,3.1,4.52,0.0087496871,0.0714285714,0.0714285714,1.86,0.94,0.67,-0.0030276539,0.82,-0.0006405329,0.1,0.0077624707,0.0040904704,0.12,2.91,0.0001004419,0.65,0.15,3.48,1.13,2.6,-0.0028160309,0.0137839627,0.13,0.0144310622,5.500820716399121e-05,S&P,0.0088183422,-3.106092723695504e-05,1.04,0.0074432452,-2.6562132891190284e-05,0.010813241,1.77,-0.0042235528,0.47,-0.0022695184,3.1981899552551186e-05,-0.003797528,-0.44,-0.03,5.776836126153237e-05,1.06,0.0031077977,0.0070005814,0.87,0.51,0.0084072863,0.0078436408,1.66,1.68,1.63,-0.02,0.03,1.04,2.74,4.37,4.42,4.4
2012-11-07,1394.530029,0.3173660481,2.0,-0.0237050005,0.007853185,0.0021638093,-0.0093794544,-1.2484424269,-2.7402267007,-3.1663791353,-4.2139445414,1417.62719081,1424.95396998,1424.84686165,1375.73671167,1.68,-0.00023003053139757,-1.4,0.75,0.00010972223861513822,-1.03,-0.0198552965,0.67,-3.83,4.46,-0.0208785496,-0.1,-0.1066666667,0.04,-2.54,-0.22,-0.0426352683,-2.94,0.0007691322,0.1,-0.0261219348,-0.0247814175,0.12,-1.15,-0.0038164106,-1.96,0.14,3.4,-2.56,-0.59,0.0070824315,-0.023152046,-0.34,-0.0559701713,2.6704716834152184e-05,S&P,-0.0410839161,-0.0666666667,-1.8,-0.0255801495,8.369159576920893e-05,-0.0374413379,-1.08,0.001621719,1.51,0.0004792094,4.010996020860697e-05,-0.0001277508,-0.22,0.22,1.1009258277447953e-06,0.45,-0.009435375,-0.0196441322,-2.01,-2.46,-0.0213062066,-0.0158541021,1.56,1.58,1.54,-0.02,0.02,1.06,2.78,4.32,4.36,4.34
2012-11-08,1377.51001,-0.1324391884,3.0,-0.0122048422,-0.0237050005,0.007853185,0.0021638093,-3.5080070043,-2.5192642737,-5.3205696299,-4.4377980192,1410.33315793,1420.4354976,1422.99051452,1375.75435643,1.62,-0.00011791923808982906,-0.25,-2.56,0.00013418253506724276,-0.44,-0.0005602304,0.65,0.4,4.42,-0.0108086854,8.518279820587732e-06,-0.0298507463,0.83,-0.99,-0.06,-0.0362903704,-1.0,-0.0002882029,0.1,-0.0092847662,-0.0142001506,0.13,1.83,0.0046375643,-0.29,0.15,3.42,-0.68,1.73,-0.0241150715,-0.0202964408,-0.19,-0.0019762352,-6.995735378307091e-05,S&P,-0.0170161653,0.0714285714,0.78,-0.0135111566,0.00011917014584976691,-0.0125878884,0.84,-0.0039855523,1.26,-0.0006390567,1.7659642328769676e-05,-0.0162513462,-1.34,0.04,4.508148520588555e-05,-1.81,-0.009809412,-0.0038532797,-0.07,-1.46,-0.0113582589,-0.0026762898,1.49,1.52,1.47,-0.03,0.02,1.0,2.8,4.27,4.32,4.29
2012-11-09,1379.849976,-0.0349700491,4.0,0.0016986926,-0.0122048422,-0.0237050005,0.007853185,-2.4289334034,-2.0514657675,-5.5486002638,-3.679432682,1404.79076122,1416.57020983,1421.2987287,1375.79510886,1.61,4.588256753125784e-05,-0.02,-1.1,5.215470875212506e-05,-0.1,0.0046630365,0.65,2.0,4.43,0.0003390931,7.645024613263424e-05,2.214127321477005e-05,0.01,0.04,-0.21,0.0173129043,0.39,0.0038438131,0.09,0.0006942381,0.0032083516,0.13,1.11,0.0037029604,-0.55,0.15,3.4,-0.09,0.83,-0.0084633958,-0.0045744798,-0.3,0.00544547,2.632516088339091e-05,S&P,0.00017889031210858848,4.2621356301453616e-05,-0.58,0.0017261966,0.00011262774650964363,0.0016078902,-2.91,-0.0061398649,-1.49,-0.000287822,-4.999498550165078e-05,-0.0011789174,-0.9,0.33,-5.414740071616343e-06,-0.06,0.0031586647,-0.0057543638,0.57,0.33,0.0052657255,-0.0011079972,1.48,1.52,1.46,-0.04,0.02,1.03,2.82,4.28,4.34,4.3
2012-11-12,1380.030029,-0.296053299,-0.00013685145094533658,0.0001304874,0.0016986926,-0.0122048422,-0.0237050005,-2.6268984334,-2.3312556301,-5.3048663183,-3.6856828573,1400.28880991,1413.09019261,1419.68034832,1375.83724737,2.6272953521205036e-05,-3.671279459516814e-05,-0.03,0.41,-0.00015125725734893065,0.42,-0.0034817941,0.0002192563534536165,-0.3,7.917901702806819e-05,5.95984876854e-05,-1.0,-1.0,-0.17,0.18,0.43,-0.0077322451,-0.08,-0.0036855037,-0.00023699869308223197,-0.0211585501,-0.0002134749,-5.181367028488926e-05,-1.52,-0.0001899639,0.02,8.399594299700577e-05,-3.062977904090125e-05,0.13,-0.61,0.002147358,0.0007070081,0.01,-0.0009846628,-3.6510337340042606e-05,S&P,0.000618269,-1.0,0.67,-0.0015848783,9.218347966030359e-05,0.0012613347,1.91,-0.0002390191,-2.86,-0.0052129557,-4.536261655932243e-05,0.0049326844,-0.8,9.588849882120904e-05,-7.41795450973526e-05,-0.02,-0.0027193787,0.0007342453,-0.41,0.02,-0.0052381429,-0.0004160337,7.659956343555074e-05,-0.00011160021306424744,-3.6190594518206526e-05,-5.764898399356049e-05,0.00016866995207785076,8.060442780765293e-05,-0.0002592212662120753,-6.789522875242485e-05,-3.85332241251068e-05,-1.1168804857244344e-05
2012-11-13,1374.530029,0.3458602398,1.0,-0.0039854205,0.0001304874,0.0016986926,-0.0122048422,-3.7706778565,-2.6495398929,-4.0929614646,-3.7841464862,1395.6053952,1409.41779608,1417.90974756,1375.82424022,1.59,4.4702550870162345e-05,0.16,-1.03,2.146022055267859e-05,-0.18,0.0055545547,0.63,-0.74,4.44,-0.0038254167,5.354013104715766e-05,0.00011336266495832232,-0.16,-0.53,0.06,0.0001289796,-0.74,-0.0040834628,0.11,-0.040042489,-0.0070104526,0.12,0.91,-8e-05,0.06,0.15,3.41,-0.49,0.22,-0.0112761082,0.0005740495,-0.05,-0.0133070718,3.484962939316256e-05,S&P,-0.0108124501,6.124270728976363e-05,-8.930312699298732e-06,-0.0059841765,-6.56574960570086e-07,-0.0097342991,4.73,0.0017367355,-0.51,-0.0010160933,8.04812312763459e-05,-0.0150936947,-0.23,-0.11,8.579909026721296e-05,-0.74,-0.0024396958,5.02668539278e-05,0.59,-0.79,-0.0100526094,0.003294436,1.47,1.48,1.44,-0.01,0.03,1.03,2.85,4.29,4.33,4.32
2012-11-14,1355.48999,0.1892491789,2.0,-0.0138520357,-0.0039854205,0.0001304874,0.0016986926,-2.7995122506,-4.0130043788,-5.4630259691,-5.8772482141,1388.31168516,1404.28181454,1415.46191393,1375.62190937,1.59,-0.00010068329451520997,-0.57,1.16,-0.00012548339116912985,-0.72,-0.0089139151,0.63,1.25,4.46,-0.0149328959,-0.0740740741,9.447852135453536e-05,0.06,-1.31,-0.57,-0.0110885981,-1.78,0.0023797273,0.1,-0.0092284976,-0.0128575762,0.15,1.21,0.001800144,-0.83,0.15,3.44,-1.36,0.58,0.0119563936,-0.016107718,0.25,-0.0187312683,8.856772504140874e-05,S&P,-0.0184259838,3.5039982223745516e-05,-0.52,-0.0200377661,-3.882834026196744e-05,-0.0046258933,0.56,-0.0017337245,-0.78,1.4707914819929758e-05,0.00012109596591907169,0.0036769116,2.988592583564049e-05,-0.3,0.0002744943581484746,0.36,-0.0034528124,-0.0093735624,-0.9,-1.21,-0.0323984526,-0.011112422,1.44,1.49,1.44,-0.05,0.00010854961564846724,1.02,2.87,4.31,4.36,4.31
2012-11-15,1353.329956,-0.0439565788,3.0,-0.0015935448,-0.0138520357,-0.0039854205,0.0001304874,-1.7553450664,-5.2017744428,-4.230387559,-6.9825203398,1381.95137077,1399.42925659,1413.02536656,1375.40009889,1.58,6.788064634191979e-05,-1.21,-1.19,9.379055125417085e-05,-0.11,-0.0051823571,0.62,1.25,4.48,-0.0008274948,-0.04,-0.0158730159,-0.62,-0.13,-0.41,-0.0209730626,-0.62,-0.0005614373,0.08,-0.0067064083,-0.0034670799,0.13,-1.62,0.0021862397,-0.99,0.14,3.49,-0.18,-0.18,-0.0155330985,-0.0105404397,0.35,0.0025451259,1.5447961660139825e-05,S&P,0.004454343,-0.0666666667,0.29,-0.0048112157,-0.00013982899499904655,0.0008132799,-1.52,0.0093128368,-0.19,-0.0023289999,4.1059533808317035e-05,-0.0122256857,1.73,-0.25,-1.2108993731091472e-05,-1.57,-0.0028872096,-0.0082372092,-0.51,-0.3,0.0024987006,-0.0077246059,1.45,1.5,1.44,-0.05,0.01,0.99,2.9,4.34,4.4,4.35
2012-11-16,1359.880005,0.029789736,4.0,0.0048399498,-0.0015935448,-0.0138520357,-0.0039854205,-1.4472566835,-3.8410371858,-3.4690324756,-6.9155544591,1377.93839517,1395.6626612,1410.94123473,1375.2456701,1.58,3.857542449263896e-05,-1.14,-0.23,-0.00021194359319106116,0.41,-0.0120860582,0.62,-1.83,4.48,0.0043903317,8.074085566641242e-05,5.711006517756705e-05,-0.12,0.63,0.1,0.0039192117,0.95,0.0009309044,0.06,-0.0052513128,0.0057068328,0.07,-0.09,-0.0032273809,-1.23,0.13,3.49,0.38,-0.92,0.0023724594,0.0209881681,-0.28,0.0035542017,5.545726175555188e-05,S&P,0.011720019,-0.0714285714,-0.32,0.0088372007,5.0078606470567766e-05,0.0035987695,2.35,0.0114713969,-1.05,0.0015390365,3.3634107776908705e-05,-0.0076664234,2.15,0.31,0.00011603811103919118,-0.31,0.0017373968,-0.0131882151,-0.18,0.44,0.0044865905,-0.0127161417,1.51,1.52,1.45,-0.01,0.06,0.99,2.9,4.35,4.42,4.41
2012-11-19,1386.890015,-0.1658736848,6.672738441984071e-07,0.0198620539,0.0048399498,-0.0015935448,-0.0138520357,0.497089618,-2.1428668548,-1.8457544417,-4.83414664,1379.56596241,1394.82717108,1409.99804965,1375.36153422,1.61,-7.123585508991584e-05,2.31,0.55,-3.4596028193330996e-05,0.94,0.0293459436,0.64,2.52,4.52,0.0187529849,0.0416666667,0.0322580645,1.06,1.67,0.7,0.0721081045,1.72,0.0005772654,0.09,0.007918552,0.022060049,0.06,1.5,-0.0004297121,2.39,0.14,3.53,1.34,2.54,0.0048703026,0.0198908275,0.54,0.0268151031,-9.364435355995678e-06,S&P,0.0144020346,0.0769230769,2.11,0.021615871,3.426626503214422e-05,0.0141122156,-1.87,0.0050049061,0.69,0.002529394,8.090943110620882e-05,0.0011202919,1.33,-0.53,0.00012700563909344317,1.17,0.0008671484,0.0249347984,1.6,2.07,0.0253101737,0.0235657369,1.55,1.52,1.47,0.03,0.08,0.99,2.91,4.38,4.43,4.46
2012-11-20,1387.810059,-0.0496740548,1.0,0.0006633864,0.0198620539,0.0048399498,-0.0015935448,0.9661505911,-2.8409576918,-1.7089878471,-3.1663550449,1381.06488907,1394.1588747,1409.12793237,1375.48540014,1.66,-9.902217563997655e-05,0.21,0.15,5.006116957323994e-05,-0.35,0.006535676,0.67,-1.67,4.56,0.000757413,0.08,0.046875,-0.19,0.27,-0.25,-0.0085200218,0.3,-0.0001442331,0.08,-0.0007482604,0.000209139,0.15,0.69,-0.0033391986,0.69,0.14,3.57,0.16,0.18,-0.0015888041,0.0177179569,0.04,0.0027100517,5.3490448146072915e-05,S&P,0.0160492583,0.00013846950916513996,-0.34,0.000945704,-0.00020326731968600833,-0.001939067,3.04,-0.0021588573,0.06,-0.0007154717,3.544395323994881e-05,-0.0039956141,-0.11,-0.06,-7.48747164474652e-05,0.73,0.0060649531,0.0068994238,0.63,0.31,-0.00193606,0.001812556,1.51,1.58,1.52,-0.07,-0.01,0.99,2.9,4.42,4.48,4.41
2012-11-21,1391.030029,-0.168395091,2.0,0.0023201806,0.0006633864,0.0198620539,0.0048399498,2.6219329735,-0.2509806119,-1.4962896904,-2.9843298749,1382.87673269,1393.86088939,1408.41821067,1375.64007307,1.69,-4.796296311258221e-05,0.17,1.22,5.89501631526789e-05,-0.31,0.0044193479,0.69,0.94,4.58,0.0031868307,-0.00019318479613518916,0.0298507463,0.03,0.14,-0.19,0.0014084863,0.3,-0.000993749,0.1,0.0089854739,0.0033840247,0.17,0.81,-0.0004714615,0.18,0.14,3.6,0.32,0.51,0.0139474365,0.0181794851,0.09,0.0007370761,-0.0001665170579914386,S&P,-0.0100242412,0.00015524767152397996,-0.54,0.005757054,-6.805510575117065e-05,0.0058285943,1.85,0.0049784758,0.15,0.002006391,-2.748785478946878e-06,0.010650481,1.1,-0.14,9.671809698143888e-05,-0.46,-0.0011482992,0.0016338691,0.51,0.1,0.0029097477,0.000678468,1.52,1.59,1.55,-0.07,-0.03,0.98,2.89,4.44,4.48,4.41
2012-11-23,1409.150024,-0.4357295779,4.0,0.0130263148,0.0023201806,0.0006633864,0.0198620539,4.1246458598,2.2968990258,-1.2916833572,-0.2802302044,1387.65369475,1395.31699745,1408.44690923,1375.97350541,1.7,-6.383365561682215e-06,0.39,0.87,6.322128940681488e-05,0.98,0.0147928142,0.7,0.75,4.59,0.0139702999,0.0740740741,0.0144927536,1.36,1.22,0.69,0.0174470478,1.31,0.0007540752,0.1,0.0278293125,0.0137704971,0.16,2.31,0.0012042993,0.81,0.14,3.6,1.01,2.52,0.0181014026,0.0077721548,0.72,0.0088386938,0.0002042614956426088,S&P,0.0187174287,4.6676894856702476e-05,0.72,0.0110223051,1.301284669292143e-05,0.0122712644,-0.05,0.0073879765,0.24,0.0009562919,-0.00026023050072028855,-0.0014455546,0.75,-0.7,-0.00010955626172399094,0.78,-0.0004310677,0.0173173201,0.89,1.47,0.0174081721,0.0116655247,1.54,1.6,1.56,-0.06,-0.02,0.99,2.89,4.45,4.49,4.43
2012-11-26,1406.290039,0.95949394,-4.2363881574050706e-05,-0.0020295816,0.0130263148,0.0023201806,0.0006633864,3.4128036172,1.9161549052,-0.5593206247,-0.1746201242,1391.04212097,1396.36204903,1408.36232608,1376.27516246,1.66,7.274283883654573e-06,-0.68,-0.09,-0.00024237914592713927,-0.24,-0.0078950656,0.68,-0.41,4.56,-0.0033966835,-0.0689655172,-0.0285714286,-0.22,-0.14,0.03,0.0315485641,0.53,-0.000993988,0.1,-0.0111914075,0.0033469608,0.15,0.11,-0.00402955,-0.18,0.15,3.57,-0.19,-0.03,-0.0023806685,0.0155910869,-0.02,-0.0051107082,6.971336796289663e-05,S&P,-0.0090361142,0.0714285714,0.26,0.0022795746,-0.0001460189587949393,-0.0052754857,-4.38,0.0022705108,0.55,0.0054336746,8.662253950912102e-06,-0.0048930266,-0.32,-0.09,-7.197243630775012e-05,-0.16,-0.0067567857,-0.0023395532,-0.82,0.44,0.0009504752,-0.0055678546,1.51,1.56,1.51,-0.05,-5.972761556253696e-05,0.99,2.9,4.41,4.46,4.41
2012-11-27,1398.939941,0.1268786284,1.0,-0.0052265875,-0.0020295816,0.0130263148,0.0023201806,0.8688451045,1.3702536613,-1.292639944,-0.9929460843,1392.47808825,1396.60756255,1407.99282078,1376.50068265,1.64,-4.8673632967692325e-05,0.36,-0.26,1.045475493971683e-05,-0.19,0.0003398921,0.66,-0.95,4.55,-0.0057090444,9.879477331560536e-05,-0.0294117647,-0.4,-0.41,-0.17,-0.0080572961,-0.2,-0.0009147369,0.1,-0.0113179632,-0.0030200384,0.17,-0.46,-0.0009359809,0.62,0.15,3.56,-0.57,-0.26,-0.0008133475,-0.0009030499,-0.22,-0.0031800635,7.492597499045848e-05,S&P,-0.0082067168,0.00010790516710791596,0.03,-0.0015821982,-8.130327081624416e-05,-0.0143309068,1.05,-0.0081529937,2.49,0.0003369115,-1.2574442299911867e-05,-0.0130356478,0.32,0.28,-0.000143755373444952,0.89,-0.0040526562,0.0055266221,0.04,-0.17,-0.0090217478,0.0022465308,1.47,1.54,1.49,-0.07,-0.02,0.99,2.91,4.4,4.45,4.38
2012-11-28,1409.930054,0.0108723128,2.0,0.0078560292,-0.0052265875,-0.0020295816,0.0130263148,1.5938776965,2.5754275464,-1.2923613863,-0.1423493267,1395.65117293,1397.87637126,1408.06879071,1376.83331321,1.63,0.00012105038262873947,0.11,-0.61,0.00012464305423892934,0.43,0.0037291758,0.64,-0.33,4.54,0.006942943,0.00017358456084104424,-0.0303030303,-1.28,0.68,0.3,-0.0031464687,0.82,-0.0005140067,0.1,0.010339771,0.0080834526,0.17,-0.89,0.0015312084,0.14,0.14,3.54,0.74,-0.88,-0.0061824138,0.0152424285,0.06,0.0019632393,2.41196493685196e-05,S&P,0.0055163958,-0.0666666667,-0.42,0.00713102,0.00018343931222891867,0.0085861479,-1.94,0.0025283182,0.1,-0.0006411636,0.00015583305177125105,-0.0088601847,-1.38,-0.09,0.0001312537501940895,-0.55,0.0069757741,0.0015111265,0.42,0.73,0.012937134,0.0006206545,1.46,1.53,1.49,-0.07,-0.03,1.0,2.91,4.4,4.44,4.37
2012-11-29,1415.949951,-0.0007144452,3.0,0.0042696423,0.0078560292,-0.0052265875,-0.0020295816,1.7914726124,4.460376797,1.5359957516,0.2683773021,1399.34185985,1399.59766457,1408.37785582,1377.22253349,1.62,-5.282426784967292e-05,1.18,1.18,-5.162310093068933e-05,-0.12,0.0152736958,0.63,1.14,4.57,0.0059349119,-0.0740740741,-0.015625,0.33,0.62,-0.41,0.0110130817,1.27,0.0008196194,0.09,-0.0149853796,0.0067685457,0.16,1.98,-0.0023134178,0.71,0.15,3.56,0.49,1.45,0.009853533,0.0168346201,0.19,0.0095517752,-6.306968497508311e-05,S&P,0.0106674486,0.0714285714,1.87,0.0119238009,3.290304674799356e-05,0.0002270715,-1.3,0.0008528265,-0.16,-0.0004805571,-7.516579433812789e-06,-0.0050847709,1.18,-0.22,-6.335297341515221e-05,1.13,-0.0010102468,0.0078369319,1.53,0.73,-0.0004730369,0.0115451557,1.46,1.53,1.47,-0.07,-0.01,1.01,2.95,4.42,4.48,4.41
2012-11-30,1416.180054,0.1814647661,4.0,0.0001625079,0.0042696423,0.0078560292,-0.0052265875,0.4988844254,4.644107501,2.8072423227,-0.7992429389,1402.4033497,1401.17693975,1408.68382438,1377.61017051,1.62,0.00014254644911868927,-0.03,0.2,2.9242362188208406e-05,-0.32,-0.0032502786,0.61,0.42,4.57,0.0005280206,0.00011144598374617208,-0.0317460317,-0.61,-0.09,-0.07,-0.0069227503,-0.35,0.0006262545,0.08,-0.0122448975,-0.0005942965,0.11,-3.33,0.0011089828,0.24,0.13,3.58,-0.1,-2.37,0.0049035504,0.0031042265,0.06,-0.0033963852,8.134532097933593e-05,S&P,-0.0045235826,-0.1333333333,1.17,-0.0015549429,9.612390771468685e-05,0.0002269178,-2.38,1.21606813839e-05,-2.48,0.0016047085,5.244653545255765e-06,0.0084690641,0.43,0.08,9.193302288478656e-05,0.1,0.0073678416,0.0006134392,-0.28,-0.16,-0.0001998777348118097,-0.0005962217,1.51,1.54,1.49,-0.03,0.02,0.99,2.95,4.44,4.49,4.46
2012-12-03,1409.459961,-0.2248411498,0.00014856184695605896,-0.004745225,0.0001625079,0.0042696423,0.0078560292,0.2254102576,3.6459066842,2.1458843726,-0.3351711331,1403.68636994,1401.96579892,1408.71426111,1377.92708384,1.63,-6.794916107517148e-05,0.03,-1.34,7.048719274041711e-05,0.1,0.0026171847,0.63,-0.28,4.58,-0.0044658269,1.1139461146259079e-05,0.0327868852,0.03,-0.53,-0.06,0.0015548712,-0.24,-0.0007702924,0.1,-0.0071375279,-0.0026708963,0.13,0.62,0.0006042296,0.22,0.14,3.59,-0.45,0.66,-0.0119172202,-0.0068240467,0.52,-0.0065725654,6.613661597874558e-05,S&P,-0.007876341,0.0769230769,0.28,-0.001362657,-2.7925556380979322e-06,-0.0060131383,0.84,0.0037126754,-0.26,-0.0011221197,2.1745015473678815e-05,-0.0102771582,0.11,-0.27,-7.371709846263618e-05,0.22,-0.0011472967,0.0040118778,0.27,-0.21,-0.0146710371,0.0007500495,1.5,1.53,1.49,-0.03,0.01,0.99,2.95,4.44,4.48,4.45
2012-12-06,1413.939941,-0.2407708655,3.0,0.0033065905,0.0015848619,-0.0017098123,-0.004745225,-0.1419548762,1.6469746535,4.3120901985,1.3918604545,1406.79217362,1404.13281948,1408.88026173,1378.87832882,1.59,-3.0515136015967578e-05,0.4,-0.47,2.6421590174946968e-05,0.47,0.0031053898,0.6,-1.64,4.55,0.0019516363,9.346328669096735e-05,-0.0163934426,0.3,0.34,0.28,0.015683227,0.16,1.6063e-05,0.1,0.0022497188,0.0052359247,0.07,0.47,-0.0013693665,1.24,0.14,3.55,0.3,0.36,-0.0009474067,-0.0023232477,-0.77,0.0065533979,-0.00012616229365992917,S&P,0.0048513948,4.509861695318444e-05,-1.09,0.0014501609,-0.00010235446382165658,0.0030775902,-0.92,0.0075779186,-0.01,-0.0004832001,2.1499921309647105e-05,-0.0013139977,0.63,0.68,-0.00013839247273363478,0.14,0.0011433757,0.010730391,0.2,0.63,0.0065944889,0.0015783513,1.52,1.49,1.45,0.03,0.07,1.0,2.96,4.41,4.45,4.48
2012-12-07,1418.069946,-0.0323683314,4.0,0.0029209197,0.0033065905,0.0015848619,-0.0017098123,0.1334499801,0.6330001666,4.7837550416,2.9444385671,1408.84267769,1405.46016487,1409.2406415,1379.26829516,1.64,0.00015547561765027608,0.14,0.16,2.1577883691764055e-05,-0.02,0.001099553,0.63,-0.01,4.6,0.0040297549,9.906104556157934e-05,0.05,0.27,0.21,0.02,-0.0255645707,0.09,0.0004497558,0.09,-0.0101010475,-0.0037567637,0.06,0.04,-0.0004133898,-0.38,0.14,3.6,0.61,0.21,-0.0026355561,-0.0003946442,-0.32,0.0262840601,0.00011621084553620434,S&P,0.0027157816,-0.00011034275940856538,0.55,0.0005841419,-4.3091894541153703e-07,0.0068181591,-3.14,-7.2747346041e-05,-0.06,-0.0026800123,3.0003724588372522e-05,0.0160399337,0.21,0.21,-1.5739426023558624e-05,0.7,0.0057101211,-0.0022217991,0.19,-0.68,0.0042114177,0.0022028672,1.58,1.55,1.5,0.03,0.08,1.0,2.96,4.46,4.51,4.54
2012-12-10,1418.550049,-0.0402315401,-4.288610367235729e-05,0.0003385609,0.0029209197,0.0033065905,0.0015848619,0.6449341061,0.8717981113,4.314354486,2.8046580189,1410.60765429,1406.7068205,1409.60571631,1379.65915838,1.63,-2.4073982053517484e-05,0.14,-0.08,-0.0001277671867911311,0.28,0.0017999703,0.62,0.29,4.58,0.001007888,-0.04,-0.0158730159,0.39,0.3,0.01,-0.0064323336,0.46,-0.0006422195,0.09,0.0181406658,0.0029952324,0.05,0.44,-0.0045289946,0.3,0.14,3.59,0.33,0.45,0.0038551722,-0.021715955,0.11,-0.00587406,4.185061232607666e-05,S&P,-0.0054168221,0.00012359683722081667,1.21,0.0048524085,-4.767701086000542e-05,-0.0021444019,-2.56,0.0015770715,-1.14,-0.0008984379,-0.00021599572439869884,0.0106626644,-0.21,-0.1,5.417957462431443e-05,-0.08,0.0021291839,0.001745207,0.18,0.55,-0.0032618827,0.0012174009,1.58,1.54,1.49,0.04,0.09,0.99,2.95,4.44,4.49,4.53
2012-12-11,1427.839966,0.2169745585,1.0,0.0065488821,0.0003385609,0.0029209197,0.0033065905,1.4775534825,2.0658517319,2.9526458881,3.4644128023,1413.74080187,1408.71950102,1410.32078492,1380.1385694,1.66,0.00011144172618681782,0.13,0.19,0.00022695939651343346,0.55,0.0094265948,0.64,0.63,4.61,0.0052615312,-5.9062240167912364e-05,0.0322580645,-0.01,0.79,0.37,0.0218376836,1.17,-0.0007390271,0.08,0.0141053818,0.0118314569,0.04,-1.08,-0.0005066369,0.81,0.13,3.62,0.69,-0.75,0.0021196455,0.011785115,0.5,0.0077995271,-5.839926425896931e-05,S&P,0.0072617854,-0.0714285714,-0.54,0.0105656572,0.00017625611887731786,0.0065602757,-1.39,-0.0025436047,-2.83,0.0023952865,-4.159398399320147e-06,-0.0043507287,-0.21,-0.13,-6.682548120779915e-05,0.37,0.0070821532,0.007811805,0.83,1.33,0.0056101452,0.0005741526,1.62,1.58,1.53,0.04,0.09,0.99,2.95,4.48,4.53,4.57
2012-12-12,1428.47998,0.0161140531,2.0,0.0004482393,0.0065488821,0.0003385609,0.0029209197,1.3623943152,1.3156628549,2.9305106082,3.9249743448,1416.42065244,1410.6014514,1411.03291022,1380.61957846,1.72,0.0001432038604588888,0.34,0.95,-4.776203892309185e-05,0.5,0.0001398763,0.66,1.38,4.66,0.0017223699,0.0416666667,0.03125,0.11,-0.3,0.25,-0.0044145938,-0.87,0.0040837326,0.07,-0.0029282577,-0.0028091155,0.04,2.33,-0.000405515,0.3,0.1,3.68,-0.36,1.52,0.008036671,0.0042681918,0.52,0.003048804,-0.00013735607400747803,S&P,0.0063081704,-0.2307692308,0.79,-0.0067066373,-7.040748120199079e-05,0.005169109,-0.88,0.0020643473,-1.34,0.0027721666,1.3316018307238862e-05,0.003866562,0.63,-0.65,0.00011264907866504381,0.73,-0.0019690437,0.0032991915,0.19,-0.58,0.0125523477,0.0035274096,1.68,1.65,1.62,0.03,0.06,0.98,2.94,4.56,4.59,4.62
2012-12-13,1419.449951,-0.0968145482,3.0,-0.006321425,0.0004482393,0.0065488821,0.0003385609,0.389691941,0.247183878,2.0430847219,4.7185860074,1416.971434,1411.44416565,1411.36299025,1381.00595033,1.74,0.0001102538004423996,-0.49,-0.28,9.246195401837407e-05,-0.07,-0.0009680171,0.7,-1.45,4.66,-0.0050781744,0.08,0.0606060606,-0.86,-0.65,-0.25,-0.0172727532,-0.72,0.0013770576,0.06,-0.0047723568,-0.0071836468,0.02,-4.23,-0.0014198783,-0.56,0.11,3.69,-0.55,-2.78,-0.0025671525,-0.002025719,0.03,0.0002337854,-1.6720082864629024e-05,S&P,-0.0071642388,0.1,-1.51,-0.0062576145,-1.912714842142136e-05,-0.0097260484,-1.03,0.0083616338,-0.6,0.0011297486,6.0924503468549296e-05,-0.010202974,1.88,-0.28,0.00011508557416245108,1.45,-0.0029593997,-0.004308728,-0.22,-0.69,-0.0073461888,-0.0027413519,1.72,1.68,1.63,0.04,0.09,0.97,2.92,4.55,4.6,4.64
2012-12-14,1413.579956,-0.0417288565,4.0,-0.0041354012,-0.006321425,0.0004482393,0.0065488821,-0.3166268358,-0.1835993942,0.3143690824,4.4519815536,1416.35480163,1411.64757425,1411.44993008,1381.33006979,1.72,-0.00013853266151185348,0.09,0.84,0.0001046905186415964,0.39,4.12134633742e-05,0.7,1.15,4.62,-0.0005481096,-0.1111111111,-7.247307562592399e-05,-0.11,-0.21,0.32,-0.0375691433,0.34,-0.0011513,0.04,-0.0110661007,-0.0069614708,0.01,-0.18,-0.0003757871,0.3,0.09,3.66,-0.05,-0.89,0.0071461905,-0.008198997,0.65,0.000701309,0.00011944811414207466,S&P,-0.0033071559,-0.1818181818,0.58,-0.0005459985,-3.30886092807021e-05,-0.0056446149,-0.99,0.0054921404,0.73,-0.0012895957,-4.7728059042732605e-05,0.0432451907,-7.943764813943528e-05,-0.62,-1.6840201000894014e-05,-0.49,-0.0008480283,0.0019111413,0.08,-0.91,2.521414988786434e-05,-0.0013154838,1.71,1.68,1.63,0.03,0.08,0.96,2.9,4.53,4.58,4.61
2012-12-17,1430.359985,0.0764570101,-4.8360305162831146e-05,0.0118705906,-0.0041354012,-0.006321425,0.0004482393,0.8325357296,1.4828391425,1.7115918717,5.1828087582,1418.90119861,1413.42970861,1412.19150087,1381.81792964,1.78,5.996614441464139e-06,-0.37,-0.71,-6.772663142683152e-05,-0.17,-0.0014217768,0.74,-1.38,4.68,0.0087907324,0.0416666667,0.0571428571,0.15,1.24,-0.09,0.0177327708,1.24,-0.0002241219,0.05,0.0108168971,0.0132163102,0.01,-0.52,0.0015341942,0.06,0.1,3.71,0.72,0.06,-0.0040861353,0.0187407158,0.02,0.0156505252,-0.00021606250450463842,S&P,0.03710404,0.1111111111,-0.44,0.0136570561,7.872786330598593e-06,0.0089691301,1.33,0.0058684667,-0.28,0.0037205193,-3.6777888383987413e-06,0.0045182405,0.61,-0.03,1.6263730037801163e-05,-0.45,0.003536568,0.0011149555,0.04,1.47,0.0143385285,-0.0016210629,1.77,1.73,1.68,0.04,0.09,0.97,2.9,4.58,4.63,4.67
2012-12-18,1446.790039,0.2450016061,1.0,0.0114866566,0.0118705906,-0.0041354012,-0.006321425,1.3271846601,2.8243480058,3.4204540594,4.3190176115,1423.97189686,1416.60688293,1413.54830628,1382.46441829,1.84,0.00014090695321201618,0.73,0.14,0.00014028463278603095,-0.41,0.0028943088,0.78,1.11,4.76,0.0109836726,0.12,0.0540540541,-1.64,0.92,-0.17,0.0290462034,1.44,-0.0006244796,0.06,0.0169741328,0.0145917523,0.04,-1.9,-0.0020593666,0.82,0.12,3.8,0.63,-1.98,-0.0008385553,0.0257622035,0.49,0.0089696182,9.316425711134265e-05,S&P,0.0168702148,0.2,-0.36,0.0151976072,-6.496252065364528e-05,0.0077640934,1.79,-0.0030299794,0.09,0.0017828893,-6.4262326945872266e-06,0.0009822843,1.22,-0.5,0.0001761828174489097,0.53,0.0001408937,0.0063958608,0.33,1.41,-0.0109438668,0.0040086104,1.8,1.78,1.72,0.02,0.08,0.96,2.92,4.64,4.7,4.72
2012-12-19,1435.810059,-0.1005150805,2.0,-0.0075892007,0.0114866566,0.0118705906,-0.0041354012,0.513138378,1.8825236613,1.8355524039,3.4586865608,1426.12428998,1418.43575684,1414.42131619,1382.99522069,1.82,-5.283706973348042e-06,0.28,0.48,-9.61453795778293e-05,-0.86,0.0043743009,0.77,1.4,4.71,-0.004180237,3.141128173520078e-05,-0.0128205128,-0.19,-0.59,-0.49,-0.0142162011,0.07,-0.0008011152,0.05,-0.0090711179,-0.0033294556,0.03,-1.74,0.0023279218,0.15,0.1,3.74,-0.46,-1.93,0.0057186136,-0.0092550079,-0.02,-0.0077501711,-7.404213965412884e-05,S&P,-0.0097254007,-0.1666666667,-1.13,0.0002359506,0.0001162972977541608,-0.0125055385,-2.87,0.0054586844,-0.77,0.0027621394,-3.919110934462728e-05,-0.0001040928,2.41,0.04,-0.00015215193076978723,-0.12,-0.0045102187,0.0019494043,0.47,-0.36,-0.0313508976,0.0043296209,1.79,1.77,1.72,0.02,0.07,0.97,2.89,4.61,4.66,4.68
2012-12-20,1443.689941,-0.0473461161,3.0,0.0054881089,-0.0075892007,0.0114866566,0.0118705906,1.7077030425,2.1040497646,1.9591080872,3.7856775844,1429.31804471,1420.84091724,1415.5691054,1383.59914825,1.81,0.00015893338500854384,-0.02,0.11,-0.0001212391381050191,-0.04,0.0005839376,0.77,-0.14,4.7,0.0062157954,-6.082753925004822e-05,9.373678171030094e-05,-1.15,0.57,1.5050923435379946e-05,-0.0087020332,0.81,-0.0004810545,0.06,0.013548188,0.0019806415,0.02,-4.62,0.0027383367,-0.02,0.1,3.73,0.41,-3.42,0.0016094047,0.0136052178,0.12,0.0229726631,-8.629804167156075e-05,S&P,0.0127094747,3.170881778679009e-05,-1.95,0.0054252025,9.656423128480299e-05,0.0050881614,4.28,-0.0016002892,-1.84,0.000163081,7.793456215507682e-05,0.0028276305,-1.47,-0.2,-0.00010701150819573949,-0.08,0.0016990373,0.0004694657,0.05,-0.05,0.0019038077,-0.0005535918,1.79,1.75,1.71,0.04,0.08,0.97,2.89,4.6,4.64,4.68
2012-12-21,1430.150024,0.4184311747,4.0,-0.0093786876,0.0054881089,-0.0075892007,0.0114866566,1.1722059251,0.8518675707,0.9864543679,1.4902600605,1429.46931367,1421.72749884,1416.14090613,1384.06234104,1.77,0.00016362961973528223,-0.88,-0.75,-6.829165398414805e-05,-1.19,-0.0014536325,0.75,-1.12,4.63,-0.0086044622,-0.0714285714,-0.025974026,0.56,-0.82,-0.76,-0.0046000918,-1.11,0.0002246001,0.06,-0.0083092124,-0.0096315173,0.02,1.79,-0.001213715,-0.55,0.12,3.66,-0.54,0.13,-0.0067736862,-0.0175142906,-0.42,-0.0119020663,-0.00010947288010497838,S&P,-0.0165430971,0.2,0.85,-0.005360775,-4.270388395690233e-05,-0.0186747218,-0.32,0.0023033268,-0.05,0.0013013591,-0.00019768672511596096,-0.0069375087,-0.7,0.53,-4.595104502013275e-05,-0.45,-0.0067844947,-0.0046753975,-0.27,-1.3,-0.0080760099,-0.0030713132,1.75,1.71,1.65,0.04,0.1,0.97,2.86,4.51,4.57,4.61
2012-12-28,1402.430054,-0.1425704372,4.0,-0.0110499417,-0.0012184417,-0.0047874601,-0.0024402964,-2.8579465596,-1.1990487574,-0.8140294129,-0.9548287346,1421.40878558,1419.77705983,1416.17644564,1385.34059735,1.73,7.485707845257145e-06,-0.46,-0.09,5.996941868741194e-05,-0.13,-0.0146995612,0.72,-0.16,4.58,-0.0099609065,0.0384615385,-1.5664634696864405e-06,-0.51,-1.9,-0.04,-0.0106201818,-1.02,0.0006735519,0.01,-0.0152077157,-0.0085735517,-3.90431796719714e-05,-0.87,0.0008955434,-0.51,0.1,3.62,-1.74,-0.53,0.0055636022,-0.0126052315,-0.15,-0.0089387805,7.613577572631782e-05,S&P,-0.0078993563,-0.1666666667,-0.33,-0.0063291711,-6.9804249527502e-05,-0.0202625257,3.43,0.0097936804,0.19,-0.000644904,-7.251489912461827e-05,0.0124008421,0.19,0.02,-4.195265369554691e-05,0.66,-0.0087029966,-0.005680568,-1.43,-1.39,-0.0120831314,-0.0048536191,1.73,1.72,1.63,0.01,0.1,0.96,2.85,4.48,4.57,4.58
2013-01-07,1461.890015,-0.0348451796,2.787505989163957e-05,-0.0031231161,0.0048650966,-0.0020856176,0.0254034207,4.2397808597,1.2606636289,2.9898950625,3.3912383836,1444.56629315,1434.31510791,1423.37070202,1388.75834889,1.92,6.506970797559076e-05,-0.27,0.09,-2.1309558892080252e-05,0.65,-0.0068042871,0.82,0.08,4.72,-0.0035499157,-9.648304762929998e-05,-7.788869162743746e-05,-0.58,-0.14,0.22,-0.0058823379,0.02,-0.0003208985,0.07,-0.0018698205,-0.0009188154,0.05,-0.55,-0.0024382841,-0.49,0.11,3.8,-0.29,-0.3,-5.74274073332e-05,0.0359251291,0.37,0.0011022707,-0.00012525576793526145,S&P,-0.0048654552,8.58020010684972e-05,-0.43,-0.0038105396,9.109882030553418e-06,-0.0115782263,-0.64,0.0052199682,0.53,-0.0008997447,-0.0002695420440072444,0.0036768119,-0.56,-0.34,-2.1286425947138576e-05,0.04,-0.0020964499,-0.0056208694,-0.66,0.18,-0.003301981,-0.004138019,1.87,1.85,1.81,0.02,0.06,0.92,2.8,4.61,4.65,4.67
2013-01-08,1457.150024,0.0897527058,1.0,-0.0032423718,-0.0031231161,0.0048650966,-0.0020856176,2.1708246644,1.8879138235,3.0822499863,2.7558639199,1446.85424421,1436.48986182,1424.69538131,1389.43886307,1.89,-5.5810150686921426e-05,-0.12,-0.78,1.7895786665591457e-05,-0.06,0.0003347127,0.79,0.48,4.7,-0.0037664248,-0.0740740741,-0.0365853659,0.71,-0.24,7.067004720901004e-05,0.0026913991,-0.07,-0.0001123505,0.07,-0.005245485,-0.0022589316,0.06,1.28,-0.0003955415,-0.42,0.11,3.77,-0.3,0.73,-0.0093683193,-0.0077478435,-0.26,0.0019819423,-4.642842178358625e-05,S&P,-0.0017256543,2.6756598801102516e-05,-0.16,-0.0012559671,-7.20689167408294e-05,0.0062550097,-1.47,-0.0107145289,-0.18,0.0033694572,0.00012609879169332187,-0.0040667246,-1.32,0.31,-0.00015931170405613092,-1.04,0.000140084,-0.0047629247,0.04,-0.14,-0.0108849508,-0.0018138047,1.83,1.82,1.78,0.01,0.05,0.93,2.81,4.59,4.63,4.64
2013-01-09,1461.02002,0.020210462,2.0,0.0026558665,-0.0032423718,-0.0031231161,0.0048650966,-0.0957333706,2.4084214306,2.143518787,2.9939000763,1449.42983981,1438.82606736,1426.11987694,1390.15111339,1.88,0.0001763077890242444,0.69,0.36,1.5841808028684798e-05,0.37,0.0031220839,0.77,-0.16,4.69,0.0036864628,-0.04,-0.0253164557,-0.07,0.24,0.1,-0.0156289042,0.48,-0.0008989053,0.06,0.0056497931,0.0045280919,0.04,-0.7,0.0009131494,0.35,0.09,3.75,0.44,-0.07,0.0046419614,-0.0001126173,-0.15,-0.0006593187,0.00012151918856453261,S&P,2.402039384142781e-06,-0.1818181818,-0.03,0.0054990259,6.646726374682576e-06,-0.0038427214,-3.26,-0.0044124788,-0.17,-0.0037420892,8.848392028157333e-05,-0.0003207195,0.86,0.12,-9.651302540509131e-05,-0.4,0.0044811508,0.0032017517,0.27,0.29,0.0023923923,0.0074501282,1.84,1.82,1.79,0.02,0.05,0.94,2.81,4.6,4.63,4.65
2013-01-10,1472.119995,0.1108891544,3.0,0.0075974147,0.0026558665,-0.0032423718,-0.0031231161,0.8736646665,3.68283813,1.7507693112,3.101189913,1453.55532257,1441.99691761,1427.92380314,1390.96672415,1.91,8.789035910798127e-05,-0.02,0.48,5.832614632726362e-05,0.7,-0.0038547483,0.8,0.12,4.71,0.0089913728,0.0833333333,0.038961039,1.05,0.77,0.8,0.0123960104,0.24,0.0001606632,0.06,-0.0089888386,0.0051355204,0.05,2.23,0.0011251901,-0.24,0.1,3.78,0.61,1.61,0.0058505078,-0.0037920405,1.58,0.014954937,8.542040192274761e-05,S&P,0.0198790844,0.1111111111,1.07,0.0019669816,-0.00013229923505733655,0.0108917519,2.57,0.0145624057,-0.48,-0.00288326,7.225533324887333e-05,0.0036552312,0.85,-1.21,-4.2742831661591304e-05,0.7,0.0064129232,-0.0015543095,-0.35,0.55,0.0105011451,0.0004590822,1.86,1.85,1.81,0.01,0.05,0.93,2.8,4.61,4.65,4.66
2013-01-11,1472.050049,-0.1815823256,4.0,-4.75137897981e-05,0.0075974147,0.0026558665,-0.0032423718,0.3805108942,3.8043913626,2.5240100369,3.0501000791,1456.9180001,1444.8591206,1429.65424416,1391.7735234,1.89,1.4837079158901826e-05,0.27,-0.17,7.181769596476113e-05,-1.09,0.0007830972,0.78,-1.12,4.69,-0.0001548827,3.1933262586354845e-06,-0.025,-0.73,0.02,-0.59,-0.0061316023,-0.17,-9.6382445544e-05,0.07,0.0139834094,0.0012396446,0.04,-1.65,-0.004434949,0.12,0.1,3.77,0.2,-1.26,-0.0038639648,0.0097987715,0.55,-0.0002167497,-0.00012037915322941593,S&P,-0.0084746888,-0.0001512260359973221,-1.52,-0.0005333053,-4.581867863370741e-05,0.0057239395,4.2,0.012628629,1.59,0.0092130247,5.276068638219778e-05,-0.017804737,1.59,-0.07,4.6462782425114355e-06,-0.54,0.002216318,0.0009158198,0.08,0.25,-0.0018895135,0.003294288,1.85,1.82,1.79,0.03,0.06,0.92,2.8,4.59,4.62,4.65
2013-01-14,1470.680054,-0.101070151,-9.943921220572345e-05,-0.0009306715,-4.75137897981e-05,0.0075974147,0.0026558665,0.6012790914,4.866552867,1.8695228271,3.6091517678,1459.42019172,1447.31825712,1431.26309944,1392.55866301,1.89,0.00010954151885740928,0.02,0.35,-1.7392722316223654e-05,0.81,0.0006017183,0.78,1.12,4.69,0.0005784903,6.833923506780933e-06,8.724770315484075e-05,0.25,-0.2,0.28,-0.0356525199,-0.02,-0.0013494843,0.08,0.0022362654,-0.0026010383,0.05,2.19,0.0012916612,0.29,0.11,3.76,-8.919024797041123e-05,1.9,0.0064128698,0.0178771701,0.29,-0.0056349806,3.686976276416414e-05,S&P,-0.009401653,0.1,-0.55,-0.000760748,-2.925547299598714e-05,-0.0003347729,1.38,0.0031037917,0.36,-0.0022254642,4.0734741862068135e-05,0.0306477975,0.85,0.92,-2.6821985855243936e-05,0.62,0.0029025571,0.0018132566,0.15,-0.55,-0.0004731661,-0.002238009,1.84,1.81,1.78,0.03,0.06,0.93,2.8,4.58,4.61,4.64
2013-01-15,1472.339966,0.0440691173,1.0,0.0011286697,-0.0009306715,-4.75137897981e-05,0.0075974147,1.0424418728,3.2358961225,2.9500361006,4.1568225236,1461.76924159,1449.70127701,1432.87395696,1393.35250682,1.86,2.0693188035261854e-05,-0.09,-0.01,8.644899529342105e-05,-0.42,-0.0029393655,0.75,-1.41,4.67,0.0017963047,-0.00014377719767878045,-0.0384615385,0.7,0.07,3.881641987522073e-05,-0.0315495813,0.48,0.0009813069,0.09,0.0119003351,-0.0021555641,0.09,1.34,-0.0007821229,-0.86,0.11,3.74,0.22,1.1,-0.0013560692,-0.0030433651,-0.59,0.0102440495,8.435349327133502e-05,S&P,0.0097785735,0.00011491799087904622,0.11,0.0051130555,7.607268937140131e-05,-0.0005581938,2.43,-0.0007037744,1.7,-0.0030867585,-2.627706047129087e-05,0.0060309096,-0.3,1.08,4.895413102501436e-05,-1.13,-0.0026184538,-0.00693573,-0.31,-0.53,0.0037878786,0.0015389746,1.77,1.77,1.75,5.510130009734814e-05,0.02,0.93,2.81,4.56,4.58,4.58
2013-01-16,1472.630005,0.0793308562,2.0,0.0001969919,0.0011286697,-0.0009306715,-4.75137897981e-05,0.7946492752,0.6981551601,3.2222092092,2.9552015187,1463.74392585,1451.88496539,1434.43301766,1394.14133765,1.84,7.986128869836185e-05,-0.03,-0.09,-3.0658837072394664e-06,0.15,0.0030129395,0.75,0.28,4.68,-0.0025809896,-2.2124818466310206e-05,-4.236070542678214e-05,0.04,0.02,0.07,0.0415088232,-0.29,-0.0014303393,0.08,-0.0062476298,0.0021730916,0.07,0.05,0.0001728116,0.27,0.11,3.74,-0.19,0.25,-0.0010486719,-0.0109231374,-0.11,0.0101402809,0.0002514856998200339,S&P,-0.0005696667,2.2682937811269946e-05,-0.88,-0.0025887159,2.498094387738369e-05,-0.0006701441,-0.58,-0.0079364968,0.43,-0.000160476,-0.00011245806030813683,-0.00695833,-2.85,-0.09,5.456321802288463e-05,-0.74,0.0029017409,0.0019827912,0.23,0.43,-0.0037735847,-0.00217413,1.77,1.76,1.73,0.01,0.04,0.94,2.84,4.57,4.6,4.61
2013-01-17,1480.939941,0.0953375807,3.0,0.0056429218,0.0001969919,0.0011286697,-0.0009306715,0.5991322739,1.4780313474,4.3040354756,2.360391009,1466.87047406,1454.65210593,1436.25681858,1395.00500534,1.89,-1.03886044988176e-05,0.39,-0.06,4.195647619000581e-05,-0.57,0.009605019,0.79,0.44,4.73,0.0064267363,0.0769230769,0.0533333333,0.48,0.7,-0.26,-0.0067378512,0.98,0.0009817491,0.07,0.0077662349,0.0059213228,0.05,0.86,0.0022359996,0.5,0.11,3.79,0.78,0.89,-0.0007377007,0.0057636487,0.65,-0.008116211,0.00013844691278021978,S&P,-0.0017099174,-0.00017424542023997648,1.56,0.0091237626,2.0603515919651018e-05,0.0081591147,1.72,-0.0013521465,-0.17,-0.0044809852,9.97477965626071e-05,-0.0106473684,0.47,0.17,8.283052602232636e-05,0.19,0.004408928,0.0057637927,0.96,0.53,0.0085226322,0.0046526707,1.84,1.82,1.78,0.02,0.06,0.94,2.84,4.62,4.66,4.68
2013-01-18,1485.97998,0.0240186041,4.0,0.0034032704,0.0056429218,0.0001969919,0.0011286697,0.9462946596,1.3304063081,4.7866867745,3.4941892687,1470.34492968,1457.63571298,1438.20674648,1395.91022897,1.87,0.00012529965833756737,0.56,0.99,2.7429415913361515e-05,0.11,-0.0006757357,0.77,0.71,4.69,0.0029760708,-0.0714285714,-0.0253164557,-0.22,0.22,-0.33,-0.0053314353,0.35,-0.0001929416,0.08,-2.3421107616168735e-05,-0.0004113645,0.04,0.36,-0.0003042288,-0.18,0.1,3.75,0.25,0.44,0.0112263165,0.0060632355,-0.43,0.0004306632,0.00018139376622072594,S&P,-0.0028546675,-0.0909090909,0.44,0.0027404679,-5.648447088850234e-05,0.0066519514,2.06,0.0134379109,0.65,-0.0015978693,0.00012146683266577988,0.0140754546,2.73,0.28,4.262366103573861e-05,0.27,0.0045267626,-0.004295799,0.28,-0.25,0.0347418796,0.0035875025,1.83,1.79,1.77,0.04,0.06,0.94,2.82,4.59,4.61,4.65
2013-01-22,1492.560059,-0.0592216537,1.0,0.0044281074,0.0034032704,0.0056429218,0.0001969919,1.4877474499,2.0979720557,6.4267023331,3.3850840553,1474.3840441,1460.96184117,1440.33824893,1396.87191882,1.86,1.7303692932682344e-05,0.07,0.31,-9.178472999442022e-06,0.59,-0.0001523602,0.76,0.64,4.68,0.0045629257,-7.453355887403906e-05,-0.012987013,0.12,0.71,0.48,0.0095399777,0.82,0.0003859576,0.08,-0.0036697248,0.0027019951,0.03,0.42,0.0069993914,-0.55,0.1,3.74,0.69,0.62,0.0024240095,-0.0070924336,0.05,0.0017219544,-0.0001299626567777,S&P,0.0031491841,9.73277201442244e-05,0.58,0.007213264,6.500354463552133e-05,0.0013215308,-0.22,-0.0024604603,-1.79,-0.008710652,2.5044568283448246e-05,-0.0008334457,-0.09,-0.34,-4.202426169286558e-05,0.67,-0.0073740404,-0.0007815943,-0.6,0.63,-0.0013612068,0.004029685,1.83,1.78,1.76,0.05,0.07,0.94,2.82,4.58,4.6,4.65
2013-01-23,1494.810059,-0.0053039107,2.0,0.001507477,0.0044281074,0.0034032704,0.0056429218,1.5261484113,2.5844994942,4.811429111,4.5212064409,1478.09786499,1464.18548097,1442.47439834,1397.84642768,1.86,2.664763608505361e-05,0.29,-0.21,6.331133238200608e-05,0.18,-0.0039668667,0.76,0.34,4.69,-0.0004630318,-4.3981961143822535e-05,-6.970378580217631e-06,-0.38,0.05,-0.1,0.0183053527,-0.29,0.0003054319,0.08,0.0169429466,0.0033373813,0.06,0.82,-0.0009066183,0.1,0.1,3.75,0.17,0.12,-0.0010097906,-0.0076983493,-0.02,-0.0066609582,9.144281271078685e-05,S&P,-0.0025684931,2.50466220776274e-05,-0.54,-0.002824583,4.023899116234331e-05,-0.0024197207,-0.11,-0.0119531141,-0.45,7.9556403596e-05,9.644034343110981e-06,0.0024931433,-2.15,0.00011306162344751408,9.100532142749339e-05,-1.11,0.002201073,0.0014721633,-0.39,0.29,-0.0031803271,0.002977716,1.8,1.78,1.76,0.02,0.04,0.94,2.83,4.59,4.61,4.63
2013-01-24,1494.819946,0.0415032615,3.0,6.61421826849e-06,0.001507477,0.0044281074,0.0034032704,1.5068239086,2.3134471491,2.2154990376,4.7775861365,1481.13824336,1467.10304906,1444.52716492,1398.81133831,1.88,4.941933768916149e-07,1.02,-0.08,0.00018792813495207154,-0.55,0.0069776743,0.78,0.43,4.7,0.0031635251,-0.1153846154,0.0263157895,-1.07,0.1,-0.99,-0.1235579463,0.39,-0.0001607045,0.08,0.0007243028,-0.0073850592,0.06,-2.2,0.0079653156,0.49,0.1,3.76,0.45,-1.95,-0.0015315873,0.0199545198,0.44,0.0030283149,0.00016451482276721728,S&P,0.0060085549,2.5619106622168153e-05,-0.19,0.0038920374,2.1201395247051203e-05,0.0071664942,-3.04,0.0005761163,-0.19,-0.0003964877,1.9029698898150135e-05,-0.0078904318,1.53,-0.02,0.00013497580543249556,-0.82,0.0034317091,0.0052662515,0.63,-1.48,0.0050135823,0.0108590104,1.82,1.8,1.78,0.02,0.04,0.94,2.82,4.6,4.62,4.64
2013-01-25,1502.959961,-0.0603174002,4.0,0.0054454819,6.61421826849e-06,0.001507477,0.0044281074,1.4868948693,2.0949356102,2.9869029889,5.8549268276,1485.10582838,1470.51799306,1446.81864712,1399.84764301,1.98,-1.2738990266696052e-05,0.14,-0.01,9.90512916232897e-05,-0.06,0.0069266559,0.87,0.0001407451583829952,4.8,0.005412967,0.2173913043,0.1153846154,-0.54,0.27,-0.26,-0.0235737635,0.44,-0.0003696798,0.08,0.0090481364,0.0061749943,0.06,-1.61,0.0026007802,1.3,0.11,3.85,0.22,-1.45,-0.0007826934,0.0385065434,0.64,0.0170368992,1.2713463945300677e-05,S&P,-0.0005688567,0.1,-0.68,0.0056099135,-4.2194331155080255e-05,0.0041598797,-0.06,0.0223300627,0.58,-0.0031561063,-0.00023399238522167046,-0.0049048707,2.82,-0.29,-2.3284193105659446e-05,-1.25,0.0112175106,0.0141763669,0.71,0.36,0.0108844449,0.0031285572,1.92,1.9,1.87,0.02,0.05,0.95,2.82,4.69,4.72,4.74
2013-01-28,1500.180054,-0.025242428,4.779300069859156e-05,-0.0018496215,0.0054454819,6.61421826849e-06,0.001507477,0.9556033184,1.9109408012,2.2987230333,5.7880318306,1487.84659668,1473.34295124,1448.91125131,1400.84597546,2.0,0.00013314408105433094,0.46,0.44,-4.027341736127391e-05,-0.38,0.0007225689,0.89,0.18,4.82,-0.0027537115,0.0357142857,0.0229885057,-0.23,0.08,-0.06,0.0226198122,0.24,3.2158e-05,0.07,0.0010760761,0.001457305,0.03,-1.57,0.005487379,-0.2,0.11,3.87,0.14,-0.99,0.0038782657,-0.0279938775,-0.04,-0.0110263147,2.8030092702436843e-05,S&P,-0.0008536711,1.3599217609557782e-05,0.27,0.0016239141,3.495339541261687e-06,-0.0067589881,-4.5,0.0068575058,-0.14,-0.0004891391,-6.49786163602942e-05,0.0240914907,-1.1,-0.02,-9.306086436800788e-05,-0.08,-0.004058374,-0.0031776928,0.15,0.35,0.0094212199,0.0015752887,1.97,1.93,1.89,0.04,0.08,0.95,2.82,4.71,4.75,4.79
2013-01-29,1507.839966,0.1655875392,1.0,0.0051059951,-0.0018496215,0.0054454819,6.61421826849e-06,1.0237381677,2.5267162561,3.1431879641,7.5162331055,1491.48175474,1476.62838122,1451.2221813,1401.91059228,2.03,6.257196474694449e-05,0.72,4.101593993261527e-05,-8.442686397854342e-05,0.65,0.0013039721,0.9,0.78,4.84,0.0062646195,0.0344827586,0.0112359551,0.54,0.53,0.57,0.0187625924,0.22,0.0006431385,0.07,0.0035829452,-0.0002029411,0.03,1.31,-0.0018852947,0.24,0.11,3.91,0.55,1.75,-0.0007059404,-0.0568395975,0.27,0.0102915954,-7.718336136631244e-05,S&P,0.0045570776,9.175843914261937e-05,0.79,0.0006617066,-4.01994554199147e-05,0.0071342442,-1.92,-0.0078856095,-0.58,-0.0048506793,1.4031926046518468e-05,0.0053152108,0.74,-0.53,0.00012255545549594743,0.66,0.0107307928,0.0019877217,0.16,0.19,7.836771553700499e-05,0.0071174844,2.0,1.96,1.92,0.04,0.08,0.93,2.81,4.73,4.77,4.81
2013-01-30,1501.959961,-0.0564178001,2.0,-0.0038996214,0.0051059951,-0.0018496215,0.0054454819,0.4783150847,2.0117632941,3.0751766299,5.312757987,1493.38688315,1479.04091263,1453.21189815,1402.90610839,2.03,0.00012441077064162908,-0.39,0.44,2.329788100915165e-05,-0.43,-0.005362127,0.88,0.47,4.87,-0.0035061931,-0.1,-0.0222222222,0.8,-0.65,-0.56,-0.0031422023,-1.59,0.000369567,0.07,-0.0057122456,-0.0035989464,0.04,3.19,-0.0045730192,-0.61,0.11,3.93,-0.5,2.01,0.0070551438,0.0476666169,0.56,0.0002122666,4.143681374307077e-05,S&P,-0.008505784,-5.141408469452035e-05,1.69,-0.0114624825,4.908004834407776e-05,-0.0118788576,3.38,0.0036480434,1.66,0.0031493274,2.4830919109454663e-05,0.0099611173,1.93,-1.14,1.9160089010569896e-06,0.47,-0.0043006045,-0.0047473318,-0.58,-0.26,-0.012,-0.0025397679,1.99,1.96,1.92,0.03,0.07,0.94,2.84,4.76,4.8,4.83
2013-01-31,1498.109985,0.0732717794,3.0,-0.0025633014,-0.0038996214,0.0051059951,-0.0018496215,0.2200960061,1.7302363739,2.53863496,2.4404712686,1494.24562894,1480.85701476,1454.97260744,1403.85341064,2.02,1.7965874484816996e-05,-0.33,-0.14,8.119479370122342e-05,0.35,-0.0087424637,0.88,0.57,4.84,-0.0010780857,0.00015704848737873738,0.00016672469772263735,-0.8,-0.13,0.07,-0.002933264,0.83,-0.0010119181,0.07,-0.0143626212,-5.73387083443e-05,0.04,-2.54,0.0008988315,-0.15,0.12,3.9,-0.3,-1.84,-0.0038842673,-0.0266168417,0.08,-0.001697475,6.457275764012295e-06,S&P,-0.0040034028,0.0909090909,-0.43,0.0057754448,3.369868409908711e-05,-0.0077202715,0.12,0.0025443661,-0.65,0.0031597603,-1.0081030010351348e-05,0.0012369577,0.09,-0.09,8.329530402832391e-05,-0.31,-0.0022944798,-0.0045140001,-0.93,-0.39,0.0022492578,-0.0073065736,1.98,1.95,1.9,0.03,0.08,0.94,2.82,4.72,4.77,4.8
2013-02-01,1513.170044,-0.0408912267,4.0,0.0100527058,-0.0025633014,-0.0038996214,0.0051059951,0.6793316698,2.1763274869,2.7884988411,3.6865256367,1497.68643168,1483.93444611,1457.25485985,1404.94113834,2.04,-5.5555967492252544e-05,0.71,-0.07,2.5732112093408618e-05,0.79,0.010965528,0.88,1.05,4.88,0.0079159586,-0.00012789871914975576,-7.050751236909295e-05,0.21,0.9,-0.17,-0.0041054864,0.88,-0.0002733339,0.06,0.0174863017,0.0117659729,0.02,1.94,-0.0054879266,0.44,0.11,3.93,0.96,1.21,-0.0003240457,-0.0018832392,0.45,0.0170031672,4.11020272358723e-05,S&P,0.0086132352,-0.0833333333,1.4,0.0100987537,8.22506910298032e-05,0.0007780371,-1.14,0.007536689,-1.98,0.0045860845,-8.158661905752105e-05,0.0140846774,0.54,-0.2,-1.5000748267697482e-05,-0.1,0.0035173432,0.0073739667,1.11,1.16,0.0152603225,0.0111998429,2.02,1.98,1.93,0.04,0.09,0.95,2.84,4.77,4.82,4.86
2013-02-04,1495.709961,-0.1163406598,-0.00010630800075263976,-0.0115387448,0.0100527058,-0.0025633014,-0.0038996214,-0.2979704328,0.6547854703,1.6072763298,1.9939030855,1497.32707337,1485.05592372,1458.76290303,1405.8443107,2.0,-8.215672392444088e-05,-1.67,-0.51,0.00014269929870304378,-0.26,-0.0301097689,0.85,-0.99,4.85,-0.0125296791,-0.0740740741,-0.0340909091,0.43,-0.88,0.31,-0.0249106922,-1.0,0.0020264402,0.07,-0.0175438238,-0.0150766489,0.03,-0.43,0.0001003311,-2.35,0.11,3.9,-0.61,-0.28,-0.001552581,-0.0189433547,-0.92,-0.0035527274,-2.447380934410513e-05,S&P,-0.0105323937,-1.5618145466009544e-05,-0.45,-0.0130816317,-8.68923644905e-05,-0.0098844846,0.42,0.0115912197,-0.07,-0.0104119408,-0.00017666150963154654,0.0037759229,0.9,0.02,-5.742331614346644e-07,-0.41,-0.0009436371,-0.0249138819,-2.93,-1.63,-0.0137047739,-0.0158180594,1.97,1.93,1.89,0.04,0.08,0.95,2.85,4.74,4.78,4.82
2013-02-05,1511.290039,0.0673628319,1.0,0.0104165102,-0.0115387448,0.0100527058,-0.0025633014,0.2288089637,1.2548895361,2.7613065731,3.3791888236,1499.8657944,1487.55441089,1460.82279072,1406.89352193,2.04,-9.786834744504305e-05,0.63,-2.33,8.332107578229115e-05,0.21,0.0095057091,0.88,0.8,4.89,0.0076066239,0.08,0.0352941176,-0.08,0.84,-0.48,0.0350877371,0.75,0.00010522091759387169,0.07,0.0021865524,0.0129057691,0.06,0.5,0.0009028892,0.25,0.11,3.94,0.47,0.19,-0.0226506332,0.0265789819,0.52,0.0232802223,8.085250422100623e-05,S&P,0.0025891831,-1.6359385828260393e-06,0.05,0.0099412215,-0.00010456015104152225,0.0066180144,2.53,-0.0066508248,-1.01,0.0032136262,-4.771190716485267e-06,0.0020492234,-1.69,-2.8911696499847436e-05,-4.116240940618541e-05,-0.86,0.007421441,0.0034602488,0.86,1.39,0.0103093685,0.0057629508,1.98,1.97,1.93,0.01,0.05,0.95,2.85,4.78,4.82,4.83
2013-02-06,1512.119995,-0.0018765408,2.0,0.0005491706,0.0104165102,-0.0115387448,0.0100527058,0.6764517207,1.158002376,2.7018236222,3.7724304358,1502.09383087,1489.89399033,1462.83444579,1407.94055151,2.0,5.294643223251689e-05,0.22,0.71,-9.730566124402479e-06,-0.63,-0.0140200963,0.84,0.18,4.86,0.0015818549,1.0747295220979301e-06,-0.0454545455,0.27,0.05,-0.65,-0.0010702429,0.39,-0.0004173087,0.07,-0.0058181818,-0.0009774617,0.06,0.07,-0.0022852561,-1.01,0.12,3.9,0.13,0.13,0.0046828198,-0.017497897,-0.45,-0.0036892805,-3.3940786064518534e-05,S&P,0.0034434148,0.0909090909,-0.74,0.0033802461,-0.00015920869929748367,0.0005571986,0.56,0.015376602,0.28,-0.005639946,3.255378710547416e-05,0.000553677,3.16,0.2,-0.0001224021078586654,-0.12,0.0097775912,-0.0108915436,-1.38,-0.44,-0.004436557,0.0019895589,1.94,1.93,1.88,0.01,0.06,0.96,2.86,4.74,4.79,4.8
2013-02-07,1509.390015,0.0008334326,3.0,-0.001805399,0.0005491706,0.0104165102,-0.0115387448,0.7529507254,0.9747039461,2.4962149267,3.3107003558,1503.4204098,1491.75075458,1464.66015438,1408.94999891,1.99,0.00011032110109858933,-0.9,-0.2,-3.3553288038424745e-05,-0.8,-0.0114880601,0.83,0.44,4.84,-0.0045331219,-0.0740740741,-0.0119047619,-0.37,-0.1,-0.37,0.0237673526,-0.29,0.0002087414,0.07,-0.0021945501,-0.0010573199,0.03,-1.55,8.03680858331e-05,0.02,0.11,3.88,-0.22,-1.16,-0.0034368117,-0.0075890092,-0.94,-0.0078173419,1.082967544582472e-05,S&P,-0.0088647695,-0.0833333333,-0.35,-0.0035005345,-2.6785939910378917e-05,-0.0171511414,-3.89,-0.0014427915,-0.39,-0.0001563835,9.861702715671917e-05,-0.0065504918,-0.35,0.91,2.8279140884430615e-05,-0.06,-0.0043772517,0.0012755167,-1.11,0.17,0.0017824866,-0.0106269606,1.96,1.92,1.88,0.04,0.08,0.96,2.85,4.73,4.77,4.81
2013-02-08,1517.930054,-0.1738597569,4.0,0.0056579406,-0.001805399,0.0005491706,0.0104165102,0.3145720482,0.9960407056,2.497745653,3.1118427272,1506.05852693,1494.2440212,1466.74917006,1410.03437757,1.99,1.136781609832242e-05,0.36,0.16,3.479154296076873e-05,0.37,0.0134543953,0.84,1.42,4.85,0.0046651053,-9.939894707211417e-05,0.0120481928,-0.23,0.48,0.37,0.014437638,0.66,0.0006260937,0.07,0.009897287,0.00908027,0.03,0.12,0.0022099448,0.7,0.11,3.89,0.2,-0.16,0.0016464666,0.0066095413,-0.23,0.0082936139,6.767318867775551e-05,S&P,0.0063474033,-2.9581611069574444e-05,0.89,0.0061336936,7.376218912844999e-05,0.0040793314,-0.4,0.0021191738,-0.08,0.0029379169,0.00015804710809698611,0.0057357448,-1.93,-0.11,5.1017520102906424e-05,1.4,0.0055955903,0.0080741996,1.22,1.09,0.0008896797,0.0056996982,1.96,1.92,1.88,0.04,0.08,0.96,2.86,4.74,4.78,4.82
2013-02-20,1511.949951,0.1311474535,2.0,-0.0124041378,0.0073364752,-0.0010450814,0.0006906718,-0.4922966332,0.0436654767,0.2725743509,1.2991029663,1516.67963985,1507.30634684,1479.79278757,1417.47748416,2.02,-0.00010579420393854658,0.15,0.25,8.378449170275143e-05,-1.33,-0.0069436388,0.88,-1.63,4.89,-0.0134112105,-0.0689655172,-0.0112359551,-2.6,-1.37,-0.94,-0.0242179537,-2.09,0.0001121292,0.12,-0.0064170412,-0.0153038112,0.12,-2.71,0.0011875309,-0.32,0.13,3.96,-0.84,-3.02,0.0070644934,-0.0123818202,-0.8,-0.0169868551,2.7391385369010407e-05,S&P,-0.0011383324,-0.00014585484179538993,-1.04,-0.0198497854,-0.00010997914690144055,-0.0039184841,0.21,0.0006193059,0.56,-0.0032395455,-0.00014872685404720789,0.0059859129,0.62,0.5,9.761662227981731e-05,2.09,-0.0040280276,-0.0030377871,-0.76,-1.56,-0.0143157895,0.0025551886,1.9,1.9,1.89,-0.00014946838665033028,0.01,0.93,2.87,4.76,4.77,4.77
2013-02-21,1502.420044,0.0080248646,3.0,-0.0063030572,-0.0124041378,0.0073364752,-0.0010450814,-1.1780279622,-0.6414802418,0.0306321748,0.5090937778,1514.08698606,1506.84098467,1480.68013096,1418.32268376,1.99,3.9888733927039404e-05,-1.51,-1.55,3.241433885911585e-06,-0.19,-0.0229333123,0.86,-1.79,4.86,-0.0082556168,-0.037037037,-0.0227272727,0.84,-0.4,-0.11,-0.0062158783,-0.72,-0.0004484664,0.13,-0.0136347681,-0.0104031788,0.12,0.28,0.0051398636,-1.93,0.13,3.91,-0.12,0.39,-0.0171936835,-0.0017642055,-0.69,-0.007405904,4.4896266255300934e-05,S&P,0.0102564393,-2.3534478875728712e-05,-1.55,-0.0088669688,-6.105998832217262e-05,-0.0042711588,-1.01,-0.0005121868,-1.88,-0.0127935211,-5.526627352880295e-05,-0.0297128756,-1.05,0.41,-6.62651443126835e-05,-0.37,0.0028702021,-0.0188034623,-2.24,-0.86,-0.0064075182,-0.0162460368,1.87,1.86,1.86,0.01,0.01,0.95,2.87,4.73,4.73,4.74
2013-02-22,1515.599976,-0.2000842184,4.0,0.0087724682,-0.0063030572,-0.0124041378,0.0073364752,-0.379920137,0.4114218948,1.1674704244,1.3901359863,1514.36207514,1507.67517432,1482.04953665,1419.29061702,1.97,-4.041358970149874e-05,0.72,-0.46,3.8516853462939164e-05,0.47,0.0224784758,0.84,0.5,4.84,0.0095728794,0.0384615385,-0.023255814,0.3,0.9,0.72,0.0106487691,1.08,-0.0002724053,0.13,0.0098217534,0.0096855101,0.11,-0.83,0.0005900285,1.02,0.14,3.9,0.79,0.17,-0.0054233317,-0.0019552869,0.01,0.0136787565,-5.229968479506938e-05,S&P,0.0101523128,0.0769230769,-0.56,0.0118732049,9.427302755660383e-05,0.0068856646,1.39,-0.0054452485,-1.26,0.0021372334,8.830471886610727e-05,-0.0050675467,0.8,-0.17,-9.947755906394893e-07,0.28,-0.008065604,0.0103302711,2.26,0.8,0.005588951,0.0070253827,1.86,1.84,1.83,0.02,0.03,0.94,2.87,4.7,4.71,4.73
2013-02-25,1487.849976,0.1730548764,-0.00033224329270743937,-0.0183095807,0.0087724682,-0.0063030572,-0.0124041378,-2.1016102343,-1.9816511255,-1.6733127979,-1.0053484718,1509.54169348,1505.78706019,1482.27700486,1419.9727997,1.88,-0.00012239941551106604,0.37,0.18,6.494760480778612e-05,-0.55,0.0040606886,0.78,0.3,4.77,-0.019700594,-0.0740740741,-0.0714285714,0.86,-1.8,-0.59,-0.0177680377,-2.19,-0.002676711,0.12,-0.0140489553,-0.0144126064,0.09,0.88,0.0045208845,1.4,0.14,3.84,-1.38,1.11,0.0016521771,-0.0209103222,-0.97,-0.0247392967,-1.9399142027109683e-07,S&P,-0.0287548576,-0.00015955487230487426,0.31,-0.022168855,-6.234405346092481e-05,-0.0168161441,3.74,0.0114868382,-1.98,-0.010825211,-5.169011798273476e-05,0.0050363884,2.1,0.32,2.841205412040516e-06,-0.45,-0.0089180328,0.0145237653,0.46,-1.22,-0.0247969228,0.0031093181,1.79,1.76,1.74,0.03,0.05,0.93,2.89,4.63,4.65,4.68
2013-02-26,1496.939941,-0.0089178644,1.0,0.0061094634,-0.0183095807,0.0087724682,-0.0063030572,-2.2208578592,-1.3230017513,0.0822338576,-0.2159816078,1507.25046576,1504.94447741,1482.85202196,1420.7386419,1.88,0.00012782360599072619,-1.42,-1.33,2.54085885442925e-05,-0.92,-0.0267136088,0.78,-1.51,4.78,0.0053638472,2.177012466165915e-06,3.590760551518208e-05,1.21,0.35,-0.3,0.0139341106,0.08,0.0017035501,0.14,6.9884671604121e-05,0.0043000087,0.11,1.37,0.0034243225,-2.19,0.14,3.82,0.51,1.24,-0.0131634343,-0.0019625582,-0.00016786256455690439,-0.0020964989,-9.183651232042498e-05,S&P,-0.0011497844,-1.1597235641755043e-05,0.73,0.0046994562,-0.00019005319716609132,0.0092360893,0.38,-0.0193483123,0.85,0.0044279441,0.0001065983481993116,-0.0139641248,-2.06,-0.05,2.548620593155646e-05,-0.41,0.0023818976,-0.0226522289,-2.71,0.2,0.0105217015,-0.0133744534,1.77,1.74,1.74,0.03,0.03,0.96,2.9,4.64,4.64,4.67
2013-02-27,1515.98999,-0.1065157674,2.0,0.0127259942,0.0061094634,-0.0183095807,0.0087724682,0.2672071914,-0.2264048938,0.3109893454,0.5405098806,1508.83947016,1505.99643099,1484.15155012,1421.68641651,1.91,-7.352504915516236e-05,1.02,-0.11,2.8412652307424413e-05,0.27,0.0192080635,0.78,-0.75,4.81,0.0124524344,0.08,0.00016686604110409268,-0.98,1.56,0.05,-0.0098002648,1.39,-0.0007059314,0.11,0.016075922,0.0104197303,0.11,-1.49,-9.7503900156e-05,1.04,0.13,3.85,1.45,-1.26,0.0025453421,0.0149985164,0.59,0.0352941401,-5.707666540025845e-05,S&P,0.0109352806,-0.0714285714,-0.62,0.010966052,5.9832245362542674e-05,0.0115240874,0.2,-0.003106183,0.02,-0.0022540004,-5.899763541229827e-05,0.0086680988,-1.31,-0.23,-0.00018386702948979686,-0.06,0.0075247525,0.0103618634,1.88,1.21,0.0138829507,0.0088511101,1.8,1.8,1.78,4.494777960797396e-05,0.02,0.96,2.9,4.68,4.7,4.7
2013-02-28,1514.680054,0.101487957,3.0,-0.0008640796,0.0127259942,0.0061094634,-0.0183095807,0.8160174679,-0.3716234083,0.1693026353,0.8468996065,1509.9013945,1506.82344271,1485.34874635,1422.61172633,1.89,-2.7965375696476104e-05,0.65,2.29,-7.48152866920342e-05,-0.37,0.0085358514,0.77,-0.44,4.78,-0.0007448006,-0.0740740741,-0.0128205128,-1.09,-0.16,-0.19,-0.0071304364,0.12,-0.0003692703,0.11,-0.0003595829,-0.0006546169,0.07,-1.89,-0.0019990249,0.96,0.13,3.84,-0.16,-1.69,0.0196332362,0.0038746021,-0.63,-0.0073052152,-2.9622000010418355e-06,S&P,-0.0014232564,2.863465011334781e-05,-0.51,0.0013078095,-7.024070126685439e-05,0.0002234335,1.51,0.0020953208,0.61,0.0024871166,1.3198379119448484e-05,0.0226407552,2.13,0.72,6.301389257110425e-05,1.11,-0.0027515592,0.0085814975,0.87,-0.09,-0.0064185705,0.0055169863,1.82,1.78,1.76,0.04,0.06,0.94,2.89,4.65,4.67,4.71
2013-03-01,1518.199951,-0.0553916858,4.0,0.0023238551,-0.0008640796,0.0127259942,0.0061094634,0.1715475746,-0.2090243062,0.5836752537,1.3410207662,1511.41022295,1507.90691969,1486.63702889,1423.56285295,1.86,1.1433111519246093e-05,0.09,-0.55,-4.549879879972814e-05,0.06,-0.0062020113,0.75,-0.88,4.76,0.0006168537,-0.00015065025576535603,-0.025974026,-0.31,0.21,-0.12,-0.024762111,0.45,-0.0006103241,0.11,0.0053957556,0.0030219858,0.07,0.2,0.0069861742,-0.47,0.12,3.83,0.26,0.18,-0.006083718,0.0055624969,-0.26,-0.0002043745,-0.00012189726963000248,S&P,0.0088368581,-0.0769230769,-1.28,0.0039731702,-4.372402702568132e-05,-0.001340067,-0.86,0.0030226536,0.56,-0.000151639,-6.918830064907925e-06,-0.0025731028,0.61,0.69,-6.840185410957001e-05,0.05,0.0077518853,-0.0043323867,-0.52,0.39,-0.0012919036,0.0027984363,1.79,1.75,1.74,0.04,0.05,0.93,2.9,4.64,4.65,4.69
2013-03-04,1525.199951,-0.0760848683,4.239903714496915e-05,0.0046107234,0.0023238551,-0.0008640796,0.0127259942,2.5103320632,0.3559644333,0.4789349141,0.7950135576,1513.91744623,1509.55387505,1488.14930034,1424.57416736,1.88,5.967725303044617e-05,-0.56,-1.67,-4.848157900281415e-05,0.3,0.0026622535,0.76,-0.28,4.78,0.003025584,-0.04,0.0133333333,-0.08,0.61,-0.06,-0.0242061577,0.39,-0.0003214194,0.11,0.007155599,0.0038773019,0.06,-0.72,-0.0034251892,-0.16,0.12,3.85,0.3,4.737269993270525e-05,-0.0149653345,0.0277338574,0.03,0.0038846453,-0.00019928833392566055,S&P,0.0129979942,-5.227237980720351e-05,0.03,0.0021317908,-0.0002307685509868889,-0.0053673599,2.11,0.0106068349,-2.16,-0.0085253836,-9.769219385328893e-05,-0.0364915568,0.69,-0.22,2.7176506388738747e-05,-0.92,0.0065189051,-0.0021379914,0.19,0.41,0.0034497196,-0.005173549,1.82,1.77,1.76,0.05,0.06,0.93,2.9,4.66,4.67,4.72
2013-03-05,1539.790039,0.0574795793,1.0,0.0095660166,0.0046107234,0.0023238551,-0.0008640796,2.8625128388,0.5780826382,1.5016399925,2.9471006512,1518.62155401,1512.43350971,1490.17442735,1425.72059394,1.9,2.618865432572346e-05,1.39,-0.23,0.00013728839488678408,0.42,0.0208719515,0.77,1.38,4.8,0.0086562699,0.0416666667,0.0131578947,0.09,0.74,0.62,0.0264016244,1.03,0.0003375989,0.08,0.0071047957,0.0132305018,0.09,0.37,-0.0005062946,2.22,0.12,3.87,0.83,0.38,0.0010067284,0.009080631,0.19,0.0079430553,3.2794518259734896e-05,S&P,0.0008369038,-1.6036123925435537e-05,0.4,0.0116944093,-3.0370591642539254e-05,0.007419944,0.00013442812382330062,-0.0017421444,0.25,0.0061572186,8.339443802360669e-05,0.0232698868,0.34,-7.940529381313883e-05,0.00013071930565172028,0.28,0.0059586401,0.0232237793,2.05,1.39,0.0137516115,0.0136157181,1.81,1.82,1.78,-0.01,0.03,0.93,2.9,4.68,4.72,4.71
2013-03-06,1541.459961,0.0183344458,2.0,0.0010845128,0.0095660166,0.0046107234,0.0023238551,1.6800883362,1.9517848445,1.4498796402,1.9963025774,1522.77399164,1515.19793364,1492.18562475,1426.87222943,1.95,1.1456652713965628e-05,-0.13,0.98,3.052421794317154e-05,-0.34,-0.0035461467,0.81,-0.49,4.84,0.0021028842,0.00010993504383932689,0.0519480519,0.52,0.13,-0.26,-0.0127104702,0.22,-4.82121333869e-05,0.1,-0.0091710758,-0.0005458111,0.09,0.69,9.74136671375e-05,0.6,0.12,3.91,0.22,1.22,0.0096336448,-0.0065313946,-0.64,0.0109112342,2.6666691622251866e-05,S&P,0.0047379597,0.00014952386547807122,-0.66,0.0027604032,0.00023151365680299817,-0.0005580069,-1.67,-0.0011991306,-3.12,0.0006054761,-2.7729605908677403e-05,0.0089726149,2.05,0.83,-5.04668287614373e-06,3.8460319076325306e-05,-0.0034767575,0.0062284737,-0.4,-0.36,0.0033912675,-0.0006840644,1.86,1.85,1.83,0.01,0.03,0.93,2.89,4.72,4.74,4.75
2013-03-07,1544.26001,-0.0114716513,3.0,0.0018164916,0.0010845128,0.0095660166,0.0046107234,1.9528847641,2.7848381128,1.5740039789,2.1254936848,1526.68054044,1517.96575044,1494.2277575,1428.04026705,2.0,6.4471919811628145e-06,0.42,0.2,3.465651871438824e-05,-0.06,0.0053050589,0.85,0.08,4.89,0.0018295005,-2.911020270270568e-05,0.049382716,-0.3,0.24,0.34,0.0115585351,0.73,-0.000562502,0.1,0.0017799573,0.0030164043,0.1,0.02,0.0054059319,0.16,0.11,3.96,0.36,-0.48,-0.000280992,0.0003287045,1.07,0.0119928445,2.0712385569763547e-05,S&P,0.0102634954,-0.0833333333,0.81,0.0049571862,-0.00010173696098385574,-0.0094908332,3.23,0.0068389734,1.81,-0.0093124804,-4.87212357608777e-05,-0.0097504223,0.34,-0.63,7.505135607360395e-05,-0.97,0.0046517768,0.0025810191,0.56,0.39,0.0004224757,0.0018047322,1.9,1.9,1.89,0.000363848633765312,0.01,0.93,2.89,4.78,4.79,4.79
2013-03-08,1551.180054,0.0048284457,4.0,0.0044811392,0.0018164916,0.0010845128,0.0095660166,2.1723161681,2.3475902985,1.9587511931,2.7686706938,1531.13499745,1521.12901745,1496.46118089,1429.26553856,2.06,0.00015598561253829372,0.5,1.83,-0.0001415763812938982,-0.71,0.0122226045,0.9,-0.27,4.94,0.0045499597,0.08,0.0588235294,-0.03,0.44,-0.33,0.0026475893,0.73,0.0001125637,0.1,-0.004975089,0.003799408,0.09,0.49,-0.0027126526,0.63,0.11,4.02,0.4,0.28,0.0140750771,0.0011318716,-0.76,-0.0084929882,6.0811875136053344e-05,S&P,0.0021966503,6.848649219783236e-05,-0.31,0.0084851781,4.312176746424742e-06,0.002930921,1.31,0.0106572016,0.11,0.0019684226,1.2232967614549748e-05,-0.0024445649,2.09,0.92,3.934136441815167e-05,0.04,0.0056591897,0.005881807,1.25,0.08,0.0038006757,0.0068952512,1.97,1.96,1.95,0.01,0.02,0.92,2.88,4.83,4.84,4.85
2013-03-11,1556.219971,-0.1536528068,1.2687705278915577e-05,0.0032490857,0.0044811392,0.0018164916,0.0010845128,2.0338330053,4.5952210305,2.3970371607,2.5225086557,1535.69590173,1524.47101302,1498.80466286,1430.52876674,2.07,-5.1812466527289596e-05,0.36,-0.19,4.067585445334023e-05,0.74,-0.0010103465,0.9,-0.57,4.94,0.0030702951,1.475634628605463e-05,-4.0762431353201436e-05,0.17,0.42,0.48,0.014245321,0.61,0.0085217224,0.1,-0.0046428214,0.002619923,0.09,-0.44,-0.0011657276,0.08,0.12,4.02,0.49,0.03,-4.8887427791e-05,-0.0107590064,0.3,0.0055776692,3.4200414522101226e-05,S&P,0.0172603014,0.0909090909,0.26,1.06206896551e-05,7.951084311198211e-05,0.002135585,0.55,0.0130835685,0.2,-0.0077384319,-5.0903036845380605e-05,-0.0034581332,0.57,-0.43,-4.689547260684918e-05,-0.11,0.0031973397,-0.0002729837,-0.1,0.29,-0.0063104333,0.003084706,1.98,1.97,1.95,0.01,0.03,0.92,2.87,4.82,4.84,4.85
2013-03-12,1552.47998,0.0594711234,1.0,-0.0024032534,0.0032490857,0.0044811392,0.0018164916,0.824134504,3.7102382987,1.4069813206,2.3381500297,1538.74755232,1527.13853369,1500.90957726,1431.74221165,2.03,2.2992541983337363e-05,0.13,-1.13,2.3948181480710844e-06,-0.13,0.0009644657,0.88,-0.52,4.9,-0.0024531693,5.126510559729374e-05,-0.0222222222,0.74,-0.22,0.41,-0.0215589037,-0.11,-0.0080830304,0.1,0.0014351991,-0.0032433047,0.1,1.11,-0.0017506322,-0.29,0.12,3.98,0.04,0.52,-0.0086710087,0.0106548264,-0.08,-0.0039619849,-9.922711028162356e-05,S&P,-0.0126582544,0.00018321283792042828,1.09,-0.0023872426,5.91984305119736e-05,-5.30246614308284e-05,-0.11,0.0046688677,0.32,-0.0003132122,3.202487701933702e-05,-0.0103817669,-0.24,-0.02,-5.907820362766626e-05,-0.85,0.0015297807,-0.0022757092,0.1,-0.24,-0.0088908125,0.0010763269,1.93,1.93,1.91,-2.3513153487694963e-05,0.02,0.92,2.87,4.78,4.8,4.8
2013-03-13,1554.52002,-0.0614001606,2.0,0.0013140524,-0.0024032534,0.0032490857,0.0044811392,0.8472525612,2.5415754889,2.8155739528,2.3094163438,1541.61527372,1529.74629429,1503.01194756,1432.96388139,2.04,0.00012020340207063024,-0.35,-1.53,0.00021092227819420484,-1.04,-0.0010234278,0.89,-1.03,4.89,-0.0003245522,0.00011476839431328063,0.0113636364,-0.31,0.23,-0.25,-0.0001867353,0.43,-0.0012376039,0.09,0.0003582945,0.0008635943,0.09,-0.72,-0.0004871395,0.14,0.12,3.98,0.08,-0.79,-0.014588924,0.0035384707,-0.56,-0.002386615,4.98383739868561e-06,S&P,0.0030005456,-0.00018694204744331124,-0.79,0.0038712845,0.00016460940518511717,0.0011215567,0.96,-0.0082696258,1.32,-9.182038450886133e-05,1.4607973240334654e-05,-0.0098998131,-0.49,0.56,0.0002587370154393269,0.17,-0.0001272276,0.0006013014,-0.07,-0.14,0.003417343,-0.0044696491,1.95,1.95,1.92,-4.230496813329816e-05,0.03,0.91,2.85,4.77,4.8,4.8
2013-03-14,1563.22998,0.1253907991,3.0,0.0056029899,0.0013140524,-0.0024032534,0.0032490857,1.2284181341,3.2052924888,4.0474657033,2.8217574633,1545.54522032,1532.93521674,1505.37343903,1434.26006147,2.04,-9.134167618001518e-06,0.86,0.31,4.5016157903946473e-05,0.43,0.0092647727,0.88,0.83,4.92,0.0078326462,0.0001350259224133927,-0.0112359551,0.16,0.4,0.83,0.0096883368,0.85,-0.0001287416,0.1,0.0078796203,0.0042555636,0.08,-0.52,0.0019592553,1.0,0.12,4.01,0.42,-0.31,0.0027721003,-0.0340240487,0.34,0.0167464115,-0.00011996285268626945,S&P,0.0054392439,-0.0002443436197526008,0.37,0.0097149939,-2.213585771251991e-05,0.006385839,3.59,0.0020872156,1.77,0.0013431419,-0.00021954720128745044,0.0027867364,1.07,-0.55,8.224441808636306e-05,0.18,0.0070018457,0.0109723933,0.79,0.25,0.008514304,0.0073902495,1.96,1.94,1.92,0.02,0.04,0.91,2.88,4.8,4.82,4.84
2013-03-15,1560.699951,0.4962304077,4.0,-0.0016184624,0.0056029899,0.0013140524,-0.0024032534,0.613719663,2.7993677626,2.9757175847,2.5844920974,1548.3006259,1535.57947714,1507.54310616,1435.51816983,2.01,-0.00014291119641804544,-0.44,-0.81,-5.297567050043597e-05,0.68,-0.0071159703,0.84,0.37,4.9,-0.0012423196,-0.0740740741,-0.0454545455,0.14,-0.33,0.25,0.0258035057,0.08,0.0001126634,0.09,-0.0035535893,-0.0030254913,0.07,0.16,-0.0056522458,-0.01,0.11,3.99,-0.2,-0.17,-0.0038051916,-0.0147511972,0.55,-0.0192156863,0.0001104738021439037,S&P,0.0332702182,-0.0833333333,-0.43,-0.0006190804,-5.81273191827975e-05,-0.0051207725,1.57,-0.0006040304,-0.24,0.0110308823,3.39107102811043e-05,0.0035783205,1.3,-0.89,2.676144968347601e-05,0.01,0.0011378509,-0.0019259501,-0.56,-0.09,-0.0105529755,-0.0060801464,1.94,1.92,1.9,0.02,0.04,0.91,2.89,4.79,4.81,4.83
2013-03-18,1552.099976,-0.3885912459,-9.798200050681524e-05,-0.0055103321,-0.0016184624,0.0056029899,0.0013140524,-0.264743743,1.7637048167,4.3183117274,2.1259474119,1548.99141682,1537.15285799,1509.29043439,1436.6781878,1.96,-3.066921144202874e-05,-1.63,-1.28,3.784384450978405e-05,-0.1,-0.0048282812,0.81,-0.28,4.87,-0.0078076838,0.04,-0.0357142857,0.81,-0.66,-0.07,0.0271829911,0.74,0.0118444133,0.07,0.0021397645,-0.0035333125,0.07,-0.55,0.0010077292,-0.38,0.11,3.95,-0.72,0.38,-0.0199595179,-0.0150102815,-0.92,-0.0101959616,-1.5416900822837202e-05,S&P,-0.0115184028,0.00014353596804747646,-2.59,-0.00554339,1.8405493321042952e-05,-0.0067137292,0.26,-0.0111814887,-0.35,0.0011636838,0.00015727229763378705,-0.0168472398,-2.56,0.79,6.0621906557333306e-05,-1.18,-0.0047986361,-0.0039973271,-0.54,-0.58,-0.0081058444,-0.0049001174,1.89,1.89,1.85,-0.000147264005451006,0.04,0.92,2.91,4.76,4.8,4.8
2013-03-19,1548.339966,0.1996012084,1.0,-0.0024225308,-0.0055103321,-0.0016184624,0.0056029899,-0.2666710072,0.5552657689,3.4336731616,1.1365583021,1548.87297122,1538.21829685,1510.82178857,1437.78925027,1.92,-3.973089844878674e-05,-0.33,-0.4,-9.537364161739823e-05,-0.23,-0.0129970883,0.79,-1.88,4.82,-0.0030711909,-0.0769230769,-0.024691358,0.5,-0.29,-0.32,-0.0026991134,-0.56,-0.0116421471,0.07,0.0028469751,-0.0026223178,0.08,-0.11,-0.0009089754,-0.71,0.11,3.9,-0.01,0.1,-0.0018792431,-0.0057389232,-0.56,-0.006261301,-6.401357419317061e-07,S&P,-0.0071503182,-9.22218764829384e-05,-0.61,-0.0045925211,0.0001328784471853385,-0.0021403065,2.24,0.0047845588,1.86,-0.0005738845,-9.729283681670387e-05,0.0077758231,2.05,0.07,2.8167637218222886e-05,3.216705977791861e-05,0.0006344753,-0.0078532656,-1.24,-0.27,0.0030107527,-0.0025705101,1.84,1.85,1.81,-0.01,0.03,0.92,2.9,4.71,4.75,4.74
2013-03-20,1558.709961,-0.1177806286,2.0,0.0066974923,-0.0024225308,-0.0055103321,-0.0016184624,0.2695327784,1.119068963,2.8179586463,3.0926956259,1550.66151482,1540.16988391,1512.69975612,1438.99244142,1.96,3.935618365097445e-06,0.14,1.33,8.002962733192047e-06,-0.27,0.0142514888,0.81,1.18,4.86,0.0070339408,0.0833333333,0.0253164557,-0.43,0.44,0.1,-0.0053026208,0.61,-8.04595851503e-05,0.07,0.0049680625,0.007769918,0.08,-0.09,0.0045685776,0.58,0.11,3.94,0.14,-0.38,0.0097351169,0.0033929838,0.39,-0.0016260569,9.169300717789613e-05,S&P,-0.0013337689,-0.00012269146861577896,1.18,0.0096516267,-6.645227190229031e-05,0.000564405,-0.23,-0.0030731044,0.86,-0.0001510044,5.884690386125858e-05,0.026552677,0.83,-0.17,5.0993437946483434e-06,-0.69,0.0074815622,0.0068170115,1.42,0.21,0.0060033877,-0.0013350737,1.88,1.89,1.85,-0.01,0.03,0.92,2.9,4.75,4.79,4.78
2013-03-21,1545.800049,-0.0315966427,3.0,-0.0082824338,0.0066974923,-0.0024225308,-0.0055103321,-1.1149946728,0.0997266646,2.0545589755,2.8873420035,1549.77761194,1540.70609011,1513.99780682,1440.05520368,1.95,-0.00014271176553459428,-0.87,-5.7659911242539485e-05,-6.56152078171291e-05,1.09,-0.0142862261,0.81,-1.15,4.85,-0.0078657616,0.0384615385,-6.584477056679158e-05,0.51,-0.65,0.57,0.0014378119,-0.53,-0.0007885674,0.07,-0.0074152189,-0.0097074367,0.08,1.38,-0.001236768,-0.93,0.11,3.93,-0.42,1.28,-0.0013730226,-0.015119714,-0.27,-0.0156759164,5.3575900993368145e-05,S&P,-0.0080128207,-1.823894108744718e-05,-0.38,-0.0084353473,-8.818180104509473e-05,-0.0051901051,-0.63,0.0095212938,-0.72,-0.00011527325286054565,5.685239922695305e-05,0.002963242,0.38,0.12,-0.00014615354713413964,-0.83,-0.0055380115,-0.0086804183,-1.4,-0.56,-0.0072462919,-0.0068556121,1.87,1.88,1.84,-0.01,0.03,0.92,2.9,4.74,4.78,4.77
2013-03-22,1556.890015,-0.0909236665,4.0,0.0071742565,-0.0082824338,0.0066974923,-0.0024225308,-0.2441171346,0.3681043336,2.5484168916,2.7243362136,1551.07077613,1542.24741629,1515.6798542,1441.21773912,1.93,6.8102671009072954e-06,0.16,-0.52,2.2654806438780087e-05,0.52,-0.0012080106,0.8,0.18,4.83,0.0062288828,-0.037037037,-0.012345679,-0.39,0.84,0.06,0.0202770242,0.44,0.0006442365,0.07,0.0049803983,0.0069508786,0.07,-1.76,-0.0012675507,-0.16,0.11,3.91,0.78,-1.58,-0.0049752844,0.0172066815,0.7,0.0088935061,6.551671728194261e-06,S&P,0.0016155628,6.949313803428449e-05,0.91,0.002489657,-6.1318802767359765e-06,0.0127027677,-0.2,-0.0108905005,0.14,0.005662857,-0.00011165925718311418,0.0017365374,-1.99,-0.6,0.000139392615100382,-0.02,0.0092392859,-0.002667462,-0.17,0.86,0.0034349505,0.0006573752,1.86,1.86,1.82,0.00017136430699992577,0.04,0.92,2.9,4.72,4.76,4.76
2013-03-25,1551.689941,0.0779377149,0.00016783517305119078,-0.0033400394,0.0071742565,-0.0082824338,0.0066974923,-0.0264180791,-0.2910918819,1.7368208006,4.2907528333,1551.18335156,1543.14670435,1517.09201447,1442.31696501,1.93,-0.0001082236304423364,-0.09,0.59,2.269805112741741e-05,-0.11,-0.011221964,0.8,0.47,4.84,-0.0047232903,-0.0769230769,-0.00014255548695338256,-0.19,-0.32,0.22,0.0036154315,-0.45,-0.0065508861,0.08,-0.0031858407,-0.0029891991,0.06,0.49,-0.0020501806,-0.48,0.11,3.92,-0.5,0.49,0.0061427883,-0.0067119728,-1.05,-0.0053300329,0.0002609537123644972,S&P,0.0002687634,-0.00022539314068673077,-0.55,-0.0004438944,5.8542856350166806e-05,-0.0030238996,-1.58,-0.0008639869,-0.53,0.0042075838,3.735921017205445e-05,-0.0006713064,1.54,0.81,1.6727768048481952e-05,2.05,-0.0007524204,-0.0051129321,-1.13,-0.33,-0.0055627298,-0.002252519,1.87,1.85,1.82,0.02,0.05,0.92,2.91,4.73,4.76,4.78
2013-03-26,1563.77002,-0.0971974438,1.0,0.0077851114,-0.0033400394,0.0071742565,-0.0082824338,0.9965546546,0.727226125,1.5573539504,4.4644462459,1553.47183673,1545.11082965,1518.92252449,1443.52545312,1.92,-2.7633839374024718e-05,0.21,0.07,-0.00012568336536716493,0.53,0.0055418519,0.79,1.1,4.83,0.0067317415,0.0416666667,-0.0125,-0.39,0.66,0.16,-0.0052633935,0.39,0.0061728395,0.07,1.931527209813102e-06,0.0053101508,0.08,-0.49,-0.0006847975,0.07,0.11,3.91,0.64,-0.35,0.0026933298,0.0167565393,0.07,0.0024731863,-5.1966703280660965e-05,S&P,0.0024187047,-9.072987853774282e-05,-0.06,0.0041973157,5.440700466151096e-05,0.0124691085,2.87,-0.0091218414,0.48,-0.0043867273,-5.700427799053359e-06,-0.0124837558,-1.12,-3.0273725588333042e-05,1.897484915317673e-05,0.1,0.0146837098,0.0011142335,0.54,0.56,-0.0051634682,0.0032923618,1.84,1.85,1.81,-0.01,0.03,0.92,2.91,4.72,4.76,4.75
2013-03-27,1562.849976,0.0156660602,2.0,-0.0005883499,0.0077851114,-0.0033400394,0.0071742565,0.2656052186,0.5358538901,1.3876464872,3.0910485102,1555.17695296,1546.80027216,1520.64516965,1444.7127618,1.87,8.571621852961192e-05,-0.24,0.79,4.502020676296601e-05,-0.33,-0.0098702466,0.76,0.3,4.8,-0.0014597317,8.858950284905974e-05,-0.0379746835,0.39,-0.03,-0.38,-0.0196470114,0.02,0.0002898411,0.09,0.0074574219,0.0012421414,0.06,-0.23,-0.0048947626,-1.11,0.12,3.87,-0.23,-0.28,0.0068907572,0.0191694135,-0.63,-0.017886493,7.91347662219108e-05,S&P,-0.0085790619,0.0909090909,0.06,0.0004421711,-0.00014648797028411919,0.0049928438,2.31,0.0071518047,0.87,-0.001061327,3.708227373920605e-05,0.0015629166,1.21,0.6,-4.558793051781356e-05,0.8,0.005194793,-0.0114954153,-0.95,0.04,-0.0008650951,-0.0018438923,1.81,1.78,1.75,0.03,0.06,0.93,2.93,4.68,4.71,4.74
2013-03-28,1569.189941,0.1339059299,3.0,0.004056669,-0.0005883499,0.0077851114,-0.0033400394,1.513125324,0.3812593845,1.614360978,3.5987723517,1557.72476897,1548.93262158,1522.54888617,1445.9513407,1.87,0.00012002034584142816,0.32,-0.63,-0.00012035880193835192,0.04,0.0053291886,0.77,0.3,4.83,0.0040350421,0.00011055091213309779,0.0131578947,-0.54,0.39,-0.31,-0.0208369698,0.17,0.000418538,0.07,0.0084596402,0.0033778389,0.04,-1.0,-0.0003935071,-0.08,0.11,3.9,0.36,-1.05,-0.0073532506,0.0044854959,0.28,-0.0064894494,-7.2220032258273e-05,S&P,0.0002704705,-0.0833333333,-1.16,0.0013680628,1.0171893913517489e-05,-0.0051887943,-1.08,-0.0033708458,-6.49,-0.0022390028,3.339380401305421e-05,-0.0282271485,-0.96,-0.44,0.00023933037289396297,-5.107433203718809e-05,0.0031992372,0.0007985805,0.5,0.36,0.0008658442,0.0037729502,1.83,1.8,1.76,0.03,0.07,0.93,2.96,4.72,4.76,4.79
2013-04-03,1553.689941,0.2259703638,2.0,-0.010546129,0.0051722641,-0.0044735802,0.004056669,-0.644601116,0.3455297362,0.0779373013,0.9027141135,1559.39546914,1552.25457846,1527.00167382,1449.38136913,1.83,0.0001772120607875979,-0.99,-0.21,8.983679593917093e-06,-0.01,-0.0132471099,0.73,-3.23,4.74,-0.0120423764,-0.04,-0.0641025641,-1.14,-1.02,0.13,0.0051187673,-1.68,0.0003226483,0.06,-0.0083333336,-0.0111402665,0.06,-1.63,-8.87363937529e-05,-0.78,0.1,3.86,-0.67,-1.03,0.0016977579,-0.0162919941,0.24,-0.0296189111,-8.002535860151077e-05,S&P,-0.0056942244,-0.0909090909,-1.39,-0.016686253,4.277004778713881e-05,-0.007175999,-1.74,-0.0050663011,4.08,0.002120066,-6.471756436439107e-05,-0.0010975554,2.74,-0.4,-0.00021234867935209528,-0.08,-0.0074979077,-0.0087010633,-1.31,-0.92,-0.0145672665,-0.0108463475,1.77,1.77,1.73,7.796807615292524e-06,0.04,0.88,2.91,4.64,4.68,4.68
2013-04-09,1568.609985,0.1266521655,1.0,0.0035443321,0.006302738,-0.0042948955,0.0040484519,-0.1044429231,1.0904268664,1.0637207174,0.7961608404,1560.93133106,1555.36904059,1532.09063567,1453.76900272,1.78,1.2490500780845083e-05,0.59,0.78,0.00019967933951568864,0.77,0.0010744964,0.7,1.5,4.6,0.0040666502,1.636588999070663e-05,-0.014084507,0.73,0.26,0.73,0.0018066376,-0.47,0.0002579605,0.06,0.0356768451,0.0048444742,0.06,2.75,-0.0005606925,-0.41,0.1,3.74,0.32,2.49,0.0070120963,0.0084572423,0.56,0.002058419,-0.00012697507855846522,S&P,0.0116153701,-2.9870700734444185e-05,2.08,-0.0023080903,-6.862357772001126e-05,0.0019187246,-1.59,-0.0033239525,-0.63,0.0039836148,-9.692265563580932e-05,0.0064125231,-0.15,-0.26,-0.00014635646329075758,-0.18,0.0050548144,-0.0032795969,0.01,0.59,-0.0025952421,0.0057831563,1.72,1.72,1.68,0.0001576949223069194,0.04,0.86,2.82,4.5,4.54,4.54
2013-04-10,1587.72998,0.0616611022,2.0,0.0121891325,0.0035443321,0.006302738,-0.0042948955,2.1909158386,1.5321920547,2.5440158405,2.2705606806,1565.80381268,1558.45103482,1534.27257074,1455.10194777,1.84,5.715225836590778e-06,1.25,1.59,-3.411160925251417e-05,0.56,0.0198843798,0.74,-0.41,4.67,0.0110801041,0.00018172020991934906,0.0571428571,-1.67,1.25,0.52,0.0203990702,1.87,-0.0015634822,0.07,0.0226274899,0.0183423283,0.07,-0.81,-0.0013188587,2.47,0.1,3.79,0.84,-1.14,0.0075088318,0.0139004894,-0.09,0.0117091208,-3.14276383621051e-05,S&P,0.0032042456,-5.915890410241619e-05,-0.7,0.0180235431,0.00010282814602347948,-0.0010138223,1.69,0.0072360083,-1.47,0.000153361,-1.645161942456816e-05,0.0001581702,0.76,0.01,-0.00012637011044105766,0.87,0.0061334644,0.0226670894,1.99,1.99,0.0225499142,0.0117531054,1.77,1.77,1.74,-8.700050626182393e-05,0.03,0.88,2.83,4.57,4.6,4.6
2013-04-11,1593.369995,-0.0172006892,3.0,0.0035522507,0.0121891325,0.0035443321,0.006302738,2.1404130456,1.952843809,2.2236358827,2.4991620886,1570.81584583,1561.77665007,1536.59011679,1456.47774923,1.82,-4.253924130073003e-05,0.39,-0.06,-0.00011895274538401866,0.7,0.0085343019,0.74,-1.44,4.66,0.004890528,-3.2107212536042124e-07,0.00010582803287522571,0.17,0.32,0.02,-0.0031214901,0.2,6.45744543459e-05,0.07,-0.0442536313,0.000882527,0.06,0.17,-0.0045235491,0.86,0.1,3.78,0.43,-0.04,0.0030274706,0.0191865287,0.25,0.0012182944,-0.00010895338926170333,S&P,-0.0015970721,4.279954645907598e-05,0.41,0.0010146614,-9.693588337126297e-05,0.0060893212,1.32,-0.000451488,0.23,0.0043097626,6.312533873008937e-06,-0.0029526622,1.5,-0.19,-0.00017734452927038697,0.53,0.0036576812,0.0078098695,0.94,-8.99802491522696e-05,0.0004240882,0.0044932518,1.76,1.75,1.72,0.01,0.04,0.88,2.84,4.56,4.59,4.6
2013-04-16,1574.569946,-0.2157514919,1.0,0.0143072233,-0.0229662911,-0.0028367667,0.0035522507,0.3799517443,0.2751119885,1.4745217067,1.4477140872,1570.94789759,1564.29431875,1540.56551628,1459.88841032,1.75,-0.0002697644943391915,-0.56,-0.46,-0.00016882539541830075,1.0,-0.0066541097,0.71,-0.48,4.56,0.0147956638,0.0909090909,0.0289855072,1.16,1.64,0.76,0.0152197185,2.39,-0.0006304559,0.06,0.009759428,0.0149665919,0.06,1.14,-0.0012023108,-0.25,0.09,3.7,1.19,3.49,-0.0046223373,0.0172568168,1.09,0.0116837471,-1.317353343365843e-05,S&P,0.0133989882,-9.103572397265174e-05,0.82,0.0177693458,-0.00017145573668333385,0.0013874784,0.56,0.0083677477,1.59,0.0041628261,0.00013477567419644656,0.0059140249,-0.22,-0.97,-0.00027259016027442184,0.38,0.0211724761,-0.0038961814,-0.58,1.6,0.0127137664,-0.0061479285,1.69,1.69,1.66,-3.643154234726599e-05,0.03,0.86,2.81,4.47,4.5,4.5
2013-04-17,1552.01001,0.1629709689,2.0,-0.0143276811,0.0143072233,-0.0229662911,-0.0028367667,-2.2497509306,-0.1081252414,-0.7520293809,0.2370308899,1567.5046453,1563.12438458,1541.01431995,1460.80504316,1.73,3.1346110165443345e-05,-1.02,-1.38,-2.770882442000606e-06,-0.58,-0.0234848046,0.71,-2.22,4.54,-0.015195238,-8.982621245302863e-05,4.7430444284785555e-05,0.59,-1.45,-0.9,-0.0549925006,-1.8,-0.0016013976,0.06,-0.0048325511,-0.0183665417,0.05,-1.36,0.0042082599,-2.36,0.09,3.68,-0.91,-0.43,-0.0047231098,-0.0181390985,-1.12,-0.0350587942,1.5662608500019548e-05,S&P,-0.0134916348,-0.00014785229069322705,-3.6,-0.0178706815,-0.0001365397349002383,-0.0061193741,1.3,0.0042925724,-0.04,-0.0076219095,-6.095975085905925e-06,-0.0004779713,0.68,1.13,5.629064501174032e-05,-0.32,0.0055129433,-0.0233710929,-2.4,-1.89,-0.0147186147,-0.0095802909,1.68,1.67,1.64,0.01,0.04,0.86,2.81,4.45,4.48,4.49
2013-04-18,1541.609985,-0.0845844185,3.0,-0.0067010038,-0.0143276811,0.0143072233,-0.0229662911,-3.2484614473,-1.1775788943,-1.3590550166,-1.097059519,1562.79652524,1561.07539414,1541.03767937,1461.60907243,1.72,0.0001238834920723233,0.01,0.58,6.841780943943188e-05,-0.34,3.61541220548e-05,0.71,1.47,4.52,-0.0030363053,-0.0001238741068386933,9.738064162499918e-05,1.03,-0.78,0.05,-0.0266882295,-0.75,0.006351058,0.05,-0.0013874089,-0.0119543716,0.03,-0.27,-0.0005165189,-0.47,0.09,3.65,-0.98,-0.13,-0.0026495719,-0.0298428616,0.17,-0.0032058559,2.6750800080616078e-05,S&P,-0.0079321934,-2.8764980517946704e-05,0.5,-0.0058336767,5.057046068741293e-05,0.0062732457,4.44,0.0017750258,0.11,0.0025984164,7.418379801349062e-05,0.0017349622,-0.97,-0.02,3.6091149108728576e-05,-1.66,-0.0085816684,-0.0039050631,0.06,-1.26,-0.0039543058,-8.00743064581e-05,1.69,1.67,1.63,0.02,0.06,0.87,2.8,4.43,4.47,4.49
2013-04-23,1578.780029,0.1964072379,1.0,0.0104192186,0.00466163,0.0088479026,-0.0067010038,0.2673798653,0.6483475241,0.5432274479,1.7458441461,1564.73999543,1562.43014945,1543.84091451,1464.68215394,1.74,-4.302185774827668e-05,2.04,0.12,-2.5797115997730515e-05,-0.32,0.0358476205,0.71,-0.08,4.54,0.0104102496,-0.0416666667,0.0142857143,-0.9,1.12,-0.12,0.0187121777,1.66,-0.000792329,0.05,-0.007460266,0.0110652467,0.04,-2.17,0.0014919551,2.53,0.09,3.7,1.0,-2.05,-0.0107855101,0.0202997771,-0.52,0.0173178466,5.698486942138214e-05,S&P,0.0108903077,4.726570027729444e-06,-1.21,0.0159160442,-9.800089899597894e-07,0.013736032,-0.68,0.0052137755,-0.61,-0.0045693169,-5.757266428708381e-05,-0.0257031742,-0.15,1.22,-8.512109236956501e-05,-0.52,0.007308676,0.024083639,3.72,0.92,0.0070257611,0.019982167,1.7,1.69,1.65,0.01,0.05,0.84,2.8,4.45,4.49,4.5
2013-04-24,1578.790039,0.0092815169,2.0,6.34033862609e-06,0.0104192186,0.00466163,0.0088479026,1.7255062034,-0.563064319,1.6155152542,0.9605005089,1567.29454881,1563.98823416,1545.21146841,1465.81755578,1.73,9.292208335725067e-06,0.69,0.63,-2.8930598017408418e-06,0.96,0.0158311128,0.7,1.42,4.53,0.0035825222,-0.0001089262601320503,-0.014084507,1.27,0.03,0.15,-0.0016497304,0.38,0.000161828,0.06,0.0379084967,9.78255460201e-05,0.05,0.07,-0.0017234161,1.24,0.09,3.7,-0.2,0.83,0.0172627207,-0.000446244,0.13,0.0114179577,-7.861998679477938e-05,S&P,0.0056557768,0.00012638280854280657,2.07,0.0051110442,-8.167085311533902e-05,0.0014557334,-1.7,-0.0025783681,-1.09,0.0032698686,3.272663206282971e-05,0.0154632365,2.14,0.13,-0.00014924572838510703,1.0,-0.0124048922,0.0131649334,1.6,0.04,0.0213953023,0.0040117555,1.68,1.67,1.64,0.01,0.04,0.83,2.8,4.44,4.47,4.48
2013-04-25,1585.160034,0.0862477211,3.0,0.0040347322,6.34033862609e-06,0.0104192186,0.00466163,2.8249719075,-0.5152576631,1.6141267403,1.4275239686,1570.54281884,1566.00459605,1546.77807883,1467.00504313,1.74,-3.6747397412047687e-05,-0.09,1.77,-4.987988748063519e-05,0.24,-0.0006427293,0.71,1.65,4.55,0.0046367887,-0.00021892060556606455,0.0142857143,2.55,0.49,0.15,0.0072017341,0.83,-0.0013429551,0.05,0.0056675378,0.0062208764,0.04,5.74,-0.0049841016,0.9,0.08,3.72,0.26,5.36,0.0098358632,0.0220254968,-0.02,0.0057471058,5.036189111844586e-05,S&P,0.0080342528,-0.1111111111,2.53,0.006605265,-9.506460327638207e-05,-0.0152074248,0.02,-0.0007845001,1.65,0.0102809139,-6.499438793196309e-05,-0.0085701099,0.65,-0.22,-0.00016441555942619732,0.59,0.0098353124,0.009515375,0.03,0.71,-0.0004552824,0.0016792023,1.7,1.69,1.66,0.01,0.04,0.83,2.81,4.47,4.5,4.51
2013-05-08,1632.689941,0.0740637785,2.0,0.004139081,0.0052302696,0.0019077786,0.0105346668,3.1585260345,3.4140006377,5.1984156339,2.8317132993,1606.11568062,1591.57937534,1564.8591851,1478.91081776,1.81,-8.426058910779092e-05,0.72,0.31,8.361101423921981e-05,-0.66,0.0089153551,0.75,-0.06,4.61,0.0057721852,-0.00010331319888606328,-0.0001741473461035182,1.39,0.51,-0.14,0.0112937381,0.4,-0.004550256,0.04,-0.0096066944,0.0048990139,0.01,0.51,-0.0022885572,0.97,0.08,3.78,0.53,-4.007461475835184e-05,0.008558988,0.003685958,0.56,0.0126169925,-3.868791854901611e-05,S&P,0.0013020572,-8.589336906665597e-05,2.15,0.0026760823,-8.321133081345325e-05,0.0060339549,1.48,0.0010326091,-0.3,0.004071737,-0.00015330507060453018,0.0047974674,0.71,-0.5,1.4084167222087039e-05,0.02,-0.0008184263,0.008302616,0.93,0.52,0.0145502646,0.0039955768,1.8,1.77,1.73,0.03,0.07,0.83,2.8,4.53,4.57,4.6
2013-05-09,1626.670044,-0.0273722114,3.0,-0.0036871036,0.004139081,0.0052302696,0.0019077786,1.8202466602,2.6186636749,5.5176120956,2.0899131466,1609.8528376,1594.92134378,1567.28314035,1480.38105882,1.81,-2.7467752752906686e-06,0.08,-0.55,-1.5726004849604698e-05,-0.11,-0.0070015142,0.75,0.12,4.63,-0.0057168715,5.3992907511992984e-05,6.93520435265743e-05,-0.99,-0.26,-0.77,-0.0152423705,-0.33,0.0007836095,0.04,-0.0100030912,-0.0012012229,0.02,-0.05,0.004248529,0.18,0.08,3.8,-0.12,-1.0,-0.0014140701,0.0057213972,-0.83,-0.0144693937,5.86251243514942e-05,S&P,-0.0145644209,-0.00011135058371525362,-0.89,-0.0042765049,-0.00019245686620276991,-0.0073064125,0.13,0.0190841344,2.64,-0.0062401442,0.0001411148464527138,-0.005933803,-0.21,1.34,5.931315848235442e-05,1.43,-0.003627393,0.0015563994,-0.14,-0.13,-0.0099956106,0.0013974626,1.79,1.77,1.73,0.02,0.06,0.83,2.82,4.55,4.59,4.61
2013-05-14,1650.339966,0.187999038,1.0,0.0101421533,4.28897607281e-05,0.0043216552,-0.0036871036,1.4994222235,3.3031430099,4.5326097167,4.8121088677,1623.67456529,1606.57004509,1575.44965667,1485.07861663,1.96,0.00021153824137512593,0.79,0.48,4.688503861742409e-06,-0.62,0.0052874653,0.85,-0.21,4.77,0.0083383504,0.0833333333,0.0240963855,-0.32,1.06,-0.63,-0.0239257785,1.27,-0.0006192354,0.05,0.015137754,0.0069268748,0.01,-1.33,0.0079192239,0.71,0.09,3.93,0.78,-1.01,-0.0025894624,0.0144417105,-0.43,0.0112744518,-0.00017987523831846324,S&P,0.0146596069,0.125,-2.11,0.0124976065,6.668603790844914e-05,0.0112098005,2.52,0.0053409563,0.42,-0.0053445651,-5.098530627076581e-05,-0.0111109731,-0.13,1.02,6.51714192169887e-05,1.12,0.0130460457,0.007225295,0.71,0.48,0.0070021882,0.0081878667,1.95,1.91,1.87,0.04,0.08,0.84,2.81,4.68,4.72,4.76
2013-05-15,1658.780029,0.0577391918,2.0,0.005114136,0.0101421533,4.28897607281e-05,0.0043216552,1.5979817934,4.8069804989,5.0665375398,6.8794671627,1630.05737687,1611.54242451,1578.71751441,1486.80698889,1.94,-0.00013366552836994655,0.37,-0.03,4.394200852781527e-05,0.55,0.0040770742,0.84,1.05,4.76,0.0037358476,6.851486730850896e-05,-0.0117647059,-2.32,0.38,0.09,-0.0338169888,0.17,0.0005054787,0.04,0.0095436627,0.0026020862,0.01,-3.05,-0.0026517384,0.26,0.09,3.93,0.4,-3.37,0.0049698887,-0.0065963146,-0.26,0.0171212423,-5.505967591472008e-07,S&P,0.0139319151,2.1852203251832777e-05,-0.73,0.0026166943,2.7461681084381774e-05,0.0014268137,1.14,0.0004696605,-2.6,0.0008379747,0.00011640364854942487,0.0035124375,1.96,-0.22,-0.0001801429079711434,-0.12,0.0077037828,0.0027952106,0.33,0.19,0.0099956541,0.0011217301,1.93,1.9,1.85,0.03,0.08,0.83,2.82,4.67,4.72,4.75
2013-05-16,1650.469971,-0.0394565598,3.0,-0.0050097408,0.005114136,0.0101421533,4.28897607281e-05,1.4631072287,3.3099860493,4.1200847611,7.0614479057,1633.76875762,1615.24980989,1581.53133624,1488.43547627,1.87,0.00010307435856137697,-0.2,0.04,-9.218100352805959e-05,-0.98,-0.0007935031,0.79,0.12,4.68,-0.0065017191,-0.1153846154,-0.0595238095,-0.47,-0.38,-0.91,0.0133613407,-0.2,0.0005052234,0.03,0.006794801,-0.0018377953,-3.829043583922536e-05,-2.604729264300126e-05,0.0029542097,0.1,0.08,3.85,-0.15,0.35,0.0016680721,-0.0091536728,-0.04,-0.0023487767,6.0673455963709924e-05,S&P,-0.0010178372,-0.1111111111,0.77,-0.0032370476,-1.6902564908618715e-05,-0.0059184679,-3.39,-0.0012028496,-0.72,0.0024291418,-3.1148569191638e-05,0.0121394498,-0.13,-0.02,-4.937952341582786e-05,1.09,-0.0021679827,0.0008909138,0.15,-0.09,0.0012908778,-0.0008665431,1.87,1.84,1.79,0.03,0.08,0.83,2.81,4.6,4.65,4.68
2013-05-21,1669.160034,0.0728165419,1.0,0.0017223862,-0.0007076181,0.0103000965,-0.0050097408,1.1403752189,2.6568964818,4.4811864532,5.7246736936,1649.14328742,1628.85329513,1591.27227906,1493.73198143,1.94,-8.013254776998886e-05,0.54,-0.59,0.00013435778125342994,-0.05,0.0033135299,0.84,-0.85,4.75,0.0011212493,0.0001993237528198528,-0.0117647059,-1.28,0.06,-0.05,-0.0073826744,0.07,-0.0005384327,0.04,-0.0065565561,0.0016274272,0.04,-0.56,0.0017569546,0.09,0.09,3.92,0.24,-2.35,0.0122901438,0.0045958225,0.18,0.0139605849,-9.233255945042554e-06,S&P,0.0119402733,-9.574998269355898e-07,-0.54,0.0008016684,5.997360685581368e-05,0.0030264376,2.49,0.0027014956,-0.93,-0.0067008337,-2.4959681557650686e-05,0.0022295483,0.06,0.34,-2.6142284682507363e-05,-0.12,0.0065900919,0.0019359562,0.51,0.02,0.0038184132,0.0071495949,1.9,1.9,1.85,6.275651480062133e-05,0.05,0.83,2.81,4.66,4.71,4.71
2013-05-22,1655.349976,0.2411969626,2.0,-0.0082736572,0.0017223862,-0.0007076181,0.0103000965,-0.2067816673,1.3878957928,4.5902588772,4.8492792017,1650.27177626,1631.37678855,1593.78512992,1495.34012068,2.03,-0.0001124657128848474,0.8,0.26,-0.0001266505522238627,-1.13,0.0036990856,0.91,-1.26,4.81,-0.0094005999,-5.1720085352462944e-05,0.0833333333,-0.5,-0.6,-1.08,0.0038438703,-1.43,-0.0007346219,0.04,-0.0068865714,-0.0110847334,0.04,0.07,0.0110688882,0.88,0.08,3.98,-0.23,-0.85,-0.0045060087,-0.0219444853,-0.37,0.0115051113,8.957928457204214e-05,S&P,-0.0142576696,-0.1111111111,1.14,-0.0165401976,0.00014357983450861262,-0.0065732864,-0.14,0.0071650494,1.03,-0.0082387808,-1.2616090264173195e-05,-0.0011760538,1.75,0.85,7.822900648120611e-05,0.39,-0.0014674005,0.0069272977,0.37,-0.68,0.0084531276,0.0053498587,1.99,1.99,1.95,-3.695756984475819e-05,0.04,0.83,2.78,4.73,4.77,4.77
2013-05-23,1650.51001,-0.0952781689,3.0,-0.0029238325,-0.0082736572,0.0017223862,-0.0007076181,0.0024259151,1.4655686375,3.3124922619,4.122610626,1650.31509148,1633.19900011,1596.00963502,1496.88409968,2.02,0.00012953823820863801,-1.89,-3.45,-3.7842960106734304e-05,0.73,-0.020725234,0.91,-0.16,4.79,-0.0043910206,-4.868166243432217e-05,0.00011732829478905547,1.59,-0.33,0.55,0.0017899762,0.14,0.0004737711,0.05,-0.0132909271,-0.0011203554,0.03,0.16,-0.0056473219,-2.06,0.08,3.97,-0.2,1.66,-0.0254244596,-0.0044113289,0.61,-0.0052210143,2.6338026030583523e-05,S&P,-0.0022443891,-0.00023151556643910293,-2.28,0.0020565013,-9.971924680869242e-05,-0.0043388761,1.79,-0.0074241973,2.64,0.0039846732,0.00011715900222371654,-0.0116122517,-6.89,-0.97,0.00010986140300672887,-1.13,-0.0141306807,-0.0209719251,-2.06,-0.29,-0.0083822712,-0.0209786126,1.99,1.97,1.94,0.02,0.05,0.82,2.77,4.71,4.74,4.76
2013-05-29,1648.359985,0.037525308,2.0,-0.0070479824,0.0063409815,-0.0005513653,-0.0029238325,-1.2461386911,-0.119974129,1.3776491757,3.1792059639,1651.32224332,1638.23610391,1602.41585402,1501.48827955,2.13,0.00014914944196129377,-2.13,-2.58,-0.00028380588888871837,0.25,-0.0188714501,1.02,-1.73,4.88,-0.0075488427,0.0344827586,0.00011894987645544329,0.88,-0.45,0.19,0.0079512094,-0.61,0.0008508549,0.05,-0.003997687,-0.0061251211,0.04,1.19,-0.0056698059,-1.86,0.08,4.04,-0.54,1.03,-0.0161104643,-0.0065846457,0.66,0.0012820513,2.2208106423378473e-05,S&P,0.0056762093,-0.1111111111,-0.63,-0.0104175608,-4.7751171471376585e-05,-0.0032474021,-0.62,-0.0149346877,0.99,0.0070058239,-8.180796342682768e-05,0.0011626907,-1.11,-1.53,0.0002036677899675166,0.71,-0.0223718637,-0.0170135891,-1.78,-0.27,0.0016948729,-0.0199349017,2.09,2.08,2.05,0.01,0.04,0.84,2.75,4.8,4.83,4.84
2013-05-30,1654.410034,-0.0246770408,3.0,0.0036703445,-0.0070479824,0.0063409815,-0.0005513653,-0.0567820711,-0.2634463234,1.3303256457,4.5308703621,1651.8836598,1639.7764782,1604.45484147,1503.00988905,2.13,-8.388091799274958e-05,0.3,0.61,-3.3511782053567106e-05,-0.26,0.0055836113,1.01,-0.23,4.9,0.0039861618,0.0333333333,-0.0098039216,1.49,0.39,0.29,0.0149005688,0.56,0.0006866448,0.04,0.0043004013,0.0068579356,0.02,1.02,-0.0043490867,0.73,0.07,4.06,0.19,1.24,-0.0031309848,0.0048958235,0.84,0.0173770081,-5.347960812791998e-05,S&P,0.0122699387,-0.125,0.61,0.0075686662,0.00011823320527174688,0.0001085361,-3.01,0.0018232788,-0.36,0.0064574585,-2.6093793162255824e-05,-0.002697083,-4.15,-0.91,-2.021049964170798e-06,0.11,0.0039695971,0.0076314408,0.53,0.48,-0.0016920051,0.0044965904,2.11,2.09,2.06,0.02,0.05,0.84,2.77,4.83,4.86,4.88
2013-06-04,1631.380005,-0.0754617201,1.0,-0.0055108075,0.0059359886,-0.0143072416,0.0036703445,-1.7276515897,-2.095075478,-0.1462883374,0.8581146832,1643.87693186,1638.32777198,1607.81734961,1506.88664388,2.14,-5.593670058155817e-05,0.51,0.14,1.0144982958313255e-05,-0.89,0.0013161414,1.05,1.16,5.0,-0.003954225,0.0666666667,0.0194174757,-0.83,-0.31,-1.25,-0.0031283812,-0.73,-0.00049006,0.04,-0.016858612,-0.0058031628,0.05,-1.39,0.0063211125,0.05,0.08,4.1,-0.25,-1.14,0.0001494502,-0.0044214365,0.04,-0.0082584141,-0.00015833104240082574,S&P,-0.0071200835,6.306941281432332e-05,1.14,-0.0086418965,1.4127259203529189e-05,-0.007325585,0.18,0.0051334597,0.04,-0.0011474117,8.335824881951891e-05,-0.0116711703,3.1,-0.03,-0.00010677533080696635,-0.17,-0.0072010507,0.0012262131,0.1,-0.36,0.000846066,0.0051340209,2.09,2.1,2.06,-0.01,0.03,0.9,2.86,4.92,4.96,4.95
2013-06-05,1608.900024,-0.0058814836,2.0,-0.0137797331,-0.0055108075,0.0059359886,-0.0143072416,-2.3938921934,-3.6101996677,-2.5109942711,-1.0492224538,1637.51749406,1635.52512932,1607.85980743,1507.90170239,2.1,-0.00011921572298371108,-1.93,-1.52,2.8065053400860265e-05,-0.55,-0.0186941705,1.02,-0.19,4.99,-0.0152005048,-0.0625,-0.0285714286,0.24,-1.43,-1.1,-0.0093476355,-1.43,-0.0001470901,0.05,-0.0060018002,-0.0127073225,0.04,0.29,-0.0005798222,-1.1,0.08,4.07,-1.45,0.31,-0.0097049251,0.005532559,0.1,-0.018689896,0.00015533024648385594,S&P,-0.0153313307,3.3293459951565544e-05,0.06,-0.0140635645,3.4816196055463246e-05,-0.0125564378,0.08,-0.012947601,-1.16,0.0065003208,1.4780493302473278e-05,-0.0006543957,-5.2,-0.49,-8.655457700820749e-05,-1.65,-0.004994031,-0.0120275741,-1.84,-1.22,-0.0143702451,-0.0212393332,2.06,2.05,2.02,0.01,0.04,0.92,2.89,4.91,4.94,4.95
2013-06-18,1651.810059,-0.0051321611,1.0,0.0077911581,0.0075673647,-0.0058850162,0.0147842909,1.5792128502,1.2523172981,-0.4969699714,-0.8689951726,1636.12269726,1634.93891549,1615.72426305,1518.71832963,2.2,-8.920932126139432e-05,0.69,-0.18,2.3227428126625043e-05,-0.09,-0.0008049008,1.07,0.52,5.12,0.0066117975,-7.683230051563654e-05,0.0094339623,-1.19,0.69,-0.64,-0.0005324537,1.07,0.000572363,0.05,-0.0005714286,0.0087047852,0.04,-0.58,0.0029449298,0.13,0.08,4.23,0.81,-0.87,-9.20196535301e-07,0.0133065239,0.19,0.0048282824,4.358140253580755e-05,S&P,0.0056636049,-8.964770201387649e-05,-1.41,0.0122995249,0.0002658212428267523,0.0045896404,0.77,0.0088402831,0.51,-0.0051444761,-1.0331799350428222e-05,0.0014265404,-0.46,-0.25,4.3163318465956615e-05,0.49,0.0085250966,0.0016771846,-0.03,0.79,0.0235591081,0.006903119,2.16,2.15,2.12,0.01,0.04,0.89,2.92,5.04,5.07,5.08
2013-06-19,1628.930054,0.1358803965,2.0,-0.0138514746,0.0077911581,0.0075673647,-0.0058850162,1.0176638923,1.2449518119,-1.1787431858,-2.410193102,1634.81494394,1634.36664297,1616.2421372,1519.8149637,2.33,-0.0001652998691733348,-0.26,-0.89,-2.366008996750852e-05,-1.13,-0.0054940257,1.24,0.09,5.2,-0.0153122718,0.1481481481,0.1588785047,-1.25,-1.3,-2.02,-0.0203117382,-1.45,-0.000261502,0.05,-0.0111492281,-0.0111941318,0.04,-0.04,0.0058725653,-0.39,0.08,4.3,-1.29,-1.52,-0.0112593788,-0.0127768522,-0.74,-0.0103493253,-8.821705395102508e-05,S&P,-0.0044074437,-3.669612363930201e-05,-0.44,-0.013490125,-2.8889130425594123e-05,-0.0101163929,1.49,0.0112335817,2.66,-0.0098778728,-4.030544924424074e-05,-0.007334312,2.0,0.85,4.0803450542703286e-05,-0.4,-0.0173691522,-0.0039406585,-0.54,-1.07,-0.0143855323,-0.0039848748,2.29,2.28,2.25,0.01,0.04,0.9,2.87,5.12,5.15,5.16
2013-06-20,1588.189941,0.3705973947,3.0,-0.0250103514,-0.0138514746,0.0077911581,0.0075673647,-2.9437314797,-2.1182647637,-4.0026409197,-4.0571502083,1626.33767068,1629.96886183,1615.14205108,1520.49531174,2.41,-1.0680787794325721e-05,-2.76,-4.28,9.407716511208727e-05,-1.77,-0.0365714297,1.31,-3.74,5.34,-0.0280616769,0.064516129,0.0564516129,-5.42,-2.39,-1.03,-0.0145625985,-2.54,0.000212526,0.05,-0.0318010408,-0.0228160023,0.03,-8.32,0.0094385521,-3.06,0.09,4.44,-2.25,-8.19,-0.0287808945,-0.0169686581,-0.56,-0.0199813076,8.295089658210994e-05,S&P,-0.0140186916,0.125,-2.58,-0.0263355094,-6.700371413485754e-07,-0.0214285385,-2.17,0.0057045556,-0.74,0.0022347798,6.438185460884607e-05,-0.0277277251,-1.73,-0.11,7.002421195442449e-05,-2.57,-0.0263963937,-0.0327677777,-3.63,-2.53,-0.030442035,-0.0298166285,2.38,2.36,2.32,0.02,0.06,0.9,2.93,5.25,5.29,5.31
2013-06-25,1588.030029,-0.2054414554,1.0,0.0094972718,-0.0121450157,0.002669777,-0.0250103514,-3.8612205836,-2.342984625,-2.6572580188,-4.3390014481,1607.32450109,1618.14698204,1611.67222371,1522.3870169,2.6,6.42798394456997e-05,1.06,2.41,6.482832171690515e-05,-0.13,0.0150711243,1.49,0.1,5.48,0.0109356749,0.0238095238,0.0067567568,-0.35,0.97,0.13,0.0002235604,1.01,3.25993056347e-05,0.06,-0.0014828884,0.0081697813,0.03,0.17,0.0016288817,1.4,0.11,4.46,0.7,-0.36,0.0021066052,0.0054691663,-0.26,0.0227809121,3.953960716931074e-05,S&P,0.0125628144,3.069038697983488e-05,1.49,0.0107355261,-3.0248081214323924e-05,0.0071202303,-2.46,0.006315992,-0.38,-0.001973154,0.00016728832697111867,-0.0018983606,-0.54,0.55,2.8672890434724343e-05,0.21,0.0087459755,0.0154501631,1.5,0.5,0.0078500218,0.012074738,2.57,2.54,2.49,0.03,0.08,1.02,2.88,5.37,5.42,5.45
2013-06-26,1603.26001,-0.0539273683,2.0,0.0095904868,0.0094972718,-0.0121450157,0.002669777,-1.5758837488,-0.5742570564,-0.3505509302,-2.7360513122,1606.58550271,1616.72917518,1611.34233298,1523.1917233,2.55,-0.000135251969698918,1.21,1.75,-3.145686365145017e-05,0.65,0.0208832133,1.45,0.4,5.44,0.0086781078,-0.0930232558,-0.0268456376,-3.99,0.89,0.17,-0.011325525,0.26,0.0107574202,0.06,0.0201960214,0.0084620698,0.02,-4.81,-0.0045458436,1.64,0.11,4.43,0.91,-5.45,0.0243169253,0.0201404354,-0.56,0.0080644774,-3.722964923073954e-05,S&P,0.0178660302,-0.00019949443725644114,-0.98,0.0026735815,5.099659932027805e-05,0.0077432611,1.65,-0.003841238,-1.24,-0.0059000303,0.00014732687537992163,-0.0040893233,-1.24,0.52,2.323618661539272e-05,-0.83,0.0192149975,0.0166029255,1.96,0.87,0.00605794,0.0104229992,2.53,2.49,2.44,0.04,0.09,1.01,2.89,5.33,5.38,5.42
2013-06-27,1613.199951,-0.0544635982,3.0,0.0061998309,0.0095904868,0.0094972718,-0.0121450157,1.5747493014,-1.4153385693,-0.5768728219,-2.4909231782,1607.78812967,1616.39305859,1611.41518074,1524.08732755,2.49,2.7492523269697128e-05,1.37,1.08,2.7809510214642736e-05,0.04,0.0097019628,1.38,1.14,5.41,0.0084127061,-0.0769230769,-0.0482758621,-2.09,0.69,-0.02,-0.0107770143,1.75,0.0045909729,0.06,0.0078602916,0.0075943322,0.02,-0.29,0.0010222311,0.79,0.11,4.38,0.76,-0.32,0.0049919632,-7.21223456971e-05,0.19,0.0123809905,9.895900660146899e-05,S&P,0.0131643345,4.3141316172829304e-05,0.39,0.0166937797,1.4938486440908379e-05,0.0026725834,-3.37,0.0072210394,-0.55,-0.0044101786,-1.708262568910854e-05,-0.0007599466,3.83,0.23,0.00017893962420593426,3.21,-0.0032187494,0.0062661916,0.99,0.57,0.0030107527,0.0126348069,2.47,2.43,2.38,0.04,0.09,1.03,2.92,5.3,5.35,5.39
2013-07-03,1615.410034,-0.4073039043,2.0,0.0008240472,-0.0005449082,0.0054037477,-0.0042895625,0.7578324117,-0.8299938949,0.1792234493,0.404624893,1610.83262798,1615.27505879,1611.62196267,1527.56251786,2.52,-8.537400800257872e-05,-1.08,-2.16,6.880689032657111e-05,0.39,-0.0108374879,1.42,1.69,5.32,-0.0010530539,0.0588235294,0.0289855072,0.79,0.11,-0.66,0.0055198284,0.32,-0.000359301,0.05,0.0020624338,0.00299121,0.03,2.03,-0.0042662116,-0.89,0.08,4.28,0.37,1.91,-0.0315324425,0.0010573009,0.23,-0.0005681629,3.333663427461217e-05,S&P,-9.423172508365227e-05,-8.40642836445395e-05,1.02,0.0016777002,3.6185609171383286e-05,0.0005516659,0.99,-0.0077134701,1.47,0.0080189324,-6.582215471344234e-05,-0.0061259642,-0.78,-0.42,2.9513966543102367e-05,-1.98,0.0024257711,-0.0102961148,-1.04,0.45,0.0004366812,-0.0117387651,2.49,2.47,2.44,0.02,0.05,1.04,2.8,5.24,5.27,5.29
2013-07-09,1652.319946,-0.1022110687,1.0,0.0072296705,0.0052515463,0.0102017325,0.0008240472,2.3133691176,5.0365828854,0.8102246854,0.5788792775,1625.34610626,1622.26859522,1615.03822347,1530.93359419,2.65,-0.0001649521426730092,1.12,0.24,6.998283940238017e-05,0.67,0.0051597431,1.5,0.35,5.43,0.0081047006,-3.632373237122593e-05,-0.0066225166,1.05,0.61,0.49,0.0175881891,0.94,-0.0007021784,0.04,0.0005824643,0.0055755752,0.04,0.53,-0.0025575448,1.17,0.08,4.37,0.41,1.0,0.0048984251,0.0032348085,-0.69,0.0034734551,0.00017453957614047794,S&P,-0.0030352789,0.1428571429,-1.13,0.0087193342,4.042061093057558e-05,0.0118156748,-2.25,0.003004482,2.11,-0.0061676961,-7.73761892026252e-05,0.003667022,2.55,0.92,-4.995964130875167e-05,1.06,0.0032735186,0.0111952705,0.51,0.52,0.0128645369,0.0097672903,2.61,2.61,2.57,7.524169721671338e-05,0.04,1.06,2.78,5.35,5.39,5.39
2013-07-10,1652.619995,-0.0457475534,2.0,0.0001815926,0.0072296705,0.0052515463,0.0102017325,2.3877403878,4.0673012991,0.0490332406,1.62902043,1630.30499513,1625.15920472,1616.51201844,1532.14440415,2.7,0.00034687327945647135,-0.42,0.65,0.00027581075823252953,-0.23,-0.0007883394,1.54,0.65,5.45,-7.71514944048e-05,0.027027027,0.0266666667,1.14,0.18,-0.05,-0.0038356388,0.26,0.0007516954,0.04,0.0101893165,0.0047085547,0.03,0.14,-0.0140550807,-0.17,0.08,4.42,0.14,0.52,0.0107117283,0.0027441018,1.53,-0.0010930406,-3.327869853307089e-06,S&P,-0.0147541214,3.856603727754107e-05,0.81,0.0023279751,7.905488800533407e-05,-0.005570988,0.63,-0.0257233794,0.26,0.0214339208,-2.8681425457553413e-05,0.0217110136,-0.21,-1.45,-5.3204212282323705e-05,-0.86,0.0040504164,0.0010834265,-0.07,0.74,-0.0033869601,-0.0012436624,2.67,2.66,2.62,0.01,0.05,1.03,2.75,5.37,5.41,5.42
2013-07-11,1675.02002,0.1445793936,3.0,0.0135542503,0.0001815926,0.0072296705,0.0052515463,3.6900839258,4.4758809895,2.8294625596,3.8759208707,1638.43499965,1629.90785379,1618.80644987,1533.56605207,2.6,-0.00021481458579158255,0.88,2.71,1.4363080194670892e-05,0.23,0.0074078189,1.4,-0.72,5.37,0.0163350081,-0.1052631579,-0.0909090909,1.67,1.3,0.16,0.015591933,1.14,0.0001796182,0.04,0.0285302009,0.0163430733,0.02,4.14,-0.0007609324,1.39,0.07,4.34,0.98,3.97,0.0254934652,0.0250744615,0.92,0.0056537842,-0.00017993545013937864,S&P,-0.0042786071,-0.125,2.64,0.0125047247,-5.897451542165927e-05,0.0048480608,-1.82,0.0049618775,0.63,-9.09089112472e-05,-2.2144923106636788e-05,0.0323012554,0.28,-1.19,4.145991476132776e-05,3.3,0.0048184672,0.0114448713,0.77,1.96,0.0169923527,0.0059031364,2.58,2.56,2.53,0.02,0.05,1.03,2.77,5.3,5.33,5.35
2013-07-16,1676.26001,0.1747903324,1.0,-0.0037087608,0.0013748797,0.0030864831,0.0135542503,1.4488758099,3.7957627731,6.5584325264,2.2708396448,1656.94951736,1642.77415348,1625.68146256,1537.8831316,2.55,9.213086433095277e-05,-0.24,0.13,-8.880735934605673e-06,1.1,-0.0071031275,1.38,0.28,5.29,-0.003355778,2.8035538046625108e-05,-0.0142857143,0.78,-0.37,1.7,0.006457002,-0.45,-0.0004243097,0.03,0.0027647776,-0.0024920346,0.02,0.49,-0.005433793,-0.22,0.07,4.3,-0.16,0.4,0.0004257701,0.0009785302,0.77,0.0021861724,-8.216367924026444e-05,S&P,-0.007612411,6.396651469477725e-05,1.23,-0.0043612085,7.389298666212447e-06,0.0005362252,0.08,-0.0078641967,-0.04,0.0025430396,-0.0001084815349799309,0.0030737637,-0.12,-0.98,2.4639413679833982e-05,-0.92,5.561127375018017e-05,-0.0040996413,-0.71,-0.07,-0.0084637752,-0.004509527,2.53,2.52,2.48,0.01,0.05,0.99,2.74,5.22,5.26,5.27
2013-07-17,1680.910034,0.0232760383,2.0,0.002774047,-0.0037087608,0.0013748797,0.0030864831,1.7118296454,4.140444081,5.8487562139,1.7617022515,1661.30597493,1646.4061421,1627.84728889,1539.30628486,2.52,2.7149959624222927e-05,0.1,0.51,-3.5454298775599e-05,0.2,0.0054504875,1.33,-0.72,5.26,0.0036663546,-0.0588235294,-0.0362318841,-1.28,0.25,-0.17,0.0002557229,0.36,4.89795918368e-05,0.03,-0.0146125724,0.003195776,0.02,-2.58,0.0029774523,0.51,0.08,4.29,0.32,-3.65,0.0027912546,0.0059308731,-0.28,0.0047264499,0.00018539792301840087,S&P,0.0113900046,0.1428571429,-1.87,0.0036390171,-5.9936137512820314e-05,0.0017148553,-1.31,0.0050423556,-0.6,0.004715149,3.46965128761525e-05,-0.0100681478,-0.00014559549676440708,0.21,-4.8665294727615105e-05,0.82,-0.0029867809,0.0065442746,0.57,0.28,0.0046948784,0.0023641023,2.5,2.49,2.44,0.01,0.06,0.97,2.74,5.18,5.23,5.24
2013-07-18,1689.369995,0.0947948907,3.0,0.0050329648,0.002774047,-0.0037087608,0.0013748797,0.8567046858,4.5784017335,5.3709307575,3.7104073838,1666.40852403,1650.49793762,1630.25994403,1540.79945611,2.56,6.38036450368889e-05,0.92,0.07,2.5334484445081406e-05,-0.1,0.0144033395,1.35,0.08,5.31,0.00665808,-1.4091896123850832e-05,0.015037594,0.71,0.3,-0.74,0.0033696497,0.46,0.0009795439,0.03,-0.0083940398,0.0003545787,0.01,-0.17,-0.0028725418,0.89,0.07,4.35,0.27,0.52,-0.0012468932,-0.0148369464,-0.11,0.0199022797,-8.85293710959657e-05,S&P,0.0206849469,-0.125,0.1,0.0074242379,6.588729604792279e-07,0.0098437621,5.04,0.0086493976,-0.62,0.0008067157,5.8685039234083686e-05,-0.0105265634,1.37,0.37,-0.00018973306881239817,-0.49,0.0004438145,0.009978548,1.39,-1.03,0.0038231944,0.0095101875,2.55,2.53,2.49,0.02,0.06,0.96,2.75,5.24,5.28,5.3
2013-07-23,1692.390015,0.1140824647,1.0,-0.0018519365,0.0020330261,0.0016100505,0.0050329648,0.9622615169,2.4250793012,4.7945494545,7.5838033157,1678.59032148,1661.61054594,1637.39391422,1545.30767756,2.53,-0.00011713733277079893,-0.18,2.05,2.9210044073197572e-05,0.34,-0.0042716183,1.33,0.25,5.23,0.0009377473,0.03125,0.0075757576,0.91,-0.12,0.51,-0.0171706154,-0.11,-0.0005708787,0.02,-0.005935583,-0.0058659961,0.02,-1.23,-0.0043541364,-0.15,0.07,4.31,0.14,-0.39,0.0232960531,-0.0079742089,0.29,0.0019447843,0.00013864103852877967,S&P,-0.0013444096,-0.00013085805334462947,0.28,-0.0011487293,3.5657062679519006e-05,0.0039016661,1.79,0.0017418248,-0.8,0.0006306446,0.00020094211964656378,0.0195105527,0.61,-0.16,-4.05803380318653e-05,1.42,0.001517111,-0.0020200433,-0.42,-0.71,-0.0060338694,-0.0038954421,2.51,2.51,2.46,-0.00013029197094478737,0.05,0.92,2.7,5.16,5.21,5.21
2013-07-24,1685.939941,0.0774954944,2.0,-0.003811222,-0.0018519365,0.0020330261,0.0016100505,0.2992371334,2.0161892087,4.4520709605,6.1654949977,1679.92661594,1663.92763118,1639.29767997,1546.70700357,2.61,-9.37837446857203e-05,0.13,0.03,-5.1139488687821945e-05,-0.8,0.0101093554,1.4,-1.13,5.28,-0.0056513391,0.0303030303,0.0526315789,-1.99,-0.27,-1.43,0.0513616303,-0.71,-0.0002284819,0.03,0.0043997172,9.22193626508e-05,0.02,-1.15,0.0028377065,0.58,0.07,4.37,-0.08,-1.46,0.0024416491,-0.0070417725,-0.17,-0.0007057879,-2.8551739647567032e-05,S&P,-0.0058334979,-8.567306230345423e-05,-0.5,-0.0079547571,0.0001036386083004806,-0.0022058719,-1.2,0.0095982892,-0.23,-0.0043174208,9.401318127947808e-05,-0.0051602926,-0.34,0.28,-0.0002513209472084412,0.24,-0.0006491777,0.0078034742,0.99,0.73,-0.0036421693,0.0034862219,2.59,2.58,2.54,0.01,0.05,0.91,2.67,5.21,5.25,5.26
2013-07-25,1690.25,-0.004082587,3.0,0.0025564724,-0.003811222,-0.0018519365,0.0020330261,0.0520907204,0.9092416698,4.6328773763,5.4258192344,1681.80359486,1666.43452345,1641.29581017,1548.13529209,2.61,8.220640544208875e-05,-0.52,-0.19,-1.82678384578032e-05,1.9,-0.0016983105,1.38,0.43,5.3,0.0031253936,-0.0588235294,-0.0142857143,0.93,0.01,0.91,-0.0045628953,0.68,-0.0002122103,0.02,-0.017834794,0.0071487994,0.02,0.66,-0.0032173037,-0.82,0.06,4.38,-0.1,0.3,-0.0030938581,0.014919355,0.58,-0.0022956207,-4.642990226976872e-05,S&P,-0.0148950346,-0.1428571429,0.19,0.009915502,7.641412770191392e-05,-0.0002105169,-1.46,-0.0117170486,-0.73,0.0047836044,9.862657567546632e-05,-0.0059778959,-1.43,-0.83,-5.1835248087449526e-06,0.06,0.0022737007,-0.0095630538,-0.18,0.07,0.0028432168,-0.0048939494,2.59,2.59,2.55,-6.149113274983659e-05,0.04,0.92,2.69,5.24,5.28,5.28
2013-07-30,1685.959961,0.1689866644,1.0,0.000373817,-0.0037360375,0.000828294,0.0025564724,-0.3799392541,0.5786662536,2.0359262189,4.3963938249,1684.28231885,1671.88810109,1646.52929132,1552.25795018,2.63,0.00011209191443034295,0.25,0.38,-0.0001299393337534187,-0.6,0.004459712,1.39,-0.5,5.31,-0.0016318909,-1.2647700137104659e-05,0.0145985401,-0.02,0.13,-1.56,0.0123495543,0.31,-0.0001306656,0.04,0.0098287568,0.004815061,0.03,-0.95,0.0038199181,0.28,0.07,4.4,0.06,-0.5,0.0047510221,-0.0120548903,0.01,-0.0064643025,0.00014471500894448807,S&P,0.0002311676,-0.0001432988589288244,-2.41,0.0027386235,-7.620327065920019e-05,-0.0023396895,-0.78,-0.0002753894,0.75,-0.0064934303,0.00012248693611534729,0.0069614396,2.13,-0.17,3.5751821672483834e-05,0.67,-0.0004291492,0.0014516544,0.48,0.65,-0.0004083299,0.0016310527,2.6,2.59,2.56,0.01,0.04,0.91,2.68,5.24,5.27,5.28
2013-07-31,1685.72998,0.1586674416,2.0,-0.0001364095,0.000373817,-0.0037360375,0.000828294,-0.0124536465,0.2867462209,2.0034844732,4.4390628688,1684.54552997,1673.20637527,1648.06657323,1553.58603008,2.6,-8.126396377396734e-05,0.62,0.02,-0.00014084273673971867,-0.03,0.0015250636,1.38,0.74,5.28,0.0002783705,-0.0606060606,-0.0071942446,-0.32,-0.25,-0.88,-0.0017427578,-0.07,-0.0004573893,0.04,-0.0003139717,0.0027375164,0.03,-0.25,-0.0016697084,-0.34,0.08,4.38,-0.39,0.51,-0.0032021913,-0.0039350649,0.29,0.0072293148,-3.0730625944335486e-05,S&P,0.0055478967,0.1428571429,2.56,0.0016770323,-7.248655503331733e-07,-0.0006395694,0.41,-0.0018670319,1.16,-0.0044003296,0.00011669714800955074,0.0018768166,-2.09,-0.37,-0.00011236747168622302,-0.38,0.0035419342,0.0005984989,0.05,-0.08,-0.0044934232,0.0076244252,2.57,2.56,2.52,0.01,0.05,0.9,2.68,5.2,5.24,5.25
2013-08-01,1706.869995,-0.0187711669,3.0,0.0125405701,-0.0001364095,0.000373817,-0.0037360375,0.9832862003,1.0358891215,1.901468318,5.6617180205,1688.60452361,1676.41243429,1650.37258977,1555.11124366,2.74,-4.50919467697861e-05,0.94,1.22,-2.2148170522686614e-05,-1.19,0.0125329138,1.49,1.71,5.4,0.0119858091,0.1290322581,0.0797101449,-1.07,1.18,-0.63,0.0091706608,1.32,0.0002614849,0.04,-0.005339196,0.0136141297,0.02,-0.01,0.006126021,1.8,0.08,4.51,0.76,-1.16,0.0093736105,0.014441292,-0.71,0.01453438,7.493920122648214e-05,S&P,0.0174712184,-5.56857565570139e-05,1.44,0.0139869457,-4.9690403016677065e-05,-0.010879968,-1.71,0.0162214999,-0.68,-0.0035986892,0.00025525812884089814,0.0176888783,3.31,1.17,-9.087481576595438e-05,0.52,0.0028876684,0.0162833778,1.25,0.96,0.0102585141,0.0091978525,2.72,2.7,2.66,0.02,0.06,0.89,2.66,5.32,5.36,5.38
2013-08-06,1697.369995,0.2419285968,1.0,-0.0057230338,-0.0014798347,0.0016404583,0.0125405701,0.6767677919,0.2942572312,1.2593502723,2.7264725037,1695.51953914,1683.64892842,1656.50108084,1559.53187156,2.67,-1.927461923190738e-05,-0.3,-1.22,8.323303820103415e-05,0.98,-0.0042963042,1.39,-0.48,5.36,-0.0059224222,-1.8286919131157927e-05,-3.559836949191812e-06,-1.69,-0.5,0.63,-0.00894661,-0.92,-0.000490621,0.04,-0.0037855204,-0.0073599511,0.05,-0.99,0.0014289576,-1.24,0.08,4.47,-0.51,-1.06,-0.013424103,-0.0007973355,0.36,-0.0108733694,7.794668953903805e-06,S&P,-0.0069914524,-2.3390095199773776e-05,0.16,-0.0102256751,9.970406365125941e-05,-0.0013101322,-0.03,-0.0094063338,0.74,-0.0005835647,0.00013260409316365011,0.0048861917,1.19,-0.14,-0.00020521825278566817,-1.02,0.0001065565,-0.0117462434,-0.37,-0.57,-0.008564478,-0.0023264099,2.62,2.63,2.59,-0.01,0.03,0.89,2.69,5.28,5.32,5.31
2013-08-07,1690.910034,-0.0416973077,2.0,-0.003805865,-0.0057230338,-0.0014798347,0.0016404583,0.3072884781,0.294796563,0.5949158371,2.3169294282,1694.6814473,1684.34046229,1657.85045155,1560.83911696,2.61,-1.6892398554103725e-05,-1.05,-0.72,0.0001324539457359986,0.91,0.0014680271,1.38,-0.68,5.33,-0.0047908272,0.0001446955878421886,-0.0071942446,0.46,-0.34,0.14,-0.0005803718,-0.63,-0.0004090515,0.05,0.015199525,-0.00320806,0.05,0.01,0.0047146163,-0.52,0.08,4.42,-0.21,0.36,-0.0152738537,-0.0127680665,0.23,-0.0034240943,-5.65550035499452e-05,S&P,-0.0172609361,7.683225141962325e-05,0.19,-0.0074135086,-7.2682329261086815e-06,-0.0014212857,-2.14,-0.0075841555,-0.94,0.0099029322,4.42683062009566e-05,-0.006659571,-3.75,-0.48,3.033491474162385e-05,-1.34,-0.0015989127,-0.0047290692,0.11,-0.06,0.0012341012,-0.0140819474,2.56,2.56,2.53,7.649317252645601e-05,0.03,0.91,2.72,5.25,5.28,5.28
2013-08-08,1697.47998,0.0868471844,3.0,0.0038854498,-0.003805865,-0.0057230338,-0.0014798347,-0.5501306501,0.4277461914,0.4800597278,1.3408771078,1695.19027143,1685.59184493,1659.4045507,1562.19872754,2.58,9.318187667565507e-05,0.02,0.14,-0.00013933473756188423,0.44,0.0063959743,1.36,-0.71,5.31,0.0069438362,-0.0625,-0.0144927536,1.88,0.33,1.16,-0.0085379437,0.3,0.0003601126,0.05,0.025888895,0.0041352123,0.05,3.42,-0.009010738,0.7,0.07,4.41,0.06,3.37,0.0031053552,-0.0039406352,0.34,-0.0084990417,0.00013508568434502844,S&P,-0.0011555119,-0.125,2.93,0.0049121983,-0.00017070044538541123,0.0048171997,1.54,0.0017603604,-0.43,0.0025166307,2.7376123214954465e-05,-0.0009199503,-1.73,-0.16,-0.00013615973123310736,0.1,-0.0034166986,0.0070019951,0.59,0.35,-0.0004108463,0.0028412581,2.53,2.53,2.51,-4.866506231583927e-06,0.02,0.9,2.73,5.24,5.26,5.26
2013-08-13,1694.160034,0.0883420098,1.0,0.0027760559,-0.0011529206,-0.0035699602,0.0038854498,-0.189113806,0.4863741245,0.1045869442,1.067854861,1693.69311607,1687.19640676,1663.05927923,1566.02587889,2.71,2.7009071114306472e-05,0.59,0.84,-3.524525243528843e-05,-0.61,0.0051133852,1.49,0.78,5.43,0.0022416456,0.0625,0.071942446,-1.13,0.22,-0.36,0.0475221587,-0.18,-8.1802267559e-05,0.06,-0.0194706121,0.00394828,0.06,0.02,0.0031710321,0.62,0.08,4.54,0.16,0.28,0.0121165721,-0.0091678216,-0.29,0.0036975596,0.00012900169344666671,S&P,0.0027777546,-0.00014621333706861032,0.33,-0.0015944783,9.989946411151289e-05,-0.0054510736,-0.76,0.0098045579,-1.22,-0.0004787134,3.379948044244978e-05,0.0023190818,2.52,0.79,-7.267616974908731e-05,1.56,0.0109782826,0.0067601479,0.54,0.42,-0.002884178,0.005719255,2.65,2.65,2.63,2.4717111757125866e-05,0.02,0.89,2.72,5.35,5.37,5.37
2013-08-20,1652.349976,0.0308345929,1.0,0.0038211953,-0.0059003021,-0.0033045952,-0.0142816018,-2.4678930656,-2.6523397452,-1.9935221344,-2.3658872154,1670.58149015,1675.94718449,1662.42283388,1570.61044787,2.82,0.00024764027202372037,-0.24,-1.86,8.164020109157102e-06,-1.09,-0.0134795098,1.57,0.23,5.54,0.0038003773,2.237408263054578e-05,-0.036809816,0.38,0.33,-0.41,-0.0131366427,1.4,0.0002781004,0.04,0.0073272382,0.0068262427,0.03,-0.71,0.0048332528,-0.84,0.07,4.66,-0.11,-0.56,-0.0219647775,0.0053226493,0.61,0.005595157,0.00011196455150879401,S&P,0.0023534478,-0.125,0.09,0.0151196112,-6.799500042644038e-05,-0.0010353889,-0.55,-0.0027567816,-0.94,0.0009559741,-3.9484519004956786e-05,-0.0062366068,-2.61,-0.71,0.00019506644742122348,-1.59,-0.0079601329,-0.0079198505,-1.31,0.34,-0.0054507757,-0.0018869101,2.79,2.78,2.75,0.01,0.04,0.88,2.72,5.47,5.5,5.51
2013-08-21,1642.800049,-0.0206774011,2.0,-0.0057796031,0.0038211953,-0.0059003021,-0.0033045952,-2.5270095124,-2.8452125798,-2.5466671121,-2.5588036057,1665.53031903,1672.79031444,1661.65331291,1571.32875236,2.87,-3.6956474213287185e-05,-0.75,-1.54,-0.00021829579636969043,-1.69,-0.0034351166,1.64,-0.31,5.58,-0.0087225142,0.0555555556,0.0445859873,-0.35,-0.85,-1.12,0.0025745225,-0.87,-0.0001962516,0.04,-0.0003162555,-0.0038189304,0.02,-0.15,0.0084656085,-0.19,0.07,4.69,-0.92,-0.65,-0.0069438592,-0.008777697,-0.45,-0.0094013432,-6.597078351678148e-05,S&P,-0.0054003052,0.0002700167265520829,-0.84,-0.0067957741,-7.425551436386122e-05,-0.0047219163,0.46,0.0051382182,0.61,-0.0030145711,1.4235037570080878e-05,0.0001765743,-0.07,0.54,6.125057470960034e-05,-1.41,-0.0103644263,-0.0017614535,-0.37,-0.6,-0.0046373526,-0.0097156884,2.85,2.83,2.8,0.02,0.05,0.89,2.71,5.51,5.54,5.56
2013-08-22,1656.959961,-0.1346165651,3.0,0.0086193764,-0.0057796031,0.0038211953,-0.0059003021,-0.2624410193,-2.3870690363,-2.924067688,-1.9695334418,1663.97207211,1671.28266173,1661.46925989,1572.18080418,2.9,-6.779581615428316e-05,0.72,1.47,5.8507036327476116e-05,-0.19,0.0109661373,1.71,0.08,5.58,0.0092511913,0.1052631579,0.0426829268,0.7,1.12,0.41,0.001194275,1.62,-0.0003762227,0.03,0.0246756715,0.01081172,0.01,0.31,0.0032051894,1.28,0.06,4.69,0.62,1.18,0.0035599451,0.0181326348,-0.01,0.0112337399,1.7633273757361922e-05,S&P,0.0028328375,-0.1428571429,0.63,0.0143111002,0.0001778082813843063,0.0064800395,2.46,0.0109293531,-1.23,-0.0012473826,-0.00011013056964764683,-0.0028157381,-0.37,0.09,-9.302824573992495e-05,-0.56,-0.0060810921,0.0135756094,0.96,1.28,0.0072003385,0.0087782592,2.89,2.87,2.84,0.02,0.05,0.89,2.68,5.52,5.55,5.57
2013-08-28,1634.959961,-0.135183074,2.0,0.0027476455,-0.0158741948,-0.004039658,0.0039470109,-0.4772393332,-2.9921889623,-3.3088734395,-3.0117527482,1652.79247247,1662.62787348,1659.16295023,1575.08670029,2.78,-7.860348212202705e-06,-0.22,-0.77,-4.628014293328507e-05,0.03,-0.0020837948,1.62,1.97,5.43,0.0022436829,0.0526315789,0.0384615385,0.13,0.25,-0.48,0.0047279193,0.2,-0.0002127068,0.03,-0.0072158152,0.0041441931,0.04,-0.91,0.0001525189,-1.32,0.07,4.58,0.33,-0.49,-0.016005615,0.0023137223,-0.4,-0.0003951779,-1.6195803831215345e-05,S&P,0.003405473,0.00012509948683003529,-0.78,0.0029699455,-0.00011350962291234788,0.0232664824,0.91,0.0086281532,-0.43,-0.0013197847,9.73558989525373e-05,-0.0010766922,-1.33,0.51,4.186322432853578e-05,0.08,0.0041777998,-0.0102710411,-0.23,0.29,0.0008628559,-0.0016922686,2.74,2.75,2.71,-0.01,0.03,0.85,2.65,5.36,5.4,5.39
2013-08-29,1638.170044,-0.092118922,3.0,0.0019634016,0.0027476455,-0.0158741948,-0.004039658,-1.1339994594,-1.3934643989,-3.4939991457,-4.0249082356,1650.13384911,1660.29855639,1658.33969901,1575.71439525,2.75,-1.73143684768846e-05,0.96,1.02,-9.746272966713641e-06,-0.38,0.0065371541,1.6,-1.24,5.37,0.0007250993,-0.025,-0.012345679,-0.72,0.28,-0.11,0.0016296924,1.01,1.63655407174e-05,0.02,0.016050848,0.0074999514,0.03,-1.23,0.0044700298,0.39,0.06,4.52,0.19,-2.09,0.0083684939,0.0085234182,-0.74,0.0023724594,0.0002026055222071918,S&P,5.398304361781967e-05,-0.1428571429,-1.91,0.0102704781,5.158042552361852e-05,-0.0176722093,1.46,0.0057711507,-0.91,-0.0013492217,-9.020089323067582e-05,-0.0019387865,0.75,0.94,9.902996850858539e-05,1.69,0.000462279,0.0044925659,0.64,0.69,-0.0038793102,0.0082424844,2.72,2.73,2.69,-0.01,0.03,0.85,2.62,5.31,5.35,5.34
2013-09-04,1653.079956,-0.1124072451,2.0,0.0081169529,0.0041642217,-0.0031743182,0.0019634016,1.3860934373,0.0441782922,-2.4248050465,-2.6093332114,1647.03871121,1655.71159858,1656.515379,1577.67365541,2.9,8.404339317788009e-05,0.26,0.8,9.237353652839072e-05,1.33,0.0015978213,1.74,-0.67,5.45,0.0071516655,0.0697674419,0.0357142857,-1.5,0.88,1.2,0.0206926811,0.92,-8.1825e-05,0.02,-0.0213299254,0.0100841029,0.02,-4.15,-0.0036830315,0.21,0.05,4.63,0.65,-3.21,-0.0030524964,0.016759097,0.3,0.0144728728,-5.898569022531725e-05,S&P,0.002657671,2.946784873871663e-06,-1.82,0.0091708282,-2.1704943600213504e-06,0.0069994261,0.46,0.001747755,-0.17,0.0037491037,4.6754642981603275e-06,0.0021222898,0.79,-0.14,7.997200868298322e-05,-0.12,0.0055543163,0.0018592471,0.19,1.35,0.0047702084,0.0009740111,2.88,2.88,2.85,8.622992161569074e-05,0.03,0.82,2.55,5.4,5.43,5.43
2013-09-05,1655.079956,-0.1071932129,3.0,0.0012098628,0.0081169529,0.0041642217,-0.0031743182,1.23061087,0.7474985777,-1.7984002949,-2.1189819257,1648.50075572,1655.65144215,1656.4590879,1578.44386736,2.98,6.198534976026942e-05,0.72,1.01,3.313713590990296e-05,-0.28,0.0066274734,1.85,0.3,5.53,0.0021392405,0.1304347826,0.0632183908,-1.7,-0.03,-0.52,-0.0068580738,0.18,-3.27326884994e-05,0.02,0.0009615064,0.0026691924,0.03,-0.7,0.0003810976,0.27,0.06,4.72,-0.05,-1.23,0.0121717869,0.0015665133,-0.67,0.0046269906,9.915216183310578e-05,S&P,0.0077108434,0.2,0.15,0.0030324159,-0.00010228913579961115,-0.0046718777,-2.93,0.0038905825,-1.08,-0.0020579859,-4.262521928729105e-05,-0.0024384021,-0.71,1.05,9.721908934204753e-06,1.17,0.0016110356,0.0047658527,0.7,-0.01,-0.0004315926,0.0089115643,2.95,2.96,2.92,-0.01,0.03,0.81,2.55,5.47,5.51,5.5
2013-09-10,1683.98999,0.1898362114,1.0,0.0073457892,0.0099928808,5.44312071893e-05,0.0012098628,2.6967177995,1.6423399923,2.3042859702,-0.324360959,1659.21769189,1659.69654827,1658.066687,1581.16119153,2.96,-7.49908827835762e-05,0.99,1.22,0.00010649569692563495,0.65,0.0188870853,1.78,-2.17,5.57,0.0084675963,0.1111111111,0.0409356725,-1.63,0.81,0.89,-0.0227788832,1.01,-0.0001636393,0.02,0.0230574542,0.0061627035,0.01,-2.97,-0.001831855,2.15,0.04,4.73,0.91,-3.08,0.0099337819,0.0021687432,0.1,0.015323439,2.614163881903377e-06,S&P,0.0174976026,0.0001764057375153929,-0.46,0.0092153711,6.494214001518924e-05,-0.0024988755,-0.58,0.0056759694,0.84,0.0022500255,-1.4191427258895781e-05,0.0115107745,1.27,0.26,0.0001043510782133515,1.1,0.0110781295,0.0205670781,1.93,0.56,0.0205216768,0.0081614227,2.95,2.94,2.92,0.01,0.03,0.84,2.61,5.53,5.55,5.56
2013-09-11,1689.130005,-0.1506961374,2.0,0.0030522836,0.0073457892,0.0099928808,5.44312071893e-05,2.180780722,3.5971018178,2.2259224459,-0.2969040055,1664.65629427,1662.49973462,1659.28485633,1582.23550809,2.93,-0.0001385954720168484,-0.33,-0.8,2.5767039724544928e-05,0.17,0.0005999373,1.72,0.22,5.54,0.003603676,-0.06,-0.0337078652,0.17,0.37,0.2,-0.0544436662,0.12,-0.0002454992,0.02,0.0108058972,-0.0010753522,0.01,0.67,-0.004278953,0.31,0.05,4.71,1.03,0.96,-0.0017195616,-0.0023970237,0.33,-0.0076392773,-2.4002922507595516e-05,S&P,0.0011778327,0.25,-0.15,-0.0003599487,-6.754941211952844e-05,0.0116146208,-0.47,-0.0045370891,0.25,0.0059187996,5.803340078064105e-05,0.0014674721,0.28,-0.47,8.62060990670851e-05,0.42,0.0079069695,0.0058237373,0.11,-0.13,0.0092165476,0.0006682719,2.92,2.91,2.88,0.01,0.04,0.83,2.61,5.49,5.52,5.53
2013-09-12,1683.420044,-0.0093032601,3.0,-0.0033804154,0.0030522836,0.0073457892,0.0099928808,1.7123092995,2.9639920338,2.4726073648,-0.1168851709,1668.06788513,1664.49214504,1660.23133428,1583.24231939,2.92,6.761568199765409e-07,0.22,0.13,3.514003842674622e-05,0.68,-0.003029776,1.72,1.01,5.53,-0.0049774914,-0.0425531915,7.767116540316658e-05,-3.34,-0.22,-0.62,0.0106476902,-0.55,-8.18531554392e-05,0.01,-0.0015272754,-0.0024268496,0.01,-4.42,0.0013774773,0.07,0.02,4.69,-0.11,-6.08,0.0007228485,-0.0026032237,-0.1,-0.0191512587,-0.00011853678831079356,S&P,-0.0056471059,-0.6,-1.35,-0.0065002617,-0.00010185769783300291,-0.0096802458,1.99,-0.0025242812,0.77,-0.0013591524,-8.519809442617733e-05,0.0063963513,-0.76,0.02,1.4721621848704303e-05,0.12,-0.0024655496,-0.0002036869,-0.32,-0.08,-0.0099626401,9.1084e-05,2.91,2.91,2.9,4.291624914370878e-06,0.01,0.84,2.61,5.51,5.52,5.52
2013-09-17,1704.76001,-0.0992142347,1.0,0.0042177392,0.0056931534,0.0027146796,-0.0033804154,1.2333814407,3.963360057,2.8959777496,3.5660880464,1681.55716327,1673.01193233,1664.39039608,1586.59964248,2.86,-6.829822674340822e-05,-0.63,-0.49,-7.774802988993015e-05,0.81,-0.0016161111,1.62,-1.71,5.53,0.0035488164,-0.0487804878,-0.0181818182,-0.33,0.41,0.39,0.011552504,1.15,0.0001963897,0.01,0.0039634452,0.0074908488,0.01,-1.04,-0.002296801,-0.13,0.04,4.71,0.19,-0.32,-0.0030917494,0.0273931468,0.19,-0.000940892,-0.00010751540314767128,S&P,-0.0009326417,-9.66910240354296e-05,0.03,0.0096000142,8.394061675044034e-05,0.0030450435,0.19,0.0005854244,0.25,0.0001270196,9.567334628147668e-05,-0.0205435162,-0.75,-0.15,9.310180316748642e-05,-0.49,0.0003369538,-0.0018634396,-0.16,0.73,0.0128418398,-0.0079571952,2.85,2.85,2.82,6.713619015811461e-05,0.03,0.82,2.67,5.49,5.52,5.52
2013-09-18,1725.52002,0.4381452218,2.0,0.012177673,0.0042177392,0.0056931534,0.0027146796,2.1543643706,4.3821270554,5.8289608683,4.4282412965,1689.55040995,1678.01270258,1666.78763624,1587.98193479,2.69,7.196359790623527e-05,-0.46,-0.22,9.802489088283079e-05,1.61,0.0060041195,1.43,2.23,5.44,0.0152943085,-0.1282051282,-0.1172839506,4.24,1.14,1.75,0.0205569729,0.86,-4.90877853228e-05,0.01,0.011843304,0.0101289325,0.01,-1.02,-0.0069839728,0.3,0.04,4.63,0.83,5.48,-0.0027208325,0.0258407656,1.22,0.0060275005,0.0001630732458320348,S&P,0.010735193,-4.942962638837143e-06,1.73,0.0099212819,-9.424148208827172e-05,0.0071958622,-0.85,-0.0092607439,0.47,0.0143425874,8.859090857499092e-05,0.0028784453,1.05,-1.49,-6.0779886772207065e-05,-0.07,0.0095441951,0.004549215,0.58,1.19,0.0167689155,-0.0017351663,2.68,2.68,2.65,-5.1321491645340235e-05,0.03,0.81,2.75,5.4,5.43,5.43
2013-09-24,1697.420044,0.0454052671,1.0,-0.0025971431,-0.0047195863,-0.0072168865,-0.001842954,-0.4305571433,0.7975138855,3.5157383839,2.4529517672,1698.55277602,1687.52761045,1672.80278957,1592.67908986,2.67,-0.00016508650071743239,0.29,-0.28,-6.868944743221379e-06,-1.09,0.005639821,1.44,0.44,5.35,-0.001830911,9.314989080960775e-05,-0.027027027,0.08,-0.01,-0.39,-0.003138786,0.42,-1.63639338898e-05,0.02,-0.0088576965,0.0007861177,0.02,-1.22,0.0022269766,0.41,0.05,4.53,-0.26,0.37,-0.0137632409,0.0084754409,-0.14,-0.0221531096,-4.780612609321955e-05,S&P,-0.0137083665,4.498901179400252e-05,-1.3,0.0023784886,-5.243904907012811e-05,-0.004444433,-3.05,5.06886783611e-05,0.57,-0.0028469764,9.32328386374674e-05,-0.0060840485,0.79,0.21,6.934692804643575e-06,-0.09,-0.0097653501,0.0033941616,0.36,0.13,0.0016474052,0.0021502575,2.65,2.65,2.62,-8.162470978464725e-05,0.03,0.82,2.68,5.3,5.33,5.33
2013-09-25,1692.77002,-0.0367704417,2.0,-0.0027394657,-0.0025971431,-0.0047195863,-0.0072168865,-1.8979785584,0.2154964384,2.4009766652,3.8203498825,1697.50136584,1688.02688755,1673.58581821,1593.67501952,2.63,-1.3379644200391966e-05,-0.24,-0.34,-5.85210425714307e-06,-0.51,-6.19135259194e-05,1.41,-0.29,5.33,-0.0016736402,0.0285714286,-0.0208333333,0.79,-0.4,-0.29,-0.0154773992,-0.28,-0.0001472778,0.02,0.001848906,-0.0018974065,0.02,1.39,0.001348742,-0.01,0.05,4.5,-0.5,0.32,0.0013198043,-0.0047114601,0.39,0.0274245032,-6.881186123209519e-05,S&P,0.00191711,-9.108162730255447e-05,0.46,-0.0010887371,-0.00016862855261859142,-0.0025183379,0.03,-0.00313945,1.82,0.0048699949,-1.1400056917065454e-05,-0.004084252,-0.82,-0.41,3.124978523330519e-05,-0.62,-0.0129222284,0.0001189061,-0.06,-0.41,-0.0037006579,-0.0030434452,2.61,2.61,2.58,-1.3053453171890311e-05,0.03,0.83,2.7,5.28,5.31,5.31
2013-09-26,1698.670044,-0.1063285833,3.0,0.0034854256,-0.0027394657,-0.0025971431,-0.0047195863,-1.3742886113,0.9058939303,2.6337149358,3.896736588,1697.71385278,1689.0405215,1674.56951334,1594.71974613,2.66,0.00019925483740009547,0.05,0.01,5.642209868719227e-05,0.61,-0.0020570114,1.43,0.82,5.38,0.0028157244,-0.0555555556,0.0141843972,-0.74,0.4,-0.02,0.0097397585,0.65,0.0002291326,-0.0002222908221043402,0.0079976012,0.0070005672,0.04,-0.4,-0.0008527297,-0.07,0.03,4.55,0.34,-0.37,-0.0036451059,0.0174956056,-0.27,0.0036750096,-1.205791171023183e-05,S&P,-0.0047835445,-0.4,0.73,0.0045644884,-8.930886379009134e-05,-0.0008032936,0.14,0.0047747347,1.34,-0.0022614427,-9.36933245246106e-05,-0.019424845,1.85,0.12,2.373285755529594e-05,0.97,-0.0001148599,-0.0001765912,-0.14,0.81,0.000825423,0.0021521938,2.62,2.66,2.63,-0.04,-0.01,0.83,2.72,5.35,5.38,5.34
2013-10-09,1656.400024,0.002412285,2.0,0.0005739062,-0.0123320789,-0.008506362,0.0070532245,-2.212092493,-2.1485491573,-4.0057487134,-1.9376827659,1677.67262917,1681.82266648,1675.8294848,1602.02798588,2.68,-6.018186353468569e-05,-0.69,-0.67,-6.72161857127125e-05,0.19,-0.0015676626,1.43,-1.0,5.39,0.0014614722,-0.075,-2.8745917815972722e-05,-0.88,-0.11,0.22,0.0117478589,-0.43,-1.0409197014582664e-05,0.05,0.0018176917,-0.0046145692,0.27,-2.46,0.0036504104,-0.74,0.08,4.59,0.1,-1.7,-0.0062504787,-0.0164891331,-0.36,-0.0023589346,-1.8052253168866367e-05,S&P,0.0029820824,-0.1111111111,-1.86,-0.0036285631,2.2758292663720398e-05,-0.004093065,-1.0,0.0059647991,-0.43,-0.010290944,4.291236438815063e-06,0.0061732665,1.01,0.69,-5.4591023964321385e-05,-0.06,0.004088284,-0.0045815479,-0.17,-0.58,-0.0042247571,-0.0043827805,2.41,2.63,2.6,-0.22,-0.19,0.8,2.71,5.31,5.34,5.12
2013-10-10,1692.560059,-0.0602430517,3.0,0.0218304965,0.0005739062,-0.0123320789,-0.008506362,0.8280428865,-0.3596922794,-1.7290376806,0.5429432204,1680.37943459,1682.84527529,1676.48558574,1602.92880253,2.71,7.495261967022736e-05,1.56,0.93,1.5223860807854659e-05,-0.25,0.0220642014,1.44,2.51,5.39,0.0207381058,-0.0540540541,0.006993007,-1.6,2.2,0.08,0.0062681067,2.42,-0.0008672743,0.05,0.0208647717,0.022559797,0.26,0.02,0.0015876376,2.12,0.07,4.59,2.07,-1.1,-0.0035890435,0.0232706359,-0.03,0.0348768473,8.865274945015907e-05,S&P,0.0267591173,-0.125,0.62,0.024955475,7.788160772407521e-05,0.0103334542,1.2,0.0072426064,-0.74,0.0015662733,-4.0911403952908194e-05,-0.0094223617,0.92,0.21,-0.00013099248679843747,-0.29,0.0211726387,0.0198526766,2.18,1.95,0.0288502333,0.0146105334,2.45,2.66,2.64,-0.21,-0.19,0.8,2.68,5.32,5.34,5.13
2013-10-16,1721.540039,0.0476118928,2.0,0.0138275321,-0.0070637234,0.0040747206,0.0062862715,3.9326258184,1.6335400049,1.6995822622,-0.2306540031,1696.38814958,1691.40519653,1681.21274764,1607.06006469,2.69,-0.0001531082520854792,0.25,-0.09,-0.00010199458137282468,0.6,-0.0028899782,1.41,0.82,5.35,0.0121707111,-0.0810810811,-0.0275862069,0.06,1.26,0.27,0.0048728946,1.05,-0.0004759795,0.1,0.0043489995,0.0119714819,0.14,0.9,-0.0042901904,0.36,0.11,4.57,1.02,0.42,-0.0046360578,0.0133485512,0.09,0.0323073785,9.626089037403979e-05,S&P,0.0161289837,-0.3125,-0.12,0.0118560689,-0.00019619008518099692,0.005991439,-0.55,0.00401854,-0.66,-0.002551196,-0.00018530770059793376,-0.018061214,0.07,0.08,-2.5024173777893855e-05,0.09,0.0131213277,0.0047202966,-0.29,0.72,0.0070276971,0.0034355865,2.55,2.59,2.58,-0.04,-0.03,0.78,2.66,5.24,5.25,5.21
2013-10-17,1733.150024,-0.0093483412,3.0,0.0067439529,0.0138275321,-0.0070637234,0.0040747206,2.3981403073,3.246040824,2.0298221024,0.6276378772,1703.07212675,1695.38089439,1683.24950358,1608.31469115,2.61,-1.3689241324430207e-05,0.11,-0.9,-6.758593351469409e-05,0.69,-0.000961439,1.35,-1.58,5.27,0.0091254285,-0.0294117647,-0.0425531915,2.97,0.85,0.88,0.0067649438,1.06,-0.0002627344,0.05,0.0080831122,0.0061779927,0.01,2.65,-0.0028079009,-0.35,0.08,4.5,0.31,2.34,-0.005745106,0.0009017972,1.04,0.0038888704,-2.1775102519718813e-05,S&P,0.0111348261,-0.2727272727,-0.33,0.0090166562,-3.160771329724095e-06,0.0019471424,-0.32,-0.0096018191,0.66,0.0128870764,-9.080325532200137e-05,-0.002066498,0.83,-1.22,-2.110688490389135e-05,0.35,0.0094391394,-0.003845753,-0.06,1.13,0.0131362474,0.0006999965,2.6,2.56,2.53,0.04,0.07,0.77,2.66,5.19,5.22,5.26
2013-10-22,1754.670044,0.2614496628,1.0,0.0057375132,9.17363141301e-05,0.0065487556,0.0067439529,3.33380346,5.9935422959,3.5203565782,3.3727656394,1723.68250772,1709.10314659,1690.58140734,1612.44237934,2.54,-4.185751717541814e-05,0.63,0.31,-9.393379630074507e-05,0.75,0.0043279403,1.3,0.3,5.2,0.0074038393,-0.0606060606,-0.0579710145,1.89,0.65,0.57,-0.0028579483,0.29,1.64403380133e-05,0.04,-0.0117176329,0.0024285453,0.04,2.34,-0.0015718694,0.84,0.07,4.45,0.5,1.98,-0.0052120221,0.0186864568,0.72,-0.0119771697,0.00012787620142729882,S&P,0.0075082123,9.523904553159427e-05,1.0,0.0028315341,9.604980138585461e-05,0.0085979591,-2.37,-0.0006211887,0.25,0.006038321,-1.5459383150696885e-05,-0.0083369155,0.00011756038998064109,-0.81,2.4855805798455086e-05,-0.04,0.0127193425,0.009049086,0.45,0.07,-0.0045906276,0.0062366624,2.5,2.5,2.47,8.412508470937841e-05,0.03,0.75,2.66,5.13,5.16,5.16
2013-10-23,1746.380005,-0.0356961079,2.0,-0.0047245572,0.0057375132,9.17363141301e-05,0.0065487556,1.4428921453,5.4322615127,3.1000023706,3.1669975464,1727.80932541,1712.65332358,1692.76958764,1613.77509203,2.51,5.4969662929878054e-05,-0.4,-2.41,-0.00020321258073885968,-1.43,-0.0080946538,1.3,-1.97,5.18,-0.0065886913,-0.00014743240875852707,4.244457006979403e-06,-0.62,-0.44,-0.83,0.0097909112,-0.24,-0.0015124862,0.04,-0.0237132433,-0.0057258172,0.02,-0.76,0.008649174,-0.35,0.07,4.43,-0.31,-0.62,-0.0135546898,-0.0173813642,-0.03,-0.0162252707,-8.11741723978707e-05,S&P,-0.0041919191,0.00014475370198052602,-1.86,-0.0042128223,4.42579752864835e-05,-0.0042055238,1.06,-0.0072657004,0.16,-0.0042506766,5.4141509918878805e-05,-0.0124601994,-1.9,-0.3,0.00016808780313401167,-1.25,-0.0028151039,-0.0030846306,-0.78,-0.49,-0.0122981937,-0.0031662402,2.49,2.47,2.44,0.02,0.05,0.75,2.67,5.11,5.14,5.16
2013-10-24,1752.069946,-0.0112242755,3.0,0.0032581345,-0.0047245572,0.0057375132,9.17363141301e-05,1.0916494093,3.5159690011,4.3731256188,3.1436300527,1732.22034733,1716.40728762,1695.09509189,1615.15116023,2.53,-0.00015618810562300633,0.76,-0.7,-6.385187700246083e-05,-0.45,0.0035275719,1.32,-0.75,5.21,0.0038897966,0.064516129,0.0153846154,1.11,0.39,-0.04,0.0132391153,0.68,-0.0002469746,0.03,-0.0011847453,0.0056026364,0.02,0.9,0.0036708739,0.71,0.07,4.46,0.67,0.75,-0.0071360551,0.0166788494,0.17,-0.0051184834,0.00019650962735326706,S&P,-0.0016370207,5.38390263695141e-05,-0.18,0.0071290915,-0.00013671721973982262,0.0092454856,0.28,-0.0003592281,-0.75,0.0023002145,-5.322374941160323e-05,-0.0086046692,0.35,0.02,1.4298549977361409e-05,0.48,0.0027144409,0.0068128343,0.36,0.93,0.009338521,0.0057982163,2.51,2.5,2.46,0.01,0.05,0.75,2.68,5.14,5.18,5.19
2013-10-29,1771.949951,0.0232032416,1.0,0.0055841951,0.0013296993,0.0043948439,0.0032581345,0.984795236,4.3514298336,7.0373616508,4.539820118,1747.24345726,1729.01578286,1702.97523164,1619.56957346,2.53,-5.121333511112173e-05,0.71,0.38,-0.00011235548670033396,-0.55,0.0062282246,1.29,-0.55,5.22,0.0054276998,-0.03125,-0.0152671756,-0.58,0.48,-0.96,-0.0249112701,0.18,0.0002469542,0.04,-0.0014056789,0.0030989346,0.06,-0.2,0.0002681735,0.39,0.08,4.47,0.63,0.22,0.0017520814,0.0126759212,-0.28,0.0009491268,-0.00018583988775079872,S&P,0.0030351855,3.802493364280911e-05,0.46,0.0027728607,9.202626806909997e-05,0.0079337751,-2.02,0.0005124833,0.13,-0.0019852973,-1.5893490227199863e-05,-0.0023454496,-0.21,0.33,-6.712979449421455e-05,0.37,0.0081177618,0.0048325356,0.6,0.02,0.0045994251,0.0072705688,2.47,2.49,2.45,-0.02,0.02,0.75,2.69,5.14,5.18,5.16
2013-10-30,1763.310059,0.0490046033,2.0,-0.0048759233,0.0055841951,0.0013296993,0.0043948439,0.9694370041,2.4263170797,6.45436087,4.0994919448,1750.16465758,1732.28190439,1705.3413033,1620.99982705,2.55,3.8513241741604526e-05,-0.04,0.88,-0.00011331011368377684,0.12,-0.0009303173,1.3,0.78,5.23,-0.0053470031,0.064516129,0.007751938,-0.11,-0.4,0.04,0.01590927,-1.11,0.0007735989,0.04,0.0005630912,-0.0054954712,0.05,2.2,0.0024129148,-0.1,0.09,4.48,-0.4,0.75,0.02002406,-0.00446657,-0.07,-0.0024654277,-1.8739138132609372e-06,S&P,0.0032588222,0.125,1.37,-0.0138884697,0.00014925658180374812,-0.0013493984,3.52,0.0058799117,-1.12,-0.0057936573,-0.00017503511361269654,0.0148430697,1.39,0.04,0.00020188968738281732,0.31,-0.0037577625,-0.0013046393,-0.09,0.24,0.0061046168,0.000442824,2.5,2.51,2.46,-0.01,0.04,0.75,2.68,5.14,5.19,5.18
2013-10-31,1756.540039,0.0861443526,3.0,-0.0038393815,-0.0048759233,0.0055841951,0.0013296993,0.2551321088,1.3495666663,3.7800714757,4.6394149752,1751.32381784,1734.59220293,1707.34909686,1622.34848587,2.57,4.6408191038710655e-05,-0.64,0.75,-0.00011142187702557951,-0.04,0.0060317294,1.31,-0.93,5.22,-0.0044498254,-0.0606060606,0.0076923077,-1.41,-0.54,-0.24,-0.0041913715,-0.78,0.0005920858,0.04,-0.0036578783,-0.0027756831,0.03,-4.85,0.000859681,0.23,0.08,4.48,-0.49,-3.69,-0.004190281,0.0081699682,-1.11,-0.020152035,4.604246835823008e-05,S&P,-0.0095127383,-0.1111111111,-0.78,-0.0048394175,0.00013294168102267264,0.009120651,-1.08,0.0031876082,-1.0,-0.0013783417,-0.0002044242302990821,-0.0087244623,-1.31,0.83,0.00011782291459000894,-1.47,-0.0019398642,0.0026248261,0.62,-0.69,-0.0087221081,-0.006831269,2.54,2.53,2.49,0.01,0.05,0.74,2.65,5.14,5.18,5.19
2013-11-01,1761.640015,-0.0366493925,4.0,0.0029034214,-0.0038393815,-0.0048759233,0.0055841951,0.1062636014,0.9825173402,3.4311922077,4.2082233067,1753.19949005,1737.16818503,1709.47815247,1623.73447124,2.65,8.539173644582945e-05,-0.12,0.05,1.5571434412217638e-05,0.06,-0.0062095066,1.37,-2.69,5.29,0.0008502547,0.064516129,0.0458015267,-0.64,0.21,-0.24,-0.0051080316,-0.53,0.0001150597,0.04,0.003388845,0.0005944516,0.03,-0.13,-0.004676465,-0.3,0.08,4.54,0.42,-0.18,0.0018710347,-0.0138175398,-0.71,0.0188202751,4.1291657150324007e-05,S&P,-0.0004685172,-8.15501168311899e-05,-0.06,-0.0040721537,5.5718001437592996e-05,0.0022316112,-1.9,-0.0018882414,-0.04,0.0011556113,1.5522155498015e-05,0.0037112187,-1.11,0.62,2.3076872120957117e-05,0.24,0.0082064787,-0.0028879871,-0.69,-0.03,0.0153022959,0.0004902833,2.62,2.61,2.57,0.01,0.05,0.75,2.64,5.21,5.25,5.26
2013-11-04,1767.930054,-0.1333101845,-0.00011254822309581525,0.0035705587,0.0029034214,-0.0038393815,-0.0048759233,0.3302897691,1.3337853534,3.3792577504,5.477534978,1755.8777744,1740.09788684,1711.7703839,1625.16925315,2.63,-1.1301098304532557e-05,0.62,-0.36,-0.0003016545605435385,0.19,0.0036038424,1.36,0.3,5.29,0.0045876693,-0.0303030303,-0.0072992701,-0.05,0.47,0.78,0.0129223178,1.19,0.0008217602,0.05,0.0115395444,0.0037098165,0.02,-0.78,-0.0012369355,0.33,0.09,4.54,0.21,-0.87,-0.0025879771,-0.0007242618,0.22,-0.0089506193,6.658629797776843e-05,S&P,0.0007031404,0.125,-1.37,0.0115089256,8.1511537382684e-05,0.0253840793,-1.94,0.003773375,-0.56,-0.0075320963,9.267422881542493e-06,3.3505e-05,0.93,-0.27,-2.048405460682436e-05,-0.93,-0.0036414693,0.0032638705,0.4,0.28,-0.0041447248,0.0042911937,2.61,2.58,2.54,0.03,0.07,0.75,2.66,5.2,5.24,5.27
2013-11-05,1762.969971,0.1007271031,1.0,-0.0028055878,0.0035705587,0.0029034214,-0.0038393815,-0.5067851942,0.4730192453,3.8225922373,6.4949121497,1757.16726469,1742.27618057,1713.77821085,1626.54040458,2.69,7.67968524458588e-05,-0.39,-0.69,3.6631291769371354e-05,0.98,-0.008219485,1.39,-0.85,5.35,-0.0051867671,6.260328096037161e-05,0.0220588235,-0.24,-0.37,-0.04,-0.0024679734,-0.36,-8.21085474999e-05,0.05,0.0194769065,0.000830673,0.06,-0.3,0.0003456188,-0.31,0.08,4.6,-0.16,0.14,-0.0064973004,0.0004181998,-0.31,-0.0017294389,-0.00011368570335749785,S&P,-0.0016393442,-0.1111111111,0.12,-0.0042318393,6.073268981887207e-05,-0.001194354,0.61,-0.0006586349,-1.04,0.0030507755,-0.00018392222157850876,0.0035382567,-0.86,0.43,0.00011532933988203656,-0.51,-0.0023648393,-0.0031115857,-0.88,0.07,-0.0003783579,-0.0024839276,2.63,2.64,2.61,-0.01,0.02,0.75,2.66,5.27,5.3,5.29
2013-11-06,1770.48999,-0.0553305959,2.0,0.00426554,-0.0028055878,0.0035705587,0.0029034214,0.4071848263,1.3805692307,2.8433815009,6.8878268744,1759.58957839,1744.96321004,1716.00220219,1627.97273876,2.67,-0.0003776288481840708,0.16,0.13,-4.761166691366733e-05,0.14,0.0078974014,1.34,-0.09,5.37,0.0047523477,-0.0625,-0.035971223,0.52,0.51,0.19,-0.0086211439,-0.39,-0.0003613073,0.05,0.0420305961,-0.0020077251,0.05,0.61,0.0029079532,0.37,0.09,4.61,0.86,0.55,-8.7233405521e-05,-0.0075511212,0.28,0.0028873339,1.9074636494555698e-05,S&P,-0.004457002,0.125,-0.52,-0.0044943875,-0.00016613235822688323,0.0133710515,0.92,-0.0017337849,-0.44,0.0047344169,-0.0001586164917036632,-0.0081738963,1.06,-0.14,0.00012152534195468755,-0.02,0.0024782136,0.0035252943,0.82,-0.11,0.0181680545,-0.0007558561,2.62,2.62,2.58,-7.587070180005182e-05,0.04,0.76,2.7,5.28,5.32,5.32
2013-11-07,1747.150024,0.2471629391,3.0,-0.0131827721,0.00426554,-0.0028055878,0.0035705587,-0.5345744926,-0.280806255,0.8077777345,3.2252896853,1757.32784123,1745.17147803,1717.22368539,1629.15858239,2.63,-0.0001435363425812009,-0.73,-0.98,-0.00011894683267024633,-0.64,-0.0013855934,1.31,-1.69,5.33,-0.0134321038,-0.0333333333,-0.0223880597,-0.79,-1.15,-0.72,-0.0161828971,-1.7,-0.0006735887,0.05,-0.0178103719,-0.0189778288,0.04,-0.49,-0.0029473684,0.51,0.09,4.57,-0.74,-0.73,-0.0067678329,-0.03543151,-0.68,-0.0086371596,0.0001831815479395532,S&P,-0.0172007544,6.693598423248834e-06,0.43,-0.0177858232,-5.05062044533707e-05,-0.0135164341,0.6,0.0019704335,-0.04,0.002332375,-2.3154909491001952e-05,-0.0047705173,-0.7,0.36,2.1018826838779408e-05,-0.79,-0.0037618121,0.0044420676,-0.14,-1.67,-0.0111524164,-0.0066007088,2.59,2.58,2.54,0.01,0.05,0.76,2.7,5.24,5.28,5.29
2013-11-08,1770.609985,-0.0738631975,4.0,0.0134275596,-0.0131827721,0.00426554,-0.0028055878,0.5091829161,0.6159875937,1.4967030668,3.9578461684,1759.74277646,1747.59419298,1719.31726577,1630.56605904,2.77,0.0001790553349657888,0.08,-0.32,-9.010019186582173e-05,-0.93,-0.0048003597,1.42,1.6,5.46,0.0108590802,0.1034482759,0.0839694656,-1.51,1.19,-0.75,0.0157466188,1.74,-0.0002959212,0.06,0.00746664,0.0160473438,0.04,-1.53,0.0031864251,-0.13,0.09,4.69,0.85,-0.69,-0.0059717013,0.0196472233,-0.37,0.0447240447,-9.363073395748891e-05,S&P,0.0239750665,-0.00017195718631018362,0.12,0.0193496424,-7.38451522217403e-05,0.0083732493,1.14,-0.0048555904,-0.82,0.0002088844,1.5373674625213908e-05,-0.0109293463,-1.12,0.63,0.00013597264199887522,-0.87,0.0146725749,-0.0003028291,-0.49,1.24,0.0169172556,0.0016722969,2.73,2.71,2.68,0.02,0.05,0.77,2.69,5.37,5.4,5.42
2013-11-11,1771.890015,-0.339601842,7.51113302598106e-05,0.0007229317,0.0134275596,-0.0131827721,0.00426554,0.2239885561,0.5550181364,1.560761436,3.6108154571,1761.95136528,1749.90808079,1721.37894221,1631.97226755,7.821662514213242e-05,-0.00013514734507752237,0.45,1.26,-7.821901901914076e-05,0.08,0.0069711571,-5.052849031727043e-05,1.22,7.647041343452046e-05,0.001076618,-1.0,-1.0,-0.38,0.08,-0.28,-0.002900705,0.19,-4.93348024141e-05,4.30356873187617e-05,-0.0050290896,0.0001429003,-1.1101174601266512e-05,-0.33,0.0030901994,0.48,-9.769624344315459e-06,-2.4537809812832927e-05,0.15,-0.65,0.0143094176,0.011618301,0.27,0.002594496,2.1682896034417552e-05,S&P,0.0009365723,-1.0,0.28,0.0013909734,3.960953585212808e-05,0.002480276,0.42,0.0104715142,-0.27,-0.0052172908,8.187810497971621e-05,0.0015877457,1.35,-0.23,-9.837972956763359e-05,0.19,0.0025518128,0.0032583351,0.74,-0.19,-0.0014787062,0.0029813369,-1.1568229011742619e-05,-1.2002775735178194e-06,-5.427068693032692e-05,-0.00011859361734544306,-9.227336107878322e-05,-1.620107022779329e-05,-6.798461350347393e-05,8.561198906003625e-05,8.679101107476676e-05,1.89572981759733e-05
2013-11-12,1767.689941,0.2710946071,1.0,-0.002370392,0.0007229317,0.0134275596,-0.0131827721,0.2677283265,-0.2404136752,0.7420139783,4.100554726,1762.99474269,1751.60159129,1723.19505981,1633.32269216,2.8,-1.3434776232783297e-05,-0.14,-0.71,3.726620950991675e-05,-0.38,-0.0061444035,1.47,-0.55,5.47,-0.0032978506,-5.783752618368027e-05,-2.4263790547001723e-05,-1.19,-0.14,-0.6,0.0018494672,0.13,0.000131566,0.08,-0.006118622,3.31351931373e-05,0.05,-2.63,-0.0014783446,-0.37,0.1,4.7,-0.08,-3.04,-0.0073012809,-0.0136858907,0.22,-0.0024029021,2.6301842831907918e-05,S&P,-0.0109941754,-4.971619496941453e-05,-0.8,-2.72619155697e-05,-1.2277450753985725e-05,-0.0031196321,1.2,-0.0006148953,-0.19,-0.0011190344,3.4249685055628816e-06,0.0082015948,1.89,-0.21,-0.0001253661383505911,0.67,-0.0077421041,-0.0034453628,-0.6,0.31,0.001480896,-0.0002378124,2.75,2.72,2.7,0.03,0.05,0.77,2.67,5.37,5.39,5.42
2013-11-13,1782.0,0.0330484348,2.0,0.0080953445,-0.002370392,0.0007229317,0.0134275596,0.6501030825,1.0599350298,2.0396474363,3.5119694942,1766.45024402,1754.49667783,1725.5011359,1634.80206836,2.75,6.816173460267093e-05,-1.11,-1.54,-7.292935218802619e-05,0.81,-0.0055912465,1.41,1.24,5.44,0.0070000592,-0.0588235294,-0.0408163265,0.87,0.78,0.62,0.0011923598,0.88,9.86614924196e-05,0.08,0.0214132489,0.0116482369,0.06,-1.62,0.0020727467,-0.36,0.1,4.67,0.44,-0.63,-0.0191071238,0.0191399938,0.38,0.003149861,5.812933569175448e-05,S&P,0.0113528621,-8.152653508931832e-05,-2.22,0.0097234453,6.224040413378136e-05,-0.0008632999,-1.41,0.0048316186,0.04,-0.006007396,-7.295505328023581e-05,-0.0182582127,0.34,-0.4,-8.573771982687452e-05,-1.88,-0.0023514537,-0.0023853289,-0.55,1.11,0.0036968948,-0.0143901718,2.69,2.67,2.65,0.02,0.04,0.77,2.69,5.34,5.36,5.38
2013-11-14,1790.619995,-0.0566254343,3.0,0.0048372587,0.0080953445,-0.002370392,0.0007229317,2.4880502763,1.9401753016,2.2002574205,3.315925927,1770.84474419,1757.93699375,1728.05481665,1636.35249549,2.69,-0.00015514974933303024,0.57,0.15,4.345175532623059e-05,-0.18,0.0103704806,1.34,1.33,5.41,0.0050218921,-0.09375,-0.0496453901,0.66,0.51,-0.46,0.0144632421,-0.04,0.0001479776,0.08,-0.0036687631,0.0018055144,0.06,1.37,-0.0042036432,1.12,0.1,4.65,0.38,0.97,0.0082497202,0.0313850794,-0.21,0.0048024197,-5.7281066167729095e-05,S&P,0.0077175401,6.059887135850514e-05,-0.09,-0.0006654615,-5.417654773487554e-05,0.0068042448,1.09,-0.0040052904,-0.06,0.0099509657,6.476249542314402e-05,0.0060179797,1.51,0.3,4.1023151715724676e-05,0.46,0.0062138636,0.0104728722,1.02,0.25,-0.005893186,0.005444962,2.63,2.61,2.59,0.02,0.04,0.76,2.72,5.31,5.33,5.35
2013-11-15,1798.180054,0.0368772817,4.0,0.0042220343,0.0048372587,0.0080953445,-0.002370392,1.5570944044,2.0742057792,2.1826735064,3.0771025509,1775.81480052,1761.76966616,1730.80482595,1637.96271996,2.71,3.1476033164860474e-05,0.25,2.03,-1.205864365456139e-05,0.81,0.0019421098,1.36,-0.04,5.41,0.0058526215,0.0689655172,0.0149253731,0.21,0.32,0.56,-0.0060019803,0.44,-0.0001150767,0.08,-0.0047343503,0.0033301905,0.06,0.37,0.0020389019,0.25,0.1,4.65,0.47,0.1,0.0169101266,0.0048176892,0.27,0.0086396504,-6.734260607031026e-06,S&P,0.0104432815,5.677449433353557e-05,0.38,0.0042827415,0.0001437649762282504,0.0219909459,1.53,0.0103005098,-0.17,0.000562027,2.4359299648329328e-05,0.016815376,2.36,-0.15,-2.2156865377412988e-05,1.94,0.0050042697,0.0020798886,0.29,0.18,0.0077806966,0.0040953186,2.65,2.63,2.61,0.02,0.04,0.76,2.7,5.31,5.33,5.35
2013-11-18,1791.530029,-0.0265145231,-1.7377687881535624e-05,-0.0036981975,0.0042220343,0.0048372587,0.0080953445,1.1084217324,1.3348930263,1.6695918104,2.6864829873,1778.67211479,1764.60398643,1733.18620647,1639.49075288,2.67,-6.944744343289263e-05,0.49,2.89,4.37758476314035e-05,-0.07,0.0066283019,1.33,-0.03,5.33,-0.0022227536,0.00011833865259406969,-0.0220588235,-1.22,-0.26,0.07,-0.0121145905,-0.71,0.00012049196022529563,0.09,-0.0169132928,-0.0092574463,0.04,-1.98,-0.0028562967,0.65,0.1,4.58,0.16,-1.92,0.0272623331,-0.0080993036,0.07,0.0158557138,7.329141188011365e-05,S&P,-0.0029857831,6.262516984531359e-05,-0.6,-0.0079823619,-9.456468147097821e-05,0.0018893671,-1.17,0.0011372506,-0.21,0.003480493,-0.0002583212362271936,0.0287439445,0.07,-0.2,-1.3985934153318709e-05,0.32,-0.0009534485,0.006188371,0.43,-0.95,0.0007352206,0.0044969819,2.63,2.58,2.57,0.05,0.06,0.75,2.66,5.23,5.24,5.29
2013-11-19,1787.869995,0.0176517743,1.0,-0.0020429655,-0.0036981975,0.0042220343,0.0048372587,1.1416059758,1.4123907049,0.8984477237,1.89209083,1780.34445665,1766.81979677,1735.33066876,1640.96716325,2.71,-1.1278435416599551e-05,-0.35,0.36,-1.760533702462815e-05,0.43,-0.0111996572,1.37,-1.43,5.37,-0.0031021513,-0.064516129,0.030075188,0.07,-0.2,0.62,0.0017739507,-0.55,-1.64414192234e-05,0.08,-0.0123655642,-0.0044364923,0.05,-0.11,-0.0005173306,-0.38,0.1,4.62,-0.03,-0.2,-9.5097e-05,-0.0033862882,0.25,0.0073555792,4.57562152766965e-05,S&P,0.0034554481,-2.5103538464909376e-05,0.25,-0.0053373857,-0.00010865997154794179,-0.0003142902,-1.69,-0.0048926502,1.19,8.06753895381e-05,-1.1172778506914788e-05,-0.0018632617,-0.2,-0.24,-5.1204735402620595e-05,1.13,0.0059384728,-0.0034838105,-1.14,-0.25,-0.0069800884,-0.0037926675,2.66,2.63,2.61,0.03,0.05,0.75,2.66,5.27,5.29,5.32
2013-11-20,1781.369995,-0.0357611376,2.0,-0.0036356111,-0.0020429655,-0.0036981975,0.0042220343,-0.0353538159,0.6145194303,1.0242064864,2.0035725272,1780.53091817,1768.20552993,1737.13613254,1642.36420635,2.8,8.784367717160085e-05,-0.12,0.01,5.085607780212808e-06,-1.17,-0.0009175224,1.39,1.07,5.47,-0.0038645844,-0.0344827586,0.0145985401,-2.51,-0.31,-1.06,-0.0087576057,-0.07,0.0001479752,0.08,0.0092542183,-0.0026147522,0.06,-1.36,0.0020799785,0.03,0.11,4.72,-0.35,-2.6,0.0018196455,-0.0064942045,-0.74,-0.0008905432,0.00011413926439096207,S&P,0.0013773645,0.1,-0.00010129673387669394,-0.0014436126,0.0001903629662233253,-0.0077551668,3.32,0.0031843726,-0.54,0.0014681736,2.707127151446551e-05,0.0061501451,-0.33,0.56,-6.666411210658736e-05,-0.63,0.0030571473,0.0009550742,-0.05,-0.27,-0.002589789,-0.0025231266,2.74,2.72,2.69,0.02,0.05,0.75,2.67,5.36,5.39,5.41
2013-11-21,1795.849976,0.0474375551,3.0,0.0081285646,-0.0036356111,-0.0020429655,-0.0036981975,0.2920765441,2.7873938317,2.2379186427,2.4987604005,1783.31620141,1770.83833432,1739.4386362,1643.89142794,2.79,-1.3343653427762196e-05,0.09,-0.7,-6.299181715888812e-05,-0.82,-0.0033901032,1.38,1.87,5.44,0.0065329916,0.0357142857,-0.0071942446,-0.04,0.79,-1.08,0.011922346,1.77,-3.28785138911e-05,0.07,0.0086299887,0.0122128524,0.02,-0.31,-4.78262948968e-05,0.02,0.1,4.7,0.61,0.66,-0.0050871705,0.0175138756,0.32,0.0199644036,-2.1955987115524844e-05,S&P,0.0105456903,-0.0909090909,1.11,0.0180306743,-0.00010370896078474319,0.0001056401,0.76,0.0002595402,0.33,-0.0023985496,-0.00018525029614387687,-0.0003838117,2.12,-0.36,-6.784689249864166e-05,-1.76,0.0005254335,-0.000650966,-0.33,1.01,-0.0018545624,2.98913348207e-05,2.77,2.72,2.69,0.05,0.08,0.74,2.65,5.34,5.37,5.42
2013-11-22,1804.76001,-0.0618707068,4.0,0.0049614579,0.0081285646,-0.0036356111,-0.0020429655,0.365923089,1.9287152614,2.4477188661,2.5565835018,1787.2150757,1774.0689701,1742.0002587,1645.49211035,2.75,-2.022367173185489e-06,-0.26,0.61,9.260873574770255e-05,-0.12,0.0057899536,1.37,0.88,5.4,0.0042627071,0.0689655172,-0.0072463768,0.07,0.42,-0.68,-0.0025712918,0.46,1.64397974618e-05,0.07,0.0045454008,0.0056661839,0.02,-0.74,0.0061029271,0.15,0.1,4.65,0.33,-0.45,0.0049189488,0.0091889431,0.56,0.0041943026,-9.139740718855886e-05,S&P,0.0063520641,-0.00015812533333047185,0.94,0.0047337927,0.00010489587212449685,0.0033794487,1.78,0.0110970191,0.06,0.0053899918,2.4974682791765552e-05,-0.0042562006,0.06,-0.67,-0.0001710336216308553,0.61,0.0005252416,0.0024967117,0.58,0.57,0.0063173541,-0.0010477003,2.73,2.68,2.65,0.05,0.08,0.75,2.65,5.3,5.33,5.38
2013-11-25,1802.47998,-0.0185261559,-0.00016649950061310936,-0.0012633425,0.0049614579,0.0081285646,-0.0036356111,0.6112066682,1.7264031481,1.9542586497,2.2910031351,1789.99051284,1776.77478057,1744.37201248,1647.0541787,2.74,6.303989515254455e-05,0.37,-0.05,2.503725727713543e-05,0.15,0.0054786179,1.37,-0.05,5.39,-0.0028924498,-0.0322580645,1.453602747763328e-05,0.72,0.07,-0.11,0.0075798636,-0.12,0.0001315162,0.08,0.0018631621,0.0007315687,0.03,2.64,0.0025860921,0.95,0.11,4.65,0.22,2.21,-0.0004992378,0.0116301389,-0.31,0.0033067004,-0.0002810813095725339,S&P,0.0027051172,0.1,0.37,-0.0001778553,0.00010815769785820269,0.0008419535,0.56,-0.0002862148,0.5,0.0027268813,6.7815830539959e-05,-0.0046726658,1.17,0.56,0.00011299096947889578,0.96,0.0039894698,0.0087764188,0.52,0.26,-0.0129246677,0.0030415615,2.71,2.66,2.63,0.05,0.08,0.74,2.65,5.28,5.31,5.36
2013-11-26,1802.75,0.1429295591,1.0,0.0001498047,-0.0012633425,0.0049614579,0.0081285646,0.8322755593,1.9833828426,2.2564212468,1.7382008438,1792.3104196,1779.24861099,1746.66134532,1648.60339086,2.71,0.000127183707009571,-0.93,-0.06,1.8967048259175773e-05,-0.16,-0.0056719107,1.34,-0.11,5.34,-0.000816665,-0.0333333333,-0.0218978102,-0.74,-0.03,-0.36,0.0184442261,0.7,-0.000180811,0.07,-0.0077045964,0.0058028603,0.07,-2.07,-0.0014698909,-0.03,0.11,4.59,-0.01,-2.17,-0.0001338398,0.0125583576,0.41,-0.0083261749,-8.009267526804633e-05,S&P,-0.00382192,-4.17893396728671e-05,-0.31,0.0087222226,-1.01487408694698e-05,-0.0086233992,0.77,0.000592329,-0.57,-0.0039448886,-3.4680440392723e-05,-0.0013915059,-0.58,-0.59,-0.00014999341168158516,0.38,-0.0059604624,-0.0010623586,-0.52,0.53,0.0018705948,-0.0087234341,2.64,2.64,2.6,0.00015787834845271793,0.04,0.75,2.63,5.23,5.27,5.27
2013-11-27,1807.22998,-0.2373800742,2.0,0.0024850811,0.0001498047,-0.0012633425,0.0049614579,1.4516908375,1.4158237935,2.0751311901,2.4907656357,1795.02306695,1781.91350328,1749.0365859,1650.18176488,2.74,-0.00015815357241662158,0.23,0.38,-0.00013824923848864865,-0.51,0.0036212699,1.36,0.39,5.37,0.0014851249,-0.0344827586,0.0149253731,-0.47,0.12,-0.53,0.0235471007,0.6,1.64403380133e-05,0.07,0.0066934408,0.0067201792,0.06,-1.07,0.0012156323,0.55,0.11,4.62,0.09,-1.06,0.0052814001,0.0140021398,0.05,0.0054224595,1.623846663162736e-05,S&P,-0.0009027533,-5.072035164228919e-05,-0.9,0.0059936069,-6.425213860998934e-05,-0.0049856159,2.02,-0.001144519,1.35,0.0026424034,-2.548927395712784e-05,0.0082439158,-0.26,0.12,3.925785055359258e-05,0.19,-0.0008415212,0.0065725627,0.35,0.62,0.0018670276,0.0020041296,2.68,2.67,2.63,0.01,0.05,0.75,2.63,5.26,5.3,5.31
2013-11-29,1805.810059,-0.3884656737,4.0,-0.0007856892,0.0024850811,0.0001498047,-0.0012633425,0.5546166513,0.8483131006,3.3574698334,2.8049471635,1796.98433823,1784.18936573,1751.26299661,1651.73030512,2.75,-4.3284692097354634e-05,-0.05,-0.08,3.8435948559273175e-05,0.15,0.0005007854,1.37,-1.06,5.36,2.35917932237e-05,-0.00010559586803212646,0.0073529412,0.75,-0.2,0.12,0.0185177924,0.11,-4.93202031993e-05,0.06,0.0140958252,0.0037430973,0.05,1.17,0.0040503495,0.18,0.11,4.62,-0.27,1.32,0.0031478767,0.0178686979,-0.11,-0.0045232951,7.007201858492428e-07,S&P,-0.0056471651,-9.857851102834199e-05,0.96,0.0013668782,-1.997871126629663e-05,-0.0034115138,0.65,0.0104510243,0.55,0.0080889239,-4.478703228776354e-06,0.0088292682,0.25,0.08,0.00010299975981197962,0.06,-0.0033691197,0.0057928745,-0.16,0.18,-0.0063361908,0.0001654407,2.7,2.69,2.64,0.01,0.06,0.74,2.61,5.25,5.3,5.31
2013-12-02,1800.900024,0.9367014953,-1.594635869553528e-05,-0.0027190207,-0.0007856892,0.0024850811,0.0001498047,-0.2138780768,0.151262383,1.7107120855,2.2286056553,1797.6962811,1785.78085699,1753.2095467,1653.21458093,2.81,-7.206119270527643e-05,-0.86,0.46,-9.085683572961145e-05,0.68,-0.0021884616,1.43,1.6,5.41,-0.0045379448,0.0714285714,0.0437956204,-2.67,-0.24,-0.08,-0.0087038452,-1.07,0.000131527,0.05,0.0083923418,-0.0036035172,0.02,-3.52,0.0034860652,-0.04,0.1,4.67,-0.42,-4.15,0.0065851436,-0.003353506,-0.35,-0.004194355,-0.00011223916655117878,S&P,0.0036347115,-0.0909090909,-0.43,-0.0120484209,-2.7530327288997294e-05,0.0004278348,0.86,0.0017499022,-0.8,0.0022599679,-3.840787724123201e-05,-0.0059143386,-0.32,0.26,3.8262798304939915e-05,-0.68,-0.0040144199,-0.0003551023,-0.21,-0.13,-0.00013833207006798802,-0.0083150832,2.79,2.76,2.71,0.03,0.08,0.74,2.6,5.31,5.36,5.39
2013-12-03,1795.150024,0.1228423838,1.0,-0.003192848,-0.0027190207,-0.0007856892,0.0024850811,-0.4066594959,0.2020616424,1.3127230699,1.5396519754,1797.23332526,1786.67315861,1754.8542713,1654.62687389,2.79,9.881128545851502e-05,-0.86,-0.52,-4.168629108400305e-05,0.7,-0.0264524364,1.4,1.05,5.39,-0.0049629548,-0.0666666667,-0.020979021,0.31,-0.46,0.35,0.0273750616,-0.64,-3.28774329301e-05,0.06,-0.0036410922,-0.0019924699,0.04,-1.15,0.0018923168,-1.89,0.1,4.65,-0.67,-0.05,-0.0053281115,-0.0194748515,0.35,-0.0021059846,0.00010658237127054933,S&P,-0.0101856043,4.7144513630020875e-05,-0.5,-0.0047293167,-6.514352321443072e-05,0.0093028446,-0.3,0.0045085731,0.91,-0.0010959911,0.00022113715750823968,0.0069307911,0.25,-0.46,3.9560764027758703e-05,-1.27,-0.0032880569,-0.018991739,-2.64,-0.21,-0.0037509752,-0.0095370802,2.75,2.73,2.69,0.02,0.06,0.74,2.6,5.29,5.33,5.35
2013-12-04,1792.810059,0.0388010404,2.0,-0.0013034927,-0.003192848,-0.0027190207,-0.0007856892,-0.5513765636,0.2763100233,1.4210703709,1.6926033053,1796.42909503,1787.25762531,1756.34273356,1656.00183096,2.84,-1.7812057727063874e-05,-0.41,-0.74,-1.1169198685283628e-05,-0.55,-0.0057328377,1.45,-0.66,5.46,-0.002166178,0.0714285714,0.0357142857,1.62,0.01,-1.17,-0.0023307954,-0.13,-9.86355416734e-05,0.06,0.0164447398,0.0001981693,0.04,4.01,-0.0002819019,-0.95,0.1,4.71,-0.03,2.82,-0.0076021709,0.0033795741,0.03,0.0058036932,-8.628550027357265e-05,S&P,0.0004573519,2.9143065402702953e-05,2.22,-0.0021356706,-5.634291716653424e-05,0.0029664054,-0.4,-0.0056541732,-1.03,0.0017701798,0.00013542804688960325,0.0130887815,-1.65,-0.22,-7.046459900921565e-05,-1.28,-0.0036182185,-0.0089739689,-0.6,0.19,0.0030120483,-0.0034290463,2.8,2.78,2.74,0.02,0.06,0.75,2.62,5.36,5.4,5.42
2013-12-05,1785.030029,-0.0757947565,3.0,-0.0043395729,-0.0013034927,-0.003192848,-0.0027190207,-1.2283965652,0.2054617519,0.1700352974,0.8212437846,1794.35653757,1787.04547328,1757.46772554,1657.28569363,2.88,-0.00018785601690214459,-0.29,-0.14,0.00013008934383673402,0.27,-0.0117173989,1.49,-0.8,5.47,-0.0047810021,1.5396337127922543e-05,0.0275862069,-1.51,-0.43,0.37,0.005132722,-0.02,-0.000131527,0.06,-0.024139677,-0.001196156,0.02,-1.31,0.0035247674,-0.5,0.1,4.72,-0.43,-1.57,-0.0006797215,-0.0038086875,0.54,-0.0239552199,0.00015153413262190642,S&P,-0.0114285714,3.955740222047502e-06,-0.34,0.0009719863,0.00010954816171212194,-0.0057040352,4.34,0.0005178357,-1.57,-0.0006553224,4.914551080880535e-05,-0.0020867992,-2.0,-0.63,2.545334968620694e-05,-0.31,-0.0070489803,-0.0060914498,-1.14,-0.11,-0.0071320573,-0.001797265,2.86,2.82,2.78,0.04,0.08,0.75,2.59,5.37,5.41,5.45
2013-12-06,1805.089966,-0.0559954209,4.0,0.0112378709,-0.0043395729,-0.0013034927,-0.003192848,-0.039876453,0.5145190369,0.8080983704,3.3162545405,1796.30807001,1788.7639964,1759.33526438,1658.7563829,2.88,2.4988065714526454e-06,0.83,0.27,3.777735578391034e-05,0.8,0.0071855138,1.51,0.57,5.46,0.0114278422,-3.476755061846958e-05,0.0134228188,0.32,1.18,0.44,-0.0138757282,0.79,-4.93291239148e-05,0.06,0.0094737105,0.0072771786,0.03,-0.25,-0.0027630778,0.85,0.1,4.72,1.24,0.62,0.0012874731,0.0063981432,0.28,0.0042995521,9.964313352711766e-05,S&P,0.0198844162,-0.00011798036611537247,0.25,0.0079378818,7.820549417870019e-05,0.0161479342,-0.44,-0.0064646108,-0.13,-0.0026950557,-3.983315148480901e-05,-0.0044302621,0.99,-0.51,0.00018318006904694412,0.19,0.0158115627,0.0096269059,0.76,0.73,0.0185255191,0.00826373,2.85,2.82,2.78,0.03,0.07,0.74,2.58,5.36,5.4,5.43
2013-12-09,1808.369995,-0.0065173982,0.00013580469355989894,0.0018171,0.0112378709,-0.0043395729,-0.0013034927,0.4147909879,0.2000257641,0.5666807936,2.1325989529,1798.50114728,1790.63123436,1761.258195,1660.24507556,2.86,-0.0001308191588888694,0.22,0.03,0.00014743185896398786,-0.02,0.0011454485,1.5,-1.99,5.43,0.0014854894,-3.298036156313623e-05,-0.0066225166,0.98,0.22,0.11,0.0114460668,-0.07,-0.001562166,0.07,0.0091240352,0.001533526,0.03,0.52,0.0006762468,0.35,0.1,4.7,0.08,1.9,0.0028669514,-0.0053236773,0.24,0.0080270601,3.823860939555111e-07,S&P,0.0047608024,3.219097920856095e-07,0.83,-0.0016970814,-6.429914771787884e-05,0.001986346,2.87,0.0136521794,-0.04,-0.0003103955,5.5116752141829856e-05,0.0004881486,2.22,-0.18,4.47817593446629e-05,1.05,-3.5550013369529364e-05,0.0024813289,0.08,0.41,0.0092798809,0.0011446886,2.83,2.79,2.76,0.04,0.07,0.73,2.57,5.33,5.36,5.4
2013-12-10,1802.619995,-0.0039463173,1.0,-0.003179659,0.0018171,0.0112378709,-0.0043395729,0.4161195945,0.0077679087,0.6190220549,1.7343051623,1799.25002869,1791.77302109,1762.88022637,1661.66174143,2.81,-0.0001002576814885091,-0.36,-0.01,-7.311242733247685e-05,0.36,-0.0103916703,1.46,-0.01,5.37,-0.0031134472,0.0001627493890660014,-0.0266666667,1.59,-0.33,0.42,-0.0015536236,-0.89,-0.0015646102,0.07,-0.0154998196,-0.00203011,0.03,3.12,-0.0017739483,-0.84,0.1,4.64,-0.3,2.67,-0.0028129852,0.007508597,0.16,0.00336229,0.00020325727823637758,S&P,-0.0047382446,7.656113970875132e-05,0.15,-0.0086501694,2.0314376241713307e-05,-0.0013563961,0.12,0.0013090342,-1.69,0.0058968959,0.00010275522856089031,-0.0003163292,-0.38,-0.35,6.489026696832976e-05,-0.59,-0.0031766518,-0.0087795541,-1.02,-0.07,-0.0018389849,-0.005518743,2.78,2.74,2.71,0.04,0.07,0.73,2.56,5.27,5.3,5.34
2013-12-11,1782.219971,0.1139149544,2.0,-0.0113168744,-0.003179659,0.0018171,0.0112378709,-0.5906977121,-1.1388173069,-0.3160198457,0.8219784286,1796.15365456,1790.86320679,1763.63864773,1662.8613258,2.86,-0.00016469308808535985,-0.33,-1.77,-2.6153663975983904e-05,-0.67,-0.0010461109,1.5,0.29,5.41,-0.0121813131,0.0333333333,0.0273972603,-0.71,-1.23,-1.1,-0.0074087122,-1.68,-0.0002144401,0.07,-0.0131199157,-0.0139588895,0.02,0.21,-0.0028678081,-0.54,0.1,4.66,-0.89,-0.49,-0.0170967815,-0.0144153825,0.18,-0.0111111286,-2.0886626629335494e-05,S&P,-0.0133756741,9.734127335296411e-06,0.94,-0.0162455161,0.0001600573758800803,-0.0151499009,2.36,-0.0045320048,0.25,0.0018593358,0.00013308947773949355,-0.0148943227,-0.45,-0.1,7.973301152218e-05,-1.11,-0.0109411303,-0.0040957071,-0.11,-1.29,-0.0206337148,-0.0023913679,2.84,2.79,2.76,0.05,0.08,0.75,2.55,5.31,5.34,5.39
2013-12-12,1775.5,-0.0476925558,3.0,-0.0037705621,-0.0113168744,-0.003179659,0.0018171,-0.5338862005,-1.755724526,-0.3295213805,-0.3647586981,1792.39844464,1789.40004424,1764.1037988,1663.98210863,2.89,0.00022461603545039925,-1.15,-0.69,8.217564557805136e-05,-0.1,-0.0043407383,1.55,-0.94,5.42,-0.0041915679,0.0967741935,0.0333333333,-2.23,-0.32,-1.24,-0.0014607276,0.04,0.0001154925,0.07,-0.0103695823,-0.0013512522,0.01,-4.41,-0.0012352897,-0.7,0.09,4.66,-0.6,-3.99,-0.0051469645,-0.0024595149,-0.22,0.0042803817,-2.8694683950347086e-05,S&P,-0.0004595588,-0.1,4.631647705056234e-05,0.0016069178,0.00018855114667595731,0.0116698385,1.66,-0.0028210083,-1.21,-0.0048311351,-4.286245038755496e-05,-0.0006216038,-0.97,0.3,-0.00010027653641722958,-0.17,-0.0209429382,-0.0066221903,-0.43,-0.32,-0.0015048533,-0.0095887008,2.88,2.82,2.8,0.06,0.08,0.76,2.53,5.33,5.35,5.41
2013-12-13,1775.319946,-0.0742657199,4.0,-0.0001014103,-0.0037705621,-0.0113168744,-0.003179659,-1.6492263854,-1.6884451855,-1.1431929323,-0.8544553866,1789.29326307,1788.05908251,1764.54364771,1665.08994781,2.88,4.6842268702089506e-06,-0.05,0.23,0.00021947610591421758,0.22,-0.0023125776,1.55,0.15,5.38,0.000528642,-3.613073277319574e-05,-1.5749032307104326e-06,1.18,-0.01,0.27,-0.0109001894,0.34,-3.2994e-05,0.07,-0.0142397095,0.0006452776,0.02,0.81,0.0047395602,-0.05,0.09,4.63,0.1,1.08,0.0011991409,0.0078425967,-0.09,-0.0024862901,-0.00011708536869628317,S&P,0.0052873563,-9.424471531399907e-05,0.6,0.0034262048,7.863256750162667e-05,-0.0005243603,-1.32,0.0100674871,-0.67,-0.0022221191,-0.00013666704633961572,-0.0030510984,0.72,0.01,7.911349927730862e-05,-0.83,0.0020841816,-0.0011689075,-0.25,-0.06,0.0113036544,-0.0008222744,2.86,2.81,2.79,0.05,0.07,0.75,2.5,5.29,5.31,5.36
2013-12-16,1786.540039,0.0486169869,-0.0001616629668121356,0.00632004,-0.0001014103,-0.0037705621,-0.0113168744,-1.2071620332,-0.7973782447,-1.0095509042,-0.647321995,1788.79267688,1787.9144117,1765.40625129,1666.29840642,2.89,3.467466572747146e-05,1.27,-0.65,-0.0001595201161181399,-0.1,0.0148212366,1.55,1.51,5.39,0.0070448027,-3.839586534461079e-05,-5.2894877136081275e-05,0.18,0.66,-0.16,0.0055372635,1.51,-3.29951332178e-05,0.07,0.0054510767,0.0071332624,0.01,2.21,-0.0050554882,1.61,0.09,4.65,0.78,1.42,-0.0056483267,0.0123100435,0.13,0.0044507746,4.387796775687939e-05,S&P,0.0057168992,-1.442415965332993e-06,0.72,0.0115621936,-0.00011660423616669365,0.0200399018,-1.65,-0.0026077265,-1.19,-0.0021358799,2.495291666791575e-05,-0.0160349113,-1.68,-0.21,-1.1282341577878744e-05,0.08,0.0002189929,0.017442992,1.6,0.49,0.0052160954,0.0127640054,2.88,2.82,2.8,0.06,0.08,0.74,2.5,5.3,5.32,5.38
2013-12-17,1781.0,0.0187358445,1.0,-0.0031009879,0.00632004,-0.0001014103,-0.0037705621,-1.1993650941,-0.7882362928,-1.191690351,-0.5877673737,1787.37582653,1787.2558963,1766.01777084,1667.43971581,2.85,-9.807089685640562e-05,-0.42,-0.12,8.269686418205755e-05,0.16,-0.0124372534,1.52,-1.84,5.35,-0.0035800257,3.491589944581457e-06,-0.0193548387,-0.84,-0.41,-0.57,-0.0045022743,-0.14,3.29962219325e-05,0.07,-0.0100297915,-0.001449326,0.02,-1.28,0.0004627837,-0.62,0.09,4.63,-0.07,-0.3,-0.0019654058,-0.0033935959,0.05,-0.0124068952,2.7407865725403092e-05,S&P,-0.0088676671,-1.7803182412394982e-05,-0.27,-0.0008572229,-4.850454208009827e-05,-0.0048344065,0.19,-0.0023530261,-0.44,-0.0003262809,1.618464833462231e-06,-0.0045268907,0.46,-0.27,-0.0002078923415200476,0.6,-0.0077705918,-0.0085599327,-1.18,-0.27,0.0018532617,-0.0055196098,2.83,2.78,2.76,0.05,0.07,0.72,2.5,5.26,5.28,5.33
2013-12-18,1810.650024,0.3234649223,2.0,0.0166479641,-0.0031009879,0.00632004,-0.0001014103,1.5952044901,0.9950839416,0.4382207183,1.2741434816,1791.6074988,1789.48390846,1767.76805528,1668.864694,2.89,-8.939770430109359e-05,0.02,0.51,3.234617955804071e-05,-0.41,0.0100450947,1.55,1.1,5.39,0.0165300624,-0.0588235294,0.0197368421,-0.98,1.77,-0.4,-0.007603764,1.56,-6.59902664357e-05,0.07,0.0016429901,0.0115267933,0.01,1.12,0.0008118569,0.88,0.1,4.63,1.87,-0.75,0.0032333044,0.0214368557,-0.6,0.0272792709,-4.390022982943988e-05,S&P,0.0307409956,0.1111111111,-0.18,0.0132541678,7.006296086621017e-05,0.0288372196,-0.84,-0.0039115863,-1.05,-0.0013343845,-1.4382589309536803e-05,-0.0012989713,1.96,1.03,-8.420304220847344e-05,0.52,0.0218397851,0.01063606,0.97,1.37,0.0140584161,0.0009096085,2.88,2.82,2.79,0.06,0.09,0.76,2.5,5.29,5.32,5.38
2013-12-19,1809.599976,-0.1919140805,3.0,-0.0005799287,0.0166479641,-0.0031009879,0.00632004,1.9205843988,1.3764444632,0.1311397014,1.584734282,1794.87885829,1791.39972441,1769.40852276,1670.26504507,2.94,-0.00016724541261088752,1.26,-1.5,1.8006904848032754e-05,-0.58,0.0108918719,1.63,0.6,5.36,-0.0002629377,0.09375,0.0516129032,-2.3,-0.12,0.07,-0.0114566809,-0.9,0.0001154906,0.06,-0.0090213773,-0.0029287445,0.01,-4.35,0.010668201,1.56,0.09,4.57,0.06,-2.58,-0.0110210981,-0.0019446131,-0.16,-0.0001747379,2.1756863738178694e-06,S&P,0.002003116,-0.1,-0.6,-0.0072945879,0.00013932052308078692,-0.0011050934,4.92,0.0154836684,-0.37,0.0067023388,8.564052404671372e-07,-0.0095392003,1.09,0.46,0.00010381850413633396,-0.21,-0.0071243092,0.0167713381,1.66,-0.45,-0.0032834732,0.0142635042,2.93,2.88,2.85,0.05,0.08,0.79,2.42,5.27,5.3,5.35
2013-12-20,1818.319946,0.4576476677,4.0,0.004818728,-0.0005799287,0.0166479641,-0.0031009879,2.4220986249,0.7329263499,0.6927576318,1.2512164324,1799.14087424,1793.96355504,1771.32661779,1671.73822816,2.89,5.237303335404174e-06,0.36,4.767047425238711e-05,-4.969044725268376e-06,0.24,0.009508289,1.66,1.34,5.27,0.0043875198,0.0571428571,0.018404908,1.1,0.24,0.61,0.0083752637,0.35,-8.24837507011e-05,0.07,0.0151723862,0.0114831776,0.01,1.44,-0.004069176,0.5,0.09,4.49,0.21,0.62,-0.0033453252,0.0177383283,0.07,0.0082124934,0.00014458897311714873,S&P,-0.0013327632,5.427154743849301e-05,0.21,0.0186769922,0.00015872001124350425,-0.0075429951,-0.94,0.0006045695,0.57,-0.0013583938,5.400614042555472e-05,-0.0202078244,0.7,-0.22,9.766111261585829e-05,0.5,0.001195836,0.0069024472,0.24,0.2,0.0014641654,0.003325877,2.88,2.82,2.8,0.06,0.08,0.78,2.38,5.18,5.2,5.26
2013-12-23,1827.98999,-0.4406222414,2.3163526509288894e-05,0.0053181202,0.004818728,-0.0005799287,0.0166479641,2.3201243798,1.084954686,1.5042459681,1.2871506389,1804.38616801,1797.20416789,1773.54871082,1673.29297206,2.94,5.044056210698392e-05,0.39,0.4,-8.74366872459365e-05,-0.15,0.0051314256,1.68,-0.19,5.29,0.0049626579,0.027027027,0.0120481928,-0.37,0.54,0.17,0.0383774989,0.64,1.64981109663e-05,0.07,-0.0048913045,0.0107582126,0.01,-0.22,-0.0027176205,1.29,0.09,4.51,0.18,0.36,0.0047948447,0.0017901566,0.18,0.0093587693,5.878443091758547e-05,S&P,0.0055604983,-4.803052056099813e-05,0.06,0.0093766084,3.3391089142003422e-06,-0.0017227199,1.02,-0.002359143,-0.71,-0.0020250856,5.903239093931508e-06,0.0023566291,0.74,-0.25,-5.098939059293596e-05,0.92,-0.000651504,0.0094296735,0.8,1.73,0.0014619517,0.0108981926,2.93,2.87,2.85,0.06,0.08,0.78,2.35,5.2,5.22,5.28
2013-12-30,1841.069946,0.1173645344,0.00011755844959110718,-0.0001792538,-0.0003365848,0.0047455296,0.0029157468,1.2511549494,3.7035577811,1.9932513436,1.9525800526,1824.0239911,1811.23150369,1783.31065217,1679.80933767,2.99,-3.7471098933329215e-05,-0.16,-0.15,-8.02535301803058e-05,0.67,-0.0004535063,1.71,-0.86,5.34,0.0004462493,-0.025,-0.0172413793,-1.38,-0.1,0.38,-0.0099448519,-0.11,-0.0004619319,0.07,-2.2688949396304632e-05,-0.0005749061,0.01,-2.73,0.0055409467,0.15,0.1,4.53,0.11,-2.49,7.00808916313e-05,-0.0118317729,0.46,-0.0032679395,2.2939247126220175e-05,S&P,-0.00018735827288979555,0.1111111111,-1.41,-0.0004306299,7.463366605067178e-05,-0.0118215346,0.45,0.0042048647,-1.32,0.0040216078,-2.6492713740050155e-05,-0.0017712896,0.56,-0.4,-7.968804593870813e-05,0.08,-0.0005413644,-0.003882363,-0.06,-0.13,0.0021559109,-0.002903331,2.98,2.92,2.89,0.06,0.09,0.81,2.35,5.24,5.27,5.33
2014-01-03,1831.369995,-0.0994384211,4.0,-0.0003329649,-0.0088619128,0.0039596752,-0.0001792538,-0.5781709691,1.1443388134,2.7577978476,2.1508098868,1829.50517048,1817.83189208,1789.3838887,1684.460385,3.01,-2.664410213263893e-07,0.06,-2.33,4.213500752531747e-05,1.09,0.0048187293,1.73,-0.83,5.35,0.0012981682,0.0512820513,0.0058139535,0.95,-0.05,0.42,-0.0219658493,0.37,-0.000545996,0.07,-0.0067276642,-0.0026935747,0.01,0.42,0.0023110527,0.25,0.1,4.56,0.12,0.6,-0.022398044,-0.0038445084,-0.61,0.0077306478,0.00010397491547670905,S&P,0.007107952,0.1111111111,-0.76,0.0046666393,-7.390755640817619e-05,-0.002405995,-0.39,-0.0046617771,1.65,-0.0080099055,-9.518796575802776e-05,-0.0124452997,0.19,0.68,-2.841985000030166e-05,-1.22,0.0090080084,0.0037351279,0.47,-0.78,-0.0007272727,0.001905401,3.0,2.94,2.91,0.06,0.09,0.79,2.34,5.25,5.28,5.34
2014-01-06,1826.77002,0.1876457591,0.0001400739340836826,-0.0025117672,-0.0003329649,-0.0088619128,0.0039596752,-0.7945043885,0.9488309144,2.8876384117,2.3383355082,1829.0078704,1818.68314236,1790.85001149,1685.87640127,2.98,0.00011490679403488911,0.07,-0.49,-3.258634370402888e-05,0.22,-0.0047343504,1.7,-0.15,5.3,-0.002594962,-0.0243902439,-0.0173410405,0.12,-0.26,0.22,0.0054530202,-0.9,0.000132435,0.05,-0.0211324573,-0.0044119982,0.01,-0.2,-0.0036179247,-0.06,0.08,4.53,-0.26,0.15,-0.0058345653,-0.0070880763,0.29,0.0057961132,1.1898885160530624e-05,S&P,0.0017644023,-0.2,0.18,-0.0077242535,-0.00015634996086627702,0.0015074063,0.05,0.0007536081,-0.08,-0.0021169863,4.529990852340346e-05,-0.0179662028,-1.04,-0.12,-8.028956881856395e-05,0.24,0.0052259555,-0.000757846,-0.44,-0.39,-0.0080058224,8.08644466740421e-05,2.97,2.93,2.9,0.04,0.07,0.77,2.32,5.22,5.25,5.29
2014-01-07,1837.880005,0.0658300074,1.0,0.0060817645,-0.0025117672,-0.0003329649,-0.0088619128,-0.1732656061,1.0757215221,3.5238751832,1.8165321185,1830.62098578,1820.51141499,1792.69432496,1687.38887494,2.96,-0.0001140862054353391,0.34,-0.3,5.5785480079286257e-05,-0.1,0.008312195,1.69,0.58,5.28,0.0055774095,-6.309036204107669e-05,-0.0058823529,-0.48,0.55,-0.45,-0.0071516005,0.73,0.0001986262,0.04,0.0077497645,0.0096021077,0.01,-1.55,0.0028596962,0.77,0.08,4.51,0.54,-1.44,0.0012620665,0.0111779944,-0.09,-0.0115254237,-0.00022948859865527967,S&P,-0.0004402466,0.00019245942162686165,-0.03,0.0091268617,0.00010976018570696911,0.0141480628,-0.16,-0.0066913602,-0.62,0.0002954959,-2.7368426659486285e-05,0.0007860517,-0.75,0.54,6.753051049601917e-05,0.47,0.0212281919,0.0082944628,0.77,0.88,0.0011005503,0.0036845802,2.95,2.92,2.88,0.03,0.07,0.77,2.32,5.2,5.24,5.27
2014-01-08,1837.48999,0.0399772193,2.0,-0.0002122092,0.0060817645,-0.0025117672,-0.0003329649,-0.5880886347,0.5196965001,2.8518784851,1.6102896576,1831.86989564,1822.12842214,1794.45101771,1688.88241837,3.01,0.00018986507287173938,-0.54,1.47,9.783691049247065e-05,-0.22,-0.0004035524,1.77,-0.19,5.32,-0.0006216439,0.075,0.0473372781,-0.49,0.1,-0.28,0.0063328584,0.15,-0.0002482334,0.05,-0.0178522933,0.0029928119,0.00015379219873998574,-1.25,0.0105150597,-0.2,0.08,4.53,-0.29,-1.66,0.0124956327,0.0097731679,-0.3,0.0094307099,-8.872700121853522e-05,S&P,0.0114536559,-5.5729802610226654e-05,-0.53,-0.0001468898,-1.0881557054149713e-05,-0.0032650836,-1.93,0.0048171865,-2.45,-0.0010829617,-4.895516938499016e-05,-0.0014541231,2.09,0.21,-0.0001020612336794468,-0.1,-0.0013786934,-0.000879463,-0.01,0.45,-0.0029315499,-0.0049885567,3.01,2.96,2.93,0.05,0.08,0.79,2.31,5.24,5.27,5.32
2014-01-09,1838.130005,-0.0194379186,3.0,0.0003483094,-0.0002122092,0.0060817645,-0.0025117672,0.3357037231,0.2623687704,3.2077487367,1.9699110239,1833.00809734,1823.65238241,1796.16391917,1690.36746899,2.97,-0.00011186906920826985,-0.41,-0.68,4.115372698774416e-05,-0.13,-0.008406515,1.75,-0.71,5.28,0.0004679895,0.023255814,-0.011299435,0.15,0.03,-0.03,-0.0127700727,-0.03,1.6553e-05,0.04,-0.0064317397,-0.0022613548,0.01,0.74,0.0045762555,-0.68,0.06,4.56,-0.1,0.2,-0.0090995999,-0.0022641396,0.25,-0.0018685409,-0.0001867796512988717,S&P,0.0052265246,-0.25,-1.15,0.000768938,-0.00019736520762684006,-0.0097279732,-5.0,0.0012606387,-0.53,0.0028621672,7.60897711971469e-05,-0.0081777093,-1.24,-0.41,2.1307928692453493e-05,-0.51,0.006053515,-0.008025982,-0.75,-0.48,0.000367512,-0.0045374752,2.96,2.93,2.91,0.03,0.05,0.72,2.31,5.22,5.24,5.27
2014-01-10,1842.369995,-0.0685366433,4.0,0.0023066867,0.0003483094,-0.0002122092,0.0060817645,0.6006432359,0.0189995221,1.7518554431,3.3750056098,1834.71026055,1825.43501218,1797.97592215,1691.87993193,2.88,-5.075625640042555e-05,0.78,0.33,-3.414602401222626e-06,0.58,0.0060258264,1.64,0.81,5.2,0.0043957768,-0.1136363636,-0.0628571429,1.56,0.26,1.09,-0.0066726366,0.59,0.000612451,0.05,0.0143541237,0.0044463755,0.01,2.74,0.0020790405,0.54,0.06,4.5,-0.06,2.76,0.0025856439,-0.0083539211,0.45,-0.0045948946,4.553071514351062e-05,S&P,-0.0047660529,-6.473556072758186e-05,0.98,0.0053352209,6.669206888120898e-05,0.0076182336,1.2,-0.0001335317,-2.8,0.0019444157,-0.0003953118889528529,-0.0070644205,0.06,-0.53,-4.8037912645966274e-05,-0.82,0.0001055104,0.0054799424,0.56,0.39,-0.0095518005,0.0072631773,2.87,2.83,2.82,0.04,0.05,0.7,2.32,5.14,5.15,5.19
2014-01-13,1819.199951,0.0766373576,-0.00017304693910649382,-0.0125762165,0.0023066867,0.0003483094,-0.0002122092,-0.4143963891,-1.2056083801,0.5305026043,2.4612757533,1831.89020427,1824.84119683,1798.808237,1693.14679779,2.84,5.948881177545199e-05,0.18,-0.11,-5.04648578259527e-05,0.89,0.0029807372,1.6,-0.47,5.18,-0.0110864962,-9.251044186516743e-05,-0.0243902439,0.51,-1.24,0.63,0.0052351579,-1.21,-0.0004631927,0.03,-0.0294117916,-0.0147005915,7.349212135072436e-05,0.7,0.0054680584,0.34,0.06,4.47,-1.02,1.34,0.001860689,-0.0167982521,0.01,-0.013506599,0.00017739167567740454,S&P,-0.0082716153,1.851908046870769e-05,0.38,-0.0141173371,4.6213062458352786e-05,-0.0195980308,5.45,-0.0084041303,0.84,0.0009235952,6.45169950457572e-05,-0.0018546728,-2.4,-0.39,0.00010713501841874565,0.81,-0.0025332278,0.0038983164,0.27,-1.46,-0.0085311205,0.0025668472,2.84,2.81,2.78,0.03,0.06,0.71,2.34,5.12,5.15,5.18
2014-01-14,1838.880005,-0.0662926198,1.0,0.0108179719,-0.0125762165,0.0023066867,0.0003483094,0.0544105163,-0.1189493645,1.1307173441,3.5802030582,1833.16107713,1826.17822618,1800.37967889,1694.59687946,2.88,-9.166843731586037e-05,0.19,-0.3,-2.9710578077044737e-05,0.06,0.0025638008,1.65,-0.34,5.22,0.0084758592,1.9297257954019542e-05,0.03125,-0.67,0.99,-0.96,0.0198980804,1.08,-0.0014729734,0.04,0.022870183,0.0169499473,-4.602446102564974e-05,-0.54,-0.0020267606,0.31,0.06,4.5,0.52,-0.69,-0.0042588795,0.0167783462,0.05,0.0006932582,3.192423520642644e-05,S&P,0.0006584504,-0.0001021760245225067,-0.35,0.0133613989,-1.671129437017885e-05,0.0057838659,2.22,-0.0080135453,1.13,-0.0063264279,0.00012260429354109685,0.0085979229,-0.76,0.39,3.19268121606662e-05,-0.2,0.0023280529,0.0031902526,0.23,1.83,0.0089786382,0.0014354624,2.88,2.84,2.82,0.04,0.06,0.72,2.34,5.16,5.18,5.22
2014-01-15,1848.380005,0.1266017947,2.0,0.0051661881,0.0108179719,-0.0125762165,0.0023066867,0.5926571061,0.0010831223,1.1154336245,3.4614374517,1835.92815492,1828.29268131,1802.26204462,1696.12705981,2.9,-0.00010789625455992067,0.74,0.62,-3.684181346770119e-05,-0.52,0.0135392884,1.68,0.7,5.22,0.0040906161,0.0512820513,0.0181818182,-0.27,0.46,-0.56,0.0200771841,0.77,-0.0003480682,0.04,0.0273895759,0.0076164739,0.01,-0.73,0.0059915457,1.98,0.06,4.5,0.67,-0.35,0.0048580293,-0.0042008703,-0.54,0.0303082774,5.597676326279474e-05,S&P,0.017767098,-0.00010935981569309585,0.53,0.0068073899,0.00016582269001279274,-0.0034302259,-1.01,0.0103088176,-2.07,0.0026949442,-0.00010595985502935948,-0.0017238734,2.33,0.64,-8.633542306235966e-05,0.35,0.0008446157,0.0202609513,1.33,0.69,0.0137189846,0.0078322424,2.89,2.86,2.84,0.03,0.05,0.72,2.32,5.16,5.18,5.21
2014-01-16,1845.890015,-0.0758351421,3.0,-0.0013471202,0.0051661881,0.0108179719,-0.0125762165,0.4221687247,0.7592896839,0.685645134,3.6434595733,1837.73940221,1829.96861785,1803.97294542,1697.61723847,2.86,-0.00018245502337919998,-4.374457599740962e-05,0.27,-5.948091922150425e-05,0.22,-0.0029546624,1.66,-0.04,5.18,-0.0008819293,-5.1028179475663044e-05,-0.0119047619,0.07,-0.29,-1.07,-0.00557983,-0.07,0.0007958615,0.04,0.0035364801,0.0009039541,0.01,-0.39,9.13475591932e-05,-0.02,0.07,4.48,-0.51,-0.45,0.0036857111,-0.0001768434,0.11,-0.0084047736,6.709560698414767e-05,S&P,-0.0002155819,0.1666666667,-0.44,0.0015196389,-0.00019857001240921812,0.0016197915,1.32,0.0037627353,0.84,-0.0044012092,-4.089791476978162e-05,0.0001744772,-0.38,-0.36,-1.4923335358256904e-05,0.2,-0.0016878059,-0.0016539885,-0.25,-0.08,-0.0051206657,-0.0006598337,2.85,2.82,2.79,0.03,0.06,0.7,2.32,5.11,5.14,5.17
2014-01-17,1838.699951,0.0386130135,4.0,-0.0038951747,-0.0013471202,0.0051661881,0.0108179719,-0.1992023323,0.4002444083,-0.1802406578,1.5491633738,1837.91404744,1830.80017339,1805.33478877,1699.02104655,2.84,0.00020050332840110477,0.19,0.84,-0.00019543581430094678,-1.14,0.0019054099,1.64,-0.57,5.17,-0.0031582286,-0.0243902439,-0.0120481928,0.91,-0.11,-0.44,-0.0245016158,-0.12,0.0016235918,0.05,-0.013824831,-0.0050038906,0.01,1.21,-0.0014796953,0.25,0.07,4.47,0.45,0.9,0.0063924489,0.0096260665,-0.58,-0.0149177991,1.3852890552370717e-05,S&P,-3.226131292511656e-05,0.00011630758847015349,-0.38,-0.0040063343,-3.9610546798032934e-05,0.00222359,-1.28,-0.0026393647,-1.62,-0.000539672,8.309117068866246e-05,-0.0092662278,0.19,0.59,-0.0001489496825713083,-0.92,0.0044378593,0.0025983488,0.19,-0.29,-0.0227941536,0.0020394846,2.83,2.79,2.77,0.04,0.06,0.7,2.33,5.1,5.12,5.16
2014-01-21,1843.800049,0.0431177126,1.0,0.0027737522,-0.0038951747,-0.0013471202,0.0051661881,1.3522481675,0.9322481108,0.1303369702,1.8899244835,1838.98422955,1832.03825678,1806.84323035,1700.46163364,2.85,-5.164831828071188e-05,-0.05,0.78,-8.27575780441671e-05,-0.11,-0.0008387945,1.67,0.36,5.15,0.0021801027,-1.4801131896202355e-05,0.0182926829,-1.03,0.25,-0.07,0.0155362403,0.48,-0.0004962122,0.04,-0.0057724847,0.0067133175,0.01,-2.37,0.0018660812,0.19,0.07,4.46,-0.28,-2.02,-0.0043327261,0.0186181609,0.07,0.0010324729,5.219241712549286e-05,S&P,0.0023712223,-0.00015318171417173963,1.59,0.0062390701,-0.0001007811018385505,-0.0066559497,3.2,-0.0006711731,-0.18,0.0043527288,6.660102785552685e-05,0.0016778547,0.77,0.01,-6.223230326675783e-05,0.7,-0.0108352516,-0.0013178586,0.02,0.6,-0.0109104214,0.0007321395,2.84,2.81,2.78,0.03,0.06,0.69,2.3,5.08,5.11,5.14
2014-01-22,1844.859985,-0.1079453373,2.0,0.0005748649,0.0027737522,-0.0038951747,-0.0013471202,0.3251968581,0.3797843157,0.205860674,1.4595912594,1840.05254872,1833.25937375,1808.33408347,1701.89843316,2.87,-0.00015017721763237817,0.01,0.03,7.851123936525457e-06,-0.11,0.0002566828,1.72,1.44,5.17,0.0002778197,0.1,0.0299401198,-0.4,-2.6622139215779445e-05,0.52,0.0044438853,0.53,-0.0003640696,0.04,-0.0066352782,0.0040797951,7.349086105029553e-05,-0.32,0.0014243453,-0.07,0.07,4.48,-0.23,-0.6,0.0021330528,-0.0061662672,-0.1,-0.0099707413,-8.367354027971849e-05,S&P,0.003655871,-8.416422621225265e-05,-0.5,0.0047375805,5.703554035701106e-05,-0.0062944467,5.82,-1.91700651316e-05,-0.13,0.0031137095,-7.055128149636034e-05,0.0216281203,0.25,0.13,2.3415120674702536e-05,-0.1,0.0030841328,-0.0010287401,0.06,0.3,-0.0114112206,-0.0011705661,2.87,2.83,2.8,0.04,0.07,0.69,2.3,5.1,5.13,5.17
2014-01-23,1828.459961,0.1772524799,3.0,-0.0088895765,0.0005748649,0.0027737522,-0.0038951747,-1.0777028504,-0.4914328268,-1.0766314009,0.0257097141,1837.9448055,1832.80228682,1809.12333357,1703.15775184,2.79,-0.00013903270262696012,-0.8,-1.45,0.00012494248404415546,-0.07,-0.0101780862,1.62,-0.64,5.11,-0.009596013,-0.1136363636,-0.0581395349,2.25,-0.78,-0.94,0.008467689,-0.59,0.0001158825,0.04,0.0036181742,-0.0056846847,0.01,1.07,0.0122173596,-0.84,0.05,4.43,-1.02,1.31,-0.0150916661,-0.0115440102,1.09,-0.0194478034,6.202485602255643e-05,S&P,-0.0068566534,-0.2857142857,-1.57,-0.0075256835,1.8721371941271166e-06,-0.0092970579,0.87,0.0039530814,1.56,0.0052666783,7.268725099471258e-05,-0.0046638107,-0.82,-1.54,-9.491677056336546e-05,-1.18,-0.0167515055,-0.0091635084,-1.03,-0.19,-0.0065409773,-0.0077640891,2.78,2.75,2.74,0.03,0.04,0.68,2.32,5.06,5.07,5.1
2014-01-24,1790.290039,0.1626785827,4.0,-0.0208754486,-0.0088895765,0.0005748649,0.0027737522,-3.0120958209,-2.6026432227,-2.2756766698,-2.3471029753,1829.2803025,1828.75350132,1808.384773,1704.02473978,2.75,-2.3116621115970923e-06,-1.78,-1.31,-6.404035982681468e-05,-1.08,-0.0279119046,1.58,0.28,5.1,-0.0228785961,-0.0512820513,-0.024691358,0.39,-2.32,-0.97,-0.0181775344,-2.74,8.27636435867e-05,0.04,0.0207986683,-0.0215009584,0.04,-1.22,0.0009818051,-2.68,0.06,4.45,-2.07,-0.65,-0.0124853122,-0.0306849455,-0.12,-0.0244377718,0.00014569538543573297,S&P,-0.0187701842,0.2,-0.54,-0.0241129465,-2.7017309356476327e-05,-0.0218624624,9.56,-0.0120896352,-0.64,0.0043913646,0.0001254720731100889,0.0059799017,-1.66,-0.31,5.527580724124919e-05,-0.47,-0.022967404,-0.0248177255,-2.8,-2.26,-0.0336947715,-0.0161811249,2.71,2.71,2.69,-1.6116038791652155e-05,0.02,0.65,2.35,5.04,5.06,5.06
2014-01-27,1781.560059,-0.1241217292,2.750002308559328e-05,-0.0048762937,-0.0208754486,-0.0088895765,0.0005748649,-3.1076246001,-3.3006364718,-2.7198182856,-3.2822640549,1820.60389459,1824.25888776,1807.33282343,1704.79623549,2.78,-9.421857721234823e-05,-1.51,-2.23,-0.00012595841784650302,0.24,-0.0040635052,1.61,-1.1,5.14,-0.0052908602,-3.454089851501857e-05,0.0189873418,-0.96,-0.35,0.64,0.0081125238,-1.18,-0.0004799894,0.05,-0.0211899478,-0.0107940845,0.04,-1.24,-0.0045802626,-0.15,0.07,4.48,-0.18,-0.95,-0.0211117889,-0.0034055908,-0.04,9.238744486266879e-05,1.3720681235300312e-05,S&P,0.0010993624,0.1666666667,-0.3,-0.0143340573,3.3544486968095753e-05,0.0007380074,-6.46,-0.012769662,-0.42,-0.0086739951,1.2370207827501782e-05,-0.010266804,-3.24,0.19,-1.8569876755245825e-05,-1.26,-0.0073943162,-0.0045570395,-0.43,-0.83,0.004809579,-0.0169575456,2.74,2.73,2.71,0.01,0.03,0.66,2.36,5.07,5.09,5.1
2014-01-28,1792.5,-0.1501458519,1.0,0.0061406524,-0.0048762937,-0.0208754486,-0.0088895765,-2.7823000128,-1.4676754463,-1.8759898414,-2.6555894082,1815.49409557,1821.23423178,1806.75114408,1705.66890976,2.77,9.258670614009357e-05,0.25,0.39,-0.00018232900652170547,0.29,0.009827335,1.59,0.67,5.12,0.0085649976,0.027027027,-0.0124223602,-0.04,0.7,0.46,-0.0799274085,0.98,-0.0001324745,0.05,0.0066611437,0.0035140118,0.05,-1.46,0.0047550172,0.38,0.07,4.48,0.56,-0.66,-0.0007034453,0.0210986694,-0.02,0.0117989109,8.373109116757676e-05,S&P,0.0094443226,-4.552310221817497e-05,-0.27,0.0093196157,0.0001573073732231736,0.0076907292,3.84,0.005987261,0.35,0.0051217399,-0.00010438282208616503,0.0025637584,0.4,0.1,3.795186069432033e-05,0.42,0.0017789192,0.0061706143,0.99,-0.06,0.0155564021,0.0032972979,2.72,2.72,2.7,-7.438502326124073e-05,0.02,0.64,2.35,5.05,5.07,5.07
2014-01-29,1774.199951,0.1530587609,2.0,-0.0102092324,0.0061406524,-0.0048762937,-0.0208754486,-3.8301028032,-3.5173613191,-3.4648646172,-3.6321268046,1807.98606929,1816.75477647,1805.47462671,1706.35081067,2.69,-6.635417263007351e-05,-0.51,0.78,-2.8673384579828315e-05,-0.52,-0.0067641809,1.52,0.41,5.07,-0.0103229935,-0.0526315789,-0.0440251572,0.94,-0.95,-0.44,-0.0113523973,-1.43,0.000463722,0.04,0.0107526882,-0.0113544372,0.04,1.06,0.0028251129,-0.64,0.07,4.43,-1.12,0.87,0.0082405952,-0.0259361133,-0.04,-0.0037675456,-2.3193283182001238e-05,S&P,-0.0080504571,-7.865778022022944e-05,-0.52,-0.0138723285,0.00011327933199166976,-0.0056455932,10.41,0.0055522543,-2.65,-0.0002980401,0.00012122683403599404,0.0055928632,2.53,-0.32,2.6177243691571202e-05,1.29,-0.0133184909,-0.0074604398,-0.67,-0.8,-0.0066770623,-0.0042603047,2.65,2.65,2.62,0.00016835675145258878,0.03,0.64,2.38,5.0,5.03,5.03
2014-02-10,1799.839966,-0.1228366601,6.801043660933703e-05,0.0015692346,0.0133018869,0.0124397929,-0.0020282225,3.3268432852,1.0260617882,-2.1134489604,-2.3084412531,1784.3487191,1794.37025034,1797.14083272,1711.59854609,2.7,-0.000121068308790966,0.29,-0.05,-0.0001207911750038133,-0.31,0.0021166806,1.48,-0.86,5.12,-0.0004912269,0.0666666667,0.0068027211,0.62,0.07,-0.11,0.0179148981,0.26,0.0003966287,0.07,0.0065644965,0.005407372,0.07,0.95,-0.0028909828,-0.13,0.1,4.48,-3.0496437440846743e-05,0.25,-0.0026616556,-0.0005815664,0.09,0.0021194455,-0.000192663784438132,S&P,0.0033061716,0.1111111111,0.03,0.0019523809,-1.0258705998135455e-05,-0.0117024175,-4.1,0.0047530944,1.34,0.0054153903,4.009018454433524e-05,0.0203326041,1.59,-0.1,-0.00015147116099905887,0.12,0.0114393491,-0.0012964603,0.19,0.55,-0.0055578402,0.0030281209,2.63,2.63,2.6,-9.271865456856179e-05,0.03,0.64,2.42,5.02,5.05,5.05
2014-02-11,1819.75,0.1169086034,1.0,0.0110621135,0.0015692346,0.0133018869,0.0124397929,3.6776464678,1.520223152,-1.3043740298,0.0302357638,1790.78531563,1796.78736935,1798.02746673,1712.67467996,2.75,6.241090477959686e-05,1.22,1.79,0.00014935077875080318,0.64,0.0109012332,1.54,0.05,5.14,0.0119368106,0.09375,0.0405405405,1.33,1.04,1.01,0.0131760222,0.88,-0.0006607857,0.05,0.0100543209,0.0103370604,0.05,-0.36,0.0017305584,1.91,0.1,4.5,1.21,0.85,0.0177819215,0.0025494333,-0.06,0.0121606975,-0.00010400473469174503,S&P,0.0098857865,-1.0569375686590095e-05,-0.06,0.0093231201,0.00015632151609023488,0.0147452976,5.35,-0.0038137313,0.62,-9.87179463741e-05,1.2132103619211932e-05,0.0084388487,0.73,0.13,-2.003318988599778e-05,0.4,0.0208630833,0.0203349859,1.13,0.99,0.0151697012,0.0123035524,2.7,2.7,2.65,4.10782993798013e-05,0.05,0.64,2.39,5.04,5.09,5.09
2014-02-12,1819.26001,-0.1008277063,2.0,-0.0002692623,0.0110621135,0.0015692346,0.0133018869,3.8603819518,2.5397396147,-1.3876378266,-1.0669535232,1795.96253279,1798.92762084,1798.86011549,1713.7352305,2.8,0.00017660370653380643,0.23,1.63,-6.66272765812597e-05,-0.01,0.0051782675,1.59,0.1,5.16,0.0003342468,-0.0001360862188271521,0.0324675325,-0.05,0.19,-0.13,-7.46287058626e-05,0.51,0.0001983668,0.05,0.0080711062,0.0024433577,0.01,0.93,-0.0043053546,0.68,0.09,4.54,0.09,-5.754303601873786e-05,0.0146978501,-0.0346610152,-0.33,0.0015671252,6.886322894563371e-05,S&P,0.0004350881,-0.1,1.41,0.0029933799,-3.479454091746008e-05,0.0026420741,-0.04,0.003789118,-0.55,0.0024346737,1.7059563292992803e-05,0.0029872448,-0.45,0.24,-9.532739146851844e-05,0.36,-0.0059159191,0.0064597487,0.49,0.33,-0.0015729847,0.0003446588,2.79,2.75,2.71,0.04,0.08,0.62,2.36,5.07,5.11,5.15
2014-02-13,1829.829956,-0.0110841215,3.0,0.0058100249,-0.0002692623,0.0110621135,0.0015692346,3.180272144,1.9864125969,0.074926169,-1.0035841629,1802.1202461,1801.87070038,1800.07461903,1714.8904019,2.73,0.00015045852116133126,-0.15,-0.44,5.256813053905834e-05,0.28,0.0016954605,1.51,-0.06,5.12,0.0053874375,-0.0857142857,-0.0503144654,0.89,0.4,-0.51,0.0158792193,1.2,0.0002974912,0.03,0.0037363223,0.0093732836,0.01,0.78,-0.001317176,0.7,0.08,4.49,0.23,1.23,-0.0053962534,0.0227630981,0.64,0.0088664638,-3.6183628635884195e-05,S&P,-0.0002174821,-0.1111111111,-0.27,0.0134653076,0.00023856560478976259,0.0038427535,8.32,-0.0004974152,1.47,0.0098001547,5.026630940383644e-06,-0.0054760403,-1.83,-0.78,4.404052548342387e-05,-0.93,0.0015148237,0.0059506846,0.2,0.73,0.0019693581,-0.0023370933,2.72,2.7,2.65,0.02,0.07,0.63,2.39,5.04,5.09,5.11
2014-02-14,1838.630005,-0.0531264535,4.0,0.0048092168,0.0058100249,-0.0002692623,0.0110621135,2.3154992452,3.1437425358,2.7001192515,-0.3933067486,1808.75838408,1805.37158654,1801.58659496,1716.12164173,2.75,-0.0001155174556903076,-0.01,0.74,-0.00013990339974865207,0.34,0.0063393464,1.53,0.32,5.13,0.0052744559,-7.644974454461318e-05,0.0132450331,1.25,0.59,0.59,-0.0008081058,0.17,0.0001982685,0.02,0.0002658335,0.0007899926,0.01,4.5,-0.0015099282,0.55,0.07,4.5,0.93,4.78,0.0059949328,0.000419916,0.09,0.0020679476,0.00013897269075182714,S&P,0.0032623097,-0.125,0.42,0.0012370921,-4.4501109704778105e-05,0.0293120529,-0.17,-0.0027422732,0.5,0.0028482979,0.00020013261696697184,0.0083144366,-1.17,-0.07,4.103064908088437e-05,1.38,0.0021608038,0.0068388492,0.6,0.27,0.0117924131,0.0006307169,2.74,2.73,2.68,0.01,0.06,0.63,2.38,5.06,5.11,5.12
2014-02-18,1840.76001,0.0983578136,1.0,0.001158474,0.0048092168,0.0058100249,-0.0002692623,2.273537913,5.6760182416,3.322927605,0.1120388892,1814.57686152,1808.74191258,1803.12280731,1717.3618245,2.71,5.141850475826836e-07,1.09,0.23,-0.00012040900727655031,-0.71,-0.0021727815,1.5,1.17,5.11,0.0035584475,-0.03125,-0.0196078431,-0.56,0.05,-0.04,0.0036765215,1.07,8.25954803753e-05,0.05,-0.0053163478,0.0067765385,0.02,0.28,-0.0019403679,0.08,0.08,4.47,-0.26,1.11,0.0129744921,-0.0103540281,0.36,0.0058469473,-9.318518786717501e-06,S&P,-0.00011342255141959044,0.1428571429,1.82,0.0106769167,0.00015285189466043289,-0.0004250452,0.43,-0.0012330997,2.45,0.0037617299,-0.00014182973783335206,0.0015209118,2.98,-0.38,4.971132183182454e-05,0.04,-0.0063605432,-0.0002711664,-0.09,0.28,-0.0034965035,0.0199291377,2.69,2.66,2.63,0.03,0.06,0.64,2.4,5.03,5.06,5.09
2014-02-19,1828.75,0.070287129,2.0,-0.0065244844,0.001158474,0.0048092168,0.0058100249,0.4945734304,4.1904085605,2.0223152022,-0.8162516867,1817.15379579,1810.64744472,1804.12779526,1718.47016456,2.73,2.3944129363902948e-05,0.08,0.24,-5.096811514898182e-05,-0.36,0.0023991764,1.53,0.01,5.14,-0.0062873464,0.064516129,0.02,-0.74,-0.65,-0.31,-0.0157878529,-1.0,0.0005450851,0.06,0.0024051311,-0.008151506,0.04,-0.21,-0.0004198613,-0.16,0.09,4.5,-0.56,-1.78,0.0034000256,-0.0177293627,-0.18,-0.0210293034,-4.0493567288843545e-05,S&P,-0.0130067632,0.125,-0.15,-0.0106846732,-6.626352380662112e-05,-0.0012756777,10.77,0.0026454999,1.35,-0.002019152,4.033205401727485e-05,0.0110841465,-0.47,0.07,-0.0001508406835513777,-0.71,-0.0057502334,2.79024980261e-05,0.18,-0.56,-0.0097465887,4.4184127528e-05,2.69,2.67,2.64,0.02,0.05,0.64,2.41,5.05,5.08,5.1
2014-02-20,1839.780029,-0.0700764972,3.0,0.0060314581,-0.0065244844,0.001158474,0.0048092168,1.127932175,5.031856617,3.69631833,-0.2753572651,1821.26765637,1813.42197655,1805.52592207,1719.67722789,2.76,0.00012351200090788894,0.11,-1.16,4.348328929240113e-05,0.35,0.0033148593,1.57,-0.15,5.15,0.0061096105,0.0303030303,0.0261437908,0.85,0.59,0.07,-0.0115749,1.15,0.0015022947,0.05,0.0063983474,0.0069844167,0.02,-0.35,0.0108296656,-0.52,0.08,4.52,0.52,1.3,-0.0119322826,0.0069663854,-0.11,0.0055886135,-6.0695530206414886e-05,S&P,0.002196398,-0.1111111111,-0.36,0.0113570536,-0.0001509840648436698,0.0151144869,-1.38,-0.0002052535,-0.73,-0.0006166798,0.0001389409408005278,-0.0017605032,-2.37,0.11,-0.0001262664154628439,-0.36,0.0080750546,-0.0042650087,0.36,0.47,-0.0110235827,0.0023981939,2.74,2.71,2.68,0.03,0.06,0.63,2.39,5.07,5.1,5.13
2014-02-21,1836.25,-0.0003230562,4.0,-0.0019187234,0.0060314581,-0.0065244844,0.001158474,0.350854678,3.5422849556,2.3442366964,0.4260437289,1823.99171885,1815.59607402,1806.73078787,1720.83715597,2.73,-5.047780171913774e-05,0.5,0.93,0.00022207959958086814,-0.25,0.0058707111,1.56,-0.41,5.11,-0.0009682431,-0.0294117647,-0.0063694268,0.04,-0.11,-0.32,-0.0111079846,0.29,0.0011538779,0.05,0.0060927152,-0.0009700295,0.02,0.44,0.0030442638,0.61,0.08,4.44,-0.04,0.05,0.0077770623,-0.0086906178,0.16,0.0005209969,-1.3933910011041553e-05,S&P,-0.0006575279,0.00011986775228061203,0.36,0.0021598544,-2.910594943560404e-05,-0.0035651042,1.17,9.764346251e-06,-0.97,-0.0008497323,-0.00014158342602380003,-0.0117304462,2.84,-0.2,0.0002637893035709965,1.43,-0.0093093746,0.0039610335,0.39,-0.19,-0.0071656048,0.0036841477,2.71,2.68,2.65,0.03,0.06,0.67,2.38,5.03,5.06,5.09
2014-02-24,1847.609985,0.1793982162,6.155616957279627e-05,0.0061865133,-0.0019187234,0.0060314581,-0.0065244844,0.4884060401,2.8152143235,3.6475028044,3.2017128371,1828.28594906,1818.64501793,1808.33389364,1722.09857715,2.75,1.3571372061863097e-05,0.35,-0.9,-5.376477175402926e-05,0.57,0.0086896376,1.57,0.72,5.13,0.006075458,0.0606060606,0.0064102564,1.03,0.64,0.68,0.0043789149,0.75,0.0013171977,0.05,-0.007635624,0.0069334307,0.02,1.14,0.0007474986,0.26,0.08,4.45,0.58,0.82,-0.0079616171,0.0144768395,-0.04,0.0072903661,-0.0001722265405258701,S&P,0.010526404,-0.00020226989144528137,0.69,0.0085177644,-7.343780132633711e-05,0.0148374515,-11.25,0.0019646181,1.21,-0.0016967087,-1.1346800261270473e-05,-0.0175082559,0.07,0.12,6.291834042406354e-05,-0.18,-0.0044798515,0.0053837116,1.05,0.64,0.0140336803,0.0040654281,2.73,2.7,2.67,0.03,0.06,0.68,2.38,5.05,5.08,5.11
2014-02-25,1845.119995,-0.1242910129,1.0,-0.0013476816,0.0061865133,-0.0019187234,0.0060314581,0.2368578726,2.5157808392,5.9263202103,3.5676560933,1831.34668469,1821.16644431,1809.77648585,1723.32267086,2.7,-6.287880741402442e-05,-0.23,-0.16,-1.1219820357805205e-05,-0.01,-0.0010364208,1.53,-1.02,5.08,-0.0015178387,-0.0285714286,-0.025477707,0.28,0.01,-0.2,-0.0104066,0.14,0.0011510318,0.05,-0.0039797825,-0.001253298,0.04,-0.39,-0.004787617,0.24,0.08,4.39,0.01,-0.77,-0.0031874013,0.0185911877,0.08,-0.0172324663,5.4620695263696634e-05,S&P,-4.4204848856294336e-05,5.272206531441523e-05,-0.63,-0.0005109174,-3.026500449830355e-05,-0.0013480298,-6.41,-0.0003023812,-1.6596810458755627e-05,0.001415826,1.9400091981005438e-05,-0.0204494277,1.08,-0.25,-0.00027572479003494185,0.73,8.165761763420167e-05,-0.000987834,-0.06,0.01,-0.0007908659,-0.0051559013,2.66,2.65,2.62,0.01,0.04,0.69,2.38,5.0,5.03,5.04
2014-02-26,1845.160034,0.0572227469,2.0,2.16999436939e-05,-0.0013476816,0.0061865133,-0.0019187234,0.8973361039,1.3963475203,5.1253467133,2.9377982706,1833.85820274,1823.45154809,1811.16407598,1724.53498293,2.67,0.0001242775108817503,-0.45,0.31,-5.566829534293692e-05,-0.18,-0.0039957979,1.5,0.01,5.05,-0.0003689775,-0.0294117647,-0.0196078431,-0.75,-0.23,-0.58,-0.0090219762,0.41,0.0042867701,0.05,-0.0018646776,0.0010425939,0.04,-3.23,0.0022696857,-0.36,0.08,4.37,-0.06,-2.66,0.0053877833,0.0041303331,-0.42,-0.0049096792,5.53625767855147e-05,S&P,-0.0006511067,5.6572045369466755e-05,-2.07,0.0066186978,0.00030129256226721715,-0.0053992006,-4.73,-0.0032395932,-1.92,0.0012175098,7.524622649364944e-05,0.0034583464,0.0001589068870088948,0.44,-4.394529566835126e-06,0.37,2.7623830287362334e-05,-0.0038785219,-0.35,-0.4,0.0011871389,-0.0045823593,2.63,2.62,2.59,0.01,0.04,0.68,2.38,4.97,5.0,5.01
2014-02-27,1854.290039,-0.0455427217,3.0,0.004948083,2.16999436939e-05,-0.0013476816,0.0061865133,0.7886817865,1.9255097571,5.8602237401,4.5141523059,1837.57308206,1826.38854723,1812.85529021,1725.82607802,2.65,-9.955082356213782e-05,0.04,1.11,-2.336609958394291e-05,0.66,-0.0001182692,1.49,-0.51,5.01,0.0046231685,8.873552795729741e-05,-0.0066666667,0.05,0.65,-0.03,0.0199478554,0.7,3.27085990906e-05,0.04,0.0104083264,0.0062604243,0.04,-0.13,0.0047005116,-0.78,0.07,4.33,0.58,0.14,0.0174146536,0.0009172235,0.15,-0.0010572863,9.430189307982715e-05,S&P,0.00014264090827238355,-0.125,-1.01,0.0052634889,0.00015194615093935148,0.000521923,-7.09,0.0014586588,-2.48,-0.0005336618,-4.505696778725206e-05,0.0029883473,-0.27,-0.27,-1.3524489083173821e-05,0.17,0.0027439359,-0.0075970232,-0.03,0.76,0.0079051782,0.0016324876,2.61,2.61,2.58,3.2783528938239898e-06,0.03,0.68,2.36,4.94,4.97,4.97
2014-02-28,1859.449951,0.1042971591,4.0,0.0027826887,0.004948083,2.16999436939e-05,-0.0013476816,1.2634418516,1.6187293744,4.8504815178,3.6372966155,1841.5506946,1829.53725235,1814.68253181,1727.15566879,2.66,0.00011353886739149893,-0.22,0.64,-2.1889127740755487e-05,0.25,0.0026589863,1.51,0.1,5.01,0.0026977588,5.1000079319663176e-05,0.0134228188,-0.38,0.19,-0.41,-0.0027101236,-0.45,0.0005887355,0.05,0.0118858951,-0.0025029483,0.04,-0.52,-0.0011673851,0.69,0.08,4.32,0.22,-0.28,0.0003846671,0.0054702496,0.69,0.0022931911,0.00012334011047785508,S&P,0.0080347233,0.1428571429,0.09,-0.0041331315,1.2134198456100851e-05,0.004486655,2.17,-0.0018475546,1.69,0.0014188584,5.882652378415756e-05,0.0043705182,-0.67,-0.93,-0.0002033855057848903,-0.08,0.0083187609,0.0108204452,0.14,-0.17,-0.0011765098,-8.80445820548e-05,2.62,2.61,2.58,0.01,0.04,0.69,2.35,4.93,4.96,4.97
2014-03-03,1845.72998,-0.1248848103,0.00012022760430485529,-0.0073785105,0.0027826887,0.004948083,2.16999436939e-05,-0.101753347,0.3861557236,2.7105964017,3.5420380011,1842.31056467,1831.07941689,1815.9000788,1728.33551269,2.6,-7.816913781581439e-05,-1.39,-1.69,-7.307869355373363e-05,-0.2,-0.0265897985,1.46,1.95,4.97,-0.0092146173,-0.0303030303,-0.0331125828,1.85,-0.78,0.1,0.0028884845,0.56,0.0027294718,0.05,-0.0138345598,-0.0071540048,0.04,0.16,-0.0054481705,-3.02,0.08,4.29,-0.98,0.94,-0.0147257342,-0.0064070891,-0.49,-0.0107356741,-0.00010194975605282527,S&P,-0.0058163725,-0.00018364947901003683,-0.59,-0.005638102,7.275862638601467e-05,-0.0079983071,-2.54,-0.0078836646,5.68,0.0022250206,0.0001610440524172494,0.0092073562,-1.55,0.35,0.00014105224826488003,-0.64,-0.0060790814,-0.0343775977,-2.61,-0.72,-0.0137415789,-0.0148758815,2.56,2.55,2.52,0.01,0.04,0.68,2.37,4.89,4.92,4.93
2014-03-04,1873.910034,0.0984621757,1.0,0.0152677013,-0.0073785105,0.0027826887,0.004948083,1.5603342372,1.8008878844,4.1153696662,7.5791248508,1848.05592273,1835.15852328,1818.174979,1729.78401539,2.7,-1.4968146187002099e-05,1.71,0.92,3.6911943926631146e-05,0.21,0.0244775027,1.54,-1.71,5.05,0.0155065773,0.03125,0.0547945205,-1.18,1.55,0.15,0.006593855,2.59,0.0001955958,0.05,0.0166755166,0.0174573711,0.06,-1.21,0.0015548163,2.25,0.08,4.37,1.44,-1.12,0.0069758339,0.0114514287,0.07,0.0186799327,6.356287181576121e-05,S&P,0.0127843981,-6.716283695419046e-05,1.27,0.0274491137,9.263262042020469e-05,0.0106805969,3.9,0.001056246,1.38,-0.0036337835,-1.1641740780676005e-05,-0.0018129064,1.44,0.49,-0.00014150718624050303,6.187930067631121e-05,0.0194407824,0.0246034254,2.46,1.31,0.0210986855,0.0172022993,2.64,2.65,2.62,-0.01,0.02,0.68,2.35,4.97,5.0,4.99
2014-03-05,1873.810059,-0.0989917069,2.0,-5.3351e-05,0.0152677013,-0.0073785105,0.0027826887,1.5527122023,2.4639813534,2.9707409809,6.7576407994,1852.73849296,1838.83962192,1820.35674685,1731.21711035,2.7,1.2581571747075144e-05,-0.66,-0.43,9.886395058234193e-06,0.29,-0.0010577816,1.54,-1.41,5.06,-0.0006796858,0.000142851989095319,3.700377653095889e-05,0.19,0.05,0.4,0.0021083278,-0.1,-0.0004400046,0.06,-0.00781044,0.0013786859,0.06,0.24,0.0007581501,-0.53,0.09,4.38,-0.16,-0.05,-0.0034359975,0.0232756283,-0.08,0.015717814,-2.0226013433781576e-05,S&P,0.0074881897,0.125,-0.25,-0.0022669838,-7.058519240292419e-05,-0.0281806267,-3.09,0.0075533268,-0.45,-8.33916775108e-05,-2.744346714094693e-05,-0.0088772178,0.27,-0.03,-6.067548149266336e-05,0.49,-0.0080351407,-0.0049150194,-0.14,0.31,0.0109161793,-0.0070928082,2.64,2.64,2.61,-7.905094377470721e-05,0.03,0.68,2.36,4.97,5.0,5.0
2014-03-06,1877.030029,-0.0095903613,3.0,0.0017184079,-5.3351e-05,0.0152677013,-0.0073785105,1.2263448286,2.0246985734,3.175467975,7.1584351194,1857.15513588,1842.47680355,1822.5792285,1732.66798516,2.74,1.0809578699559638e-05,0.21,0.42,0.00012576612819194746,0.72,0.0058730519,1.57,0.32,5.11,0.004071386,0.1212121212,0.0194805195,1.04,0.2,1.16,-0.0030243218,-0.09,-0.0009130038,0.05,0.0010496195,-0.0013401496,0.06,1.43,-0.0053932179,0.04,0.08,4.42,0.37,1.32,0.0054558286,-0.000563931,0.93,0.0127235557,1.0865735765293344e-05,S&P,0.0053089828,-0.1111111111,0.71,-0.0011360673,1.401797112689684e-05,-0.0004264499,3.07,0.0018496741,0.98,0.0031265487,3.0183934409468534e-05,0.0031629963,1.61,-0.73,0.00012479270726375956,0.19,0.0032401233,8.9141087716e-05,0.63,-0.17,0.0111839182,0.0019334797,2.68,2.69,2.66,-0.01,0.02,0.69,2.37,5.03,5.06,5.05
2014-03-07,1878.040039,0.0607924534,4.0,0.0005380894,0.0017184079,-5.3351e-05,0.0152677013,0.9997627519,2.2758360245,2.6346755797,5.8987375772,1860.95239099,1845.86377835,1824.75416224,1734.11447326,2.8,0.00011848231204367169,-1.01,-0.15,0.0001895181026856119,-0.07,-0.0114601898,1.65,0.83,5.14,-0.0012929884,0.027027027,0.050955414,-0.82,0.09,-0.19,-0.000584017,0.05,-0.0031657963,0.06,-0.0065530796,-0.0036556051,0.06,-2.99,-0.0038537567,-1.92,0.09,4.46,0.2,-2.47,-0.0018711414,-0.0002687178,0.12,0.0084889641,1.6309576812659072e-06,S&P,0.0128855302,0.125,-3.66,-0.001012912,-8.504092156328698e-05,0.0131185577,-0.94,0.0064962441,1.06,0.0013565364,-8.181763264227584e-05,-0.0008108079,1.12,-0.3,-6.90552094073882e-05,-0.16,0.004629142,-0.0201323202,-1.15,-0.48,-0.0034324944,-0.0111659137,2.74,2.74,2.71,5.6844566569435295e-05,0.03,0.68,2.34,5.05,5.08,5.08
2014-03-10,1877.170044,-0.1524346797,-1.0882789698763853e-05,-0.0004632462,0.0005380894,0.0017184079,-5.3351e-05,1.7033945561,1.5999079481,2.0961280353,4.4601631094,1863.90105517,1848.84532746,1826.80968702,1735.53791177,2.79,1.213810956755274e-05,-0.55,-1.8,-0.00011322109329922804,-6.880342787369023e-05,0.0010122531,1.64,-0.84,5.15,-0.0024505313,-0.0263157895,-0.0060606061,-0.08,-0.04,-0.58,0.0009048375,0.08,0.0012277772,0.05,-0.0021108706,-0.0004081942,0.05,0.12,0.0093485167,-1.0,0.08,4.46,-0.21,-0.38,-0.0174559571,-0.0041122373,-0.01,-0.0033670201,-5.170369079168479e-06,S&P,0.0041710322,-0.1111111111,-1.43,-0.0023101977,-0.0001531984148156265,0.0053690074,0.71,0.001533543,-2.12,-0.000636135,0.00011794013980286727,-0.0285936102,-0.85,-0.02,8.30376686284181e-05,-1.34,0.001393024,-0.0091169158,0.14,0.09,-0.0034442405,-0.0034561643,2.74,2.74,2.71,-6.805150392800808e-05,0.03,0.69,2.36,5.07,5.1,5.1
2014-03-11,1867.630005,0.1228093402,1.0,-0.005082139,-0.0004632462,0.0005380894,0.0017184079,-0.335129696,1.2199753979,1.4597228783,3.7664481443,1864.57904605,1850.63434437,1828.4104838,1736.85226096,2.77,7.237503108479046e-05,0.02,0.18,-4.671043627368218e-05,-1.4467707600328462e-05,-0.0048319384,1.62,0.43,5.14,-0.0057705393,-0.00016691693051658682,-0.012195122,0.81,-0.64,-0.48,0.0097378084,-1.29,0.0020437861,0.05,0.0052882073,-0.0062892069,0.06,-0.45,0.0023357743,0.36,0.08,4.46,-0.47,0.1,0.000210182,-0.0046149894,-0.13,-0.0170608443,-4.98978595744684e-05,S&P,-0.0070612873,9.693407914062459e-05,-2.57,-0.0112366015,9.875760489629362e-05,-0.0156020733,-0.99,0.0004457602,2.89,-0.0054413702,-2.8663314213682003e-05,0.0010465098,0.33,0.07,6.720959380154815e-05,0.45,0.0004280471,0.0045642479,-0.51,-0.51,-0.0053763823,-0.000597952,2.71,2.72,2.69,-0.01,0.02,0.68,2.37,5.06,5.09,5.08
2014-03-12,1868.199951,-0.035827143,2.0,0.0003051707,-0.005082139,-0.0004632462,0.0005380894,-0.2993957671,1.2486676806,2.1572085304,2.6624509411,1865.23739241,1852.30725929,1829.97085507,1738.15920315,2.73,-4.550298487137996e-05,-0.51,-1.44,-2.4270291910775825e-05,0.65,-0.0099915505,1.59,-0.49,5.11,-0.0006377943,-1.3959610092803593e-05,-0.0185185185,1.27,0.13,0.11,0.0009700032,0.54,0.000261071,0.05,0.0065754866,0.0037472545,0.05,2.62,-0.0005128528,-1.02,0.08,4.42,0.02,2.01,-0.0165095018,0.0049346781,0.32,-0.0046399898,1.8501446464805475e-05,S&P,0.0064839572,1.597559034772817e-05,-0.16,0.0036392282,-4.829257802303026e-05,0.0021274013,-2.5,-0.00383591,3.95,-0.0011634587,-5.8955498521894325e-05,-0.0017314809,-2.5,-0.5,-3.850457552212984e-05,-1.63,0.0011765965,-0.0127956914,-0.98,0.49,-0.0054054054,-0.0096627175,2.68,2.68,2.65,1.2596180667864176e-05,0.03,0.69,2.38,5.03,5.06,5.06
2014-03-13,1846.339966,0.1223317415,3.0,-0.0117010949,0.0003051707,-0.005082139,-0.0004632462,-1.6350331388,-0.4287394546,0.3565609419,1.4885148825,1861.8014967,1851.73894564,1830.61278098,1739.23562865,2.66,-0.0001349933794366377,-1.1,-0.71,-7.168168634801805e-05,0.21,-0.0129462696,1.53,-0.58,5.05,-0.0116374041,-0.0810810811,-0.0377358491,0.26,-1.12,0.5,-0.0111067166,-1.34,0.0007993214,0.05,-0.0099294748,-0.0145513192,0.06,-0.75,0.0007291648,-1.96,0.08,4.35,-1.36,-0.52,-0.0066600986,0.0023472776,-0.25,-0.008632597,-8.191068423146357e-05,S&P,-0.0058187657,7.888029892033993e-05,-1.19,-0.0122799844,-0.0001148118269999215,-0.0060503132,-2.38,-0.0005542493,-1.75,3.3693e-05,2.906581561871925e-05,0.0107218454,-0.54,0.11,0.00018078594064378827,0.14,-0.0064102352,-0.0185989932,-1.31,-1.5,-0.0163043478,-0.0101345887,2.6,2.61,2.58,-0.01,0.02,0.7,2.39,4.97,5.0,4.99
2014-03-14,1841.130005,-0.1050207165,4.0,-0.0028217777,-0.0117010949,0.0003051707,-0.005082139,-1.9653486206,-0.9852346921,0.265759292,0.6175463989,1858.04304366,1850.72857034,1831.02522114,1740.24950304,2.65,-4.848409931020522e-06,-0.53,-1.12,-4.5624626086480087e-05,-0.07,-0.0080318952,1.55,1.1,5.05,-0.0012294111,0.0588235294,0.0130718954,0.85,-0.37,-0.03,-0.0112315668,0.43,-0.0014506691,0.05,-0.0050144631,-0.0035254788,0.05,1.02,-0.0035442173,0.34,0.08,4.37,-0.34,1.46,-0.0099553708,0.0060024762,0.32,-0.0107976144,6.03361698745287e-06,S&P,-0.0091972826,-1.284298923382994e-05,0.77,0.0039686286,-1.019611451024794e-05,-0.0018154421,0.96,-0.0097584039,2.16,0.0002328346,-3.744964563544707e-05,-0.0073160779,-3.59,-0.3,0.00014977986590340543,-0.41,-0.0020430323,0.0042826587,-0.79,-0.64,-0.0090765193,-0.0039518911,2.6,2.6,2.57,-9.928237853782499e-05,0.03,0.68,2.4,4.97,5.0,5.0
2014-03-17,1858.829956,-0.1293487061,1.4738552834010145e-05,0.0096136345,-0.0028217777,-0.0117010949,0.0003051707,-0.9770072806,0.7097449866,0.6072694503,1.0986414311,1858.18611863,1851.50013088,1832.1156029,1741.42940804,2.7,0.00011347266709887733,0.75,-0.53,3.147062349321306e-05,0.34,0.0131842894,1.58,-2.15,5.1,0.0089391091,0.0555555556,0.0193548387,-1.11,0.96,0.63,0.0039071339,0.98,0.0023015899,0.06,0.0092837663,0.0081382894,0.05,-1.37,0.0015707799,1.43,0.08,4.41,1.08,-1.44,-0.0030428304,0.0034784049,0.06,0.0137324474,8.393254338615654e-05,S&P,0.0154008221,4.866234127157407e-05,-0.37,0.0057727172,0.0001316349040503001,0.0090938161,2.51,-0.0044212714,-1.75,0.0010478126,6.277635133428471e-06,0.0096460654,0.35,0.11,-5.201052893607957e-05,0.5,0.0120676869,0.0137449044,1.26,0.84,0.0127438864,0.0062041392,2.65,2.64,2.62,0.01,0.03,0.69,2.4,5.02,5.04,5.05
2014-03-18,1872.25,0.0243664547,1.0,0.007219619,0.0096136345,-0.0028217777,-0.0117010949,0.2473720698,-0.0885866434,1.4703653461,1.7107058948,1860.74318797,1853.47630889,1833.68950083,1742.73110548,2.68,-5.8291874371196033e-05,0.46,0.76,-0.00010743621080576056,0.67,0.009667648,1.56,0.52,5.1,0.0062089759,-0.0526315789,-0.0126582278,-0.78,0.7,0.46,0.0088468256,1.44,0.0045437519,0.05,0.0394218144,0.012467403,0.07,-1.94,-0.0033078857,0.65,0.07,4.41,0.59,-1.7,0.0051015665,0.0099455522,0.09,0.0083362102,-0.00012048981714860222,S&P,0.0056098274,-0.125,-0.27,0.0141471426,5.70523922538185e-05,0.0041348494,-1.76,0.0052205565,2.56,-0.0001994889,2.9033012886751505e-05,0.000752627,0.49,-0.03,4.0103147827120335e-05,0.6,0.0001064836,0.0067161418,0.98,1.18,0.0086511994,0.0056177918,2.61,2.63,2.61,-0.02,8.031255579005459e-05,0.69,2.42,5.03,5.05,5.03
2014-03-19,1860.77002,0.1225244779,2.0,-0.0061316491,0.007219619,0.0096136345,-0.0028217777,-0.3977053418,-0.6959103959,0.8459963208,1.7509238551,1860.74806652,1854.17094804,1834.75148197,1743.90562204,2.78,-7.121994874564789e-05,-0.35,-0.11,-2.7143929887812998e-05,-0.72,-0.0012055168,1.75,-0.88,5.15,-0.00784761,0.3055555556,0.1217948718,-1.83,-0.59,-0.94,-0.0002634155,-0.6,0.0022534937,0.06,-0.0070796209,-0.0059330998,0.07,-0.17,0.0063121722,0.46,0.09,4.45,-0.72,-1.06,-0.0006861977,-0.0146262327,-0.72,0.0041336203,-7.569560870060778e-05,S&P,-0.0121901028,0.2857142857,1.14,-0.0077839779,9.795273381637076e-05,-0.0103473341,0.63,-0.0041135196,3.43,-0.0024730741,-6.691551617589888e-05,-0.0017094819,0.56,0.86,1.5391243151169308e-06,0.04,-0.0037258462,0.0037327362,-0.08,-0.53,-0.0144249123,-0.004874829,2.71,2.72,2.69,-0.01,0.02,0.7,2.37,5.06,5.09,5.08
2014-03-20,1872.01001,0.0116532541,3.0,0.0060405047,-0.0061316491,0.007219619,0.0096136345,1.3903205516,-0.267444789,0.9556202443,1.7518388336,1862.79569261,1855.86990633,1836.21260072,1745.18029257,2.79,-0.00019986888100970537,-0.34,-1.78,-3.9968913339529815e-05,-0.33,0.0046076649,1.73,0.57,5.13,0.0039760983,-0.0425531915,-0.0114285714,-0.22,0.75,-0.03,-0.0048187422,0.34,0.0019249122,0.06,0.0269926662,0.0027137944,0.06,-1.9,0.0105771132,0.1,0.09,4.44,0.78,-1.6,-0.0179208523,-0.0114138999,-0.39,0.031046347,0.00019035474459651612,S&P,0.0255176318,-1.3470938184947268e-05,-1.72,0.0027682927,4.711910081008138e-05,0.0090685903,-2.56,0.0101340692,-1.29,-0.0035558372,-1.2873110682259682e-05,-0.0139756293,-2.01,0.37,-2.7501337425708278e-05,-1.29,0.0056630732,0.002055644,0.45,0.47,-0.0003956092,-0.0046705809,2.73,2.73,2.7,0.0001173901527148176,0.03,0.69,2.34,5.04,5.07,5.07
2014-03-21,1866.52002,0.5839659328,4.0,-0.0029326713,0.0060405047,-0.0061316491,0.007219619,1.3790452022,-0.6134064642,0.3802236783,1.648469435,1863.47284304,1856.88420287,1837.40112696,1746.38765304,2.75,5.465339007099808e-05,0.24,1.35,2.1392301439334185e-05,0.04,0.0017028147,1.73,0.44,5.07,-0.0008153747,0.00018707308522795046,-0.00012575854920143068,0.46,1.04,0.48,0.0078872271,0.42,0.0038101388,0.06,-0.0042152738,-0.00983958,0.05,-0.58,-0.0004001601,0.53,0.08,4.39,0.98,0.2,0.0120166716,-0.0226305824,0.11,0.0009981201,-3.197367242541195e-05,S&P,0.0018356109,-0.1111111111,0.6,-0.0043704105,-0.00017274038232195556,-0.0028547684,-1.28,-0.0005953468,-2.0,-0.0018326336,0.00012298748326173843,0.0271585579,0.8,-0.08,0.00010366393432297634,0.92,0.0192307367,0.0050365435,0.18,0.97,0.00514444,0.0022622116,2.7,2.69,2.67,0.01,0.03,0.68,2.32,4.99,5.01,5.02
2014-03-24,1857.439941,-0.3532180674,-4.85022853365277e-05,-0.0048647102,-0.0029326713,0.0060405047,-0.0061316491,-0.0747790294,-1.0510557135,0.6344352168,0.5320363107,1862.37595176,1856.93713031,1838.18696281,1747.49265093,2.74,6.385523736543481e-05,-1.72,1.75,8.64351930943916e-05,0.07,-0.013595418,1.76,-0.1,5.03,-0.0029021862,0.0444444444,0.0173410405,-1.87,-2.31,0.56,0.0118603679,-1.2,-0.0004020844,0.06,0.0084661355,-0.0117845163,0.05,-1.01,-0.0013610889,-1.48,0.08,4.35,-1.8,-1.82,0.0191144166,-0.0243191978,0.33,0.0149576538,-0.0001548436948916785,S&P,-0.0028501426,3.7757246928057785e-05,-0.13,-0.012984511,0.00012972217335605182,0.0034991094,-0.86,-0.0016209927,3.05,-0.001121225,8.685448105500274e-05,0.00911304,1.11,-0.27,-1.290208003794341e-06,0.5,-0.0076097467,-0.0165013253,-1.45,-3.31,0.0003937008,-0.005612196,2.69,2.68,2.66,0.01,0.03,0.68,2.29,4.95,4.97,4.98
2014-03-25,1865.619995,-0.0611440305,1.0,0.00440394,-0.0048647102,-0.0029326713,0.0060405047,-0.3541196421,-0.1076235654,-0.4423925829,1.1110388514,1862.96577781,1857.7640698,1839.26276799,1748.66804739,2.75,-2.168807476830641e-05,1.27,-0.33,-6.69370660345759e-05,0.41,0.015850067,1.76,0.17,5.03,0.0053078251,0.00016630123588996454,1.0801088643745095e-05,0.11,0.53,0.35,0.0107568312,0.09,-0.0046982349,0.05,-0.0039506173,0.0018644476,0.05,-0.44,-0.0025566334,1.52,0.08,4.36,0.59,0.15,-0.0052241399,0.0081284211,-0.09,-0.0022924513,-0.00015412884776500155,S&P,-0.0004083503,0.00010093269189930424,1.87,-0.000152713,-7.637489286345567e-06,0.0028529692,3.16,-0.0003325085,-0.56,0.0004948388,-4.0668023345721546e-05,0.0004994398,-0.97,0.19,0.00011120015371664332,-0.1,0.0228991604,0.016284102,1.61,0.35,0.0114128689,0.0129593278,2.7,2.7,2.67,-0.00012683794475069432,0.03,0.67,2.28,4.95,4.98,4.98
2014-03-26,1852.560059,0.0875752993,2.0,-0.0070003195,0.00440394,-0.0048647102,-0.0029326713,-0.4412130952,-0.8371637089,-1.1340530433,0.401050579,1861.07382893,1857.26844973,1839.78423038,1749.70179875,2.71,0.00013861065466872334,0.11,0.63,1.883170420249961e-05,0.16,0.0094449011,1.7,0.04,4.99,-0.005538916,-0.0425531915,-0.0340909091,-0.53,-0.9,0.62,-0.0095598123,-2.03,0.0009376162,0.05,-0.0136340853,-0.0143330354,0.05,-0.98,-0.0028579084,1.23,0.07,4.33,-0.73,-1.2,0.0071520061,-0.0318569741,-0.32,-0.0169046118,-3.589773589461309e-05,S&P,-0.0093954046,-0.125,-1.18,-0.01915034,6.799230354656155e-05,-0.0022126961,-0.2,0.0007631865,-1.69,0.0020996001,-6.86566870551635e-05,-0.0017612797,0.91,0.29,6.940362356989198e-05,1.4,-0.0033887247,0.011798561,0.96,-1.41,-0.0031128403,6.05464134102e-05,2.66,2.66,2.64,8.69093639661046e-07,0.02,0.66,2.28,4.92,4.94,4.94
2014-03-27,1849.040039,0.0725627361,3.0,-0.0019000841,-0.0070003195,0.00440394,-0.0048647102,-1.2270218042,0.1462392111,-1.4911849873,-0.2831272287,1858.88586713,1856.48479156,1840.14720327,1750.69023895,2.69,-2.8663766027235116e-05,-0.21,-0.19,-9.303805713756601e-05,0.95,-0.0013887423,1.7,0.75,4.95,0.0013591648,-0.0001408239836134636,-0.00022863497644856962,-0.99,-0.11,0.42,-0.00429804,-0.28,0.0012436003,0.04,-0.0108067351,-0.0053551382,0.02,0.06,-0.0059471563,0.13,0.06,4.29,0.02,-0.1,-0.0024351878,-0.0143851459,-0.31,0.000333823,-4.893436611576664e-06,S&P,0.0123710928,-0.1428571429,0.9,-0.003505049,0.00011472807065943317,0.0162618907,4.13,-0.0037347019,1.88,0.002652268,-2.2871244483774763e-05,-0.0082774424,1.74,0.16,6.400025792059074e-05,0.41,0.0023698711,0.0002783363,-0.1,-0.52,0.0074160028,-0.0025736909,2.67,2.65,2.63,0.02,0.04,0.66,2.26,4.89,4.91,4.93
2014-03-28,1857.619995,-0.2083633549,4.0,0.0046402219,-0.0019000841,-0.0070003195,0.00440394,-0.4768245132,0.8956450634,-1.0873061051,-0.0984138346,1858.65570856,1856.59290617,1840.83241079,1751.75421662,2.73,0.00017081096388492264,0.38,1.11,-3.180577369541208e-05,-0.14,0.0073531092,1.74,0.22,4.98,0.0059218239,0.00011716681573696613,0.0235294118,0.22,0.54,-0.14,-0.0011163845,-0.00010160040767210124,0.0005645708,0.04,0.0238820624,0.0010911913,0.03,0.01,-0.0062170003,1.39,0.06,4.31,0.36,0.56,0.0105832795,-0.0005317812,0.09,0.0020027204,6.989870944476391e-05,S&P,0.003869715,-8.607476347140196e-05,0.72,0.0003214393,1.0523679207802032e-05,0.0151703972,-2.16,0.0023944634,-2.16,0.0018773146,-9.709695997249197e-05,-0.0023824907,0.41,0.05,-8.737909883738728e-05,0.1,0.0016447677,0.0143876255,0.7,0.25,0.0027121272,0.0041437539,2.7,2.69,2.67,0.01,0.03,0.67,2.25,4.92,4.94,4.95
2014-03-31,1872.339966,0.1078591923,-9.228630681330053e-05,0.0079241024,0.0046402219,-0.0019000841,-0.0070003195,0.802180715,0.7268018226,-0.2573063647,1.4417052488,1861.14375537,1858.09262616,1842.06800119,1752.95407482,2.73,-0.00010593299153623845,-0.18,0.29,0.00014158553212529674,0.17,-0.004479393,1.73,-0.29,4.99,0.0089027858,-0.0222222222,-0.0057471264,-0.75,0.76,0.17,-0.0002235369,1.49,0.0006932241,0.05,0.017121663,0.0104025426,0.03,-0.09,0.0020308987,-0.17,0.07,4.32,0.82,-0.3,0.0038762383,-0.005675645,0.13,0.0111591937,7.863042281530017e-05,S&P,0.009129661,0.1666666667,-0.42,0.0184318411,0.00010059526119953881,-0.0002046776,-2.54,0.0104456711,0.29,0.0035163798,0.00012952566558551592,-0.0041171359,0.88,-0.25,5.992698551069912e-05,0.23,0.0081075635,-0.0032627154,-0.42,0.65,0.0003863988,-0.0025999449,2.7,2.68,2.66,0.02,0.04,0.67,2.26,4.92,4.94,4.96
2014-04-01,1885.52002,0.01890175,1.0,0.0070393488,0.0079241024,0.0046402219,-0.0019000841,1.0666708683,0.7087739351,0.9578993137,0.6195594126,1865.57580348,1860.7047589,1843.77200193,1754.27313895,2.77,6.3779886058138655e-06,0.66,1.23,-2.6073065341373737e-06,-0.43,0.0080200877,1.74,-1.99,5.03,0.005370562,-4.470666964125941e-05,0.0057803468,-0.4,0.71,-0.19,0.0091478635,1.32,-0.0016593633,0.04,0.0104902654,0.0164443833,0.02,-0.32,-0.0021715527,0.25,0.06,4.3,0.46,-0.05,0.0134295383,0.0196806942,0.17,-0.0006588865,-0.00011962450681537543,S&P,0.0006030961,-0.1428571429,0.3,0.0133498529,-7.256714134926824e-05,0.0005119062,-2.17,0.0040595851,-1.69,-0.0019962331,-2.1340807585896223e-05,0.0069610431,-0.47,-0.16,-0.00021145877639493934,0.56,-0.002952265,0.0050021195,0.74,1.78,-0.0007724218,0.0082141423,2.75,2.73,2.71,0.02,0.04,0.73,2.26,4.97,4.99,5.01
2014-04-02,1890.900024,-0.0613064604,2.0,0.0028533264,0.0070393488,0.0079241024,0.0046402219,2.0695666418,1.6192223475,1.215077272,0.912043615,1870.18020721,1863.58049844,1845.62015966,1755.63261045,2.82,-0.00010049311685800709,0.31,0.45,1.535024357113808e-05,-0.75,0.0009351501,1.8,-0.79,5.07,0.0030763034,0.0681818182,0.0344827586,0.83,0.28,0.02,0.0016615711,0.24,-0.0001936452,0.02,-0.0016900049,0.0019727842,0.02,1.83,9.06782734857e-05,0.43,0.06,4.34,0.23,1.22,0.0033588106,-0.0030030002,-0.2,-0.0031316632,-3.3464266031721565e-05,S&P,-0.0002009644,0.00020357467707593624,0.33,0.0034576497,1.5684216607295415e-05,0.0022510385,2.06,0.0022579101,-2.44,-0.0003487019,2.622517050887066e-05,0.0056304281,1.42,0.38,3.971349074781487e-05,0.21,0.0029610067,0.002046125,0.11,0.22,0.0065713179,0.0009620151,2.8,2.8,2.76,2.3919673854985372e-06,0.04,0.73,2.25,5.01,5.05,5.05
2014-04-03,1888.77002,-0.0242874386,3.0,-0.0011264498,0.0028533264,0.0070393488,0.0079241024,2.1486814867,0.8952948921,2.2980629127,0.6254556836,1873.56017317,1865.97950049,1847.31231104,1756.95736079,2.8,3.8820563363370884e-05,-0.32,0.18,-0.00011818757826623006,-0.34,0.0041685396,1.79,1.3,5.04,-0.0017321158,-0.0212765957,-0.0055555556,-0.19,4.615318081328995e-05,-0.17,-0.0069302001,-0.91,0.0008070113,0.02,-0.0082224913,-0.009054154,0.03,-1.21,0.0004533503,-0.07,0.05,4.32,0.08,-0.75,0.0018265288,-0.0243888064,-0.34,0.0029761905,2.9584995620635066e-05,S&P,0.0014068329,-0.1666666667,-0.59,-0.0098004405,-0.00011989845742523938,-0.0002041552,2.43,0.0002792706,0.99,-0.0017098366,8.245977489772207e-05,-0.0074240407,0.73,0.47,-7.037737169067065e-05,0.1,0.0003053955,0.0005673653,0.44,-0.75,0.0072964283,-0.001486695,2.77,2.78,2.75,-0.01,0.02,0.72,2.24,4.99,5.02,5.01
2014-04-09,1872.180054,-0.1109245052,2.0,0.0109182128,0.0037505538,-0.0107501125,-0.0125372882,-0.9900031605,1.0590747061,0.6131888346,0.2130448081,1865.78122498,1863.66678336,1848.99869129,1760.94298548,2.71,9.455604831089057e-05,0.72,1.04,2.714832798622085e-05,0.43,0.0040340754,1.65,0.29,4.96,0.0098479303,-0.075,-0.0119760479,0.24,1.07,0.3,0.0131438155,1.4,0.0005980378,0.04,0.0163234807,0.0172404173,0.03,-1.43,-0.0044834843,0.22,0.05,4.26,1.11,-0.7,0.0108952311,0.0144922827,0.43,0.0071368227,2.3835936242931463e-05,S&P,0.0055293055,-0.1666666667,-0.33,0.0137383513,-0.00010736737019008307,-0.0012313494,1.15,0.0014908538,-1.62,0.0029737065,3.616374030582828e-05,0.0033137198,-1.44,-0.37,0.0001426165554576063,-0.06,0.0090760659,0.0016394389,0.41,1.77,0.0077670291,0.006812615,2.68,2.67,2.66,0.01,0.02,0.7,2.25,4.91,4.92,4.93
2014-04-10,1833.079956,0.1360464238,3.0,-0.0208847957,0.0109182128,0.0037505538,-0.0107501125,-2.9484830557,-0.8631550785,-2.0795857817,-0.7181781386,1859.83553971,1860.75375218,1848.37442716,1761.66076628,2.65,5.8145514506152275e-05,0.1,1.79,0.00015111690661239127,-0.37,-0.0065703451,1.59,-0.48,4.89,-0.0178239623,-9.089057980397666e-05,-0.0363636364,0.54,-2.02,0.24,-0.0128978613,-2.8,0.0019384228,0.04,-0.0274277236,-0.0310212476,0.03,1.64,0.0049080882,-0.61,0.06,4.24,-1.53,0.75,0.0150500573,-0.0443025017,0.24,-0.0315504977,9.170226129071968e-05,S&P,-0.0283095531,0.2,0.07,-0.0278457258,4.1594367562195194e-05,-0.0056509092,1.5,-0.0071200308,-0.9,-0.0013422659,-0.00011601025980559386,0.0138050904,-0.63,-0.36,-1.6681216371421517e-05,0.11,-0.0243556955,-0.0054499963,-0.65,-3.09,-0.0142582268,0.0009644798,2.62,2.61,2.59,0.01,0.03,0.65,2.24,4.83,4.85,4.86
2014-04-15,1842.97998,0.200833028,1.0,0.0067573077,0.0082172863,-0.0094867739,-0.0208847957,-0.4848906666,-2.2561436394,-1.213538398,-1.5633606623,1847.05019615,1852.95035461,1846.3103681,1763.67610645,2.64,-0.0001461775982829744,-0.54,-1.81,0.00014389461720613854,-0.52,-0.0089427355,1.63,-0.3,4.84,0.0041083909,0.0540540541,0.0124223602,-1.79,0.82,-0.67,-0.0071307606,0.59,0.0004670564,0.04,0.0145482389,0.0028513187,0.03,-2.61,0.0014952589,-1.73,0.05,4.2,0.68,-1.75,-0.0159531313,0.0005380741,-0.05,-0.0029112082,-1.6779915867352745e-05,S&P,0.0139263768,-0.1666666667,-1.63,0.003711852,-7.197115439451893e-05,0.0083793071,0.15,-0.0002649553,3.47,-0.0002175847,-6.223167339825363e-05,-0.0140452453,0.57,0.05,3.690744923049245e-05,-0.38,0.0212064857,-0.0177167738,-0.87,0.61,0.0042785299,-0.0064096279,2.61,2.6,2.59,0.01,0.02,0.64,2.2,4.79,4.8,4.81
2014-04-16,1862.310059,-0.1555919538,2.0,0.010488491,0.0067573077,0.0082172863,-0.0094867739,-0.5271926158,-1.5119765528,0.5262987266,0.0827635325,1849.82471667,1853.84175503,1846.93780695,1764.65753882,2.65,-8.527114907064263e-05,0.77,0.17,3.90073869321876e-05,-0.2,0.0138792172,1.67,0.79,4.84,0.009979789,8.310688584380356e-05,0.0245398773,0.01,0.72,0.11,0.0020271971,0.59,-9.6587250483e-05,0.04,0.0163522516,0.012907289,0.03,0.74,0.0022395397,1.58,0.05,4.19,0.78,0.15,0.0010916905,0.0240445657,0.01,0.0083941425,-0.00020898306446869458,S&P,0.0063550842,2.3353935692197174e-05,1.09,0.0109693076,-2.8355144154501055e-05,0.0127685651,-0.81,0.0031802762,-1.94,0.0048070369,-8.566564952869136e-05,0.0016753874,2.78,0.22,0.00014014354899714114,0.31,-0.0045362602,0.0157090591,1.32,0.29,0.0116189388,0.006512183,2.62,2.61,2.6,0.01,0.02,0.65,2.19,4.79,4.8,4.81
2014-04-17,1864.849976,0.0590634786,3.0,0.0013638529,0.010488491,0.0067573077,0.0082172863,1.7331497132,-1.2664349681,0.8550348649,-0.3824784035,1852.556582,1854.89015702,1847.64024496,1765.65447849,2.73,0.00014191590065464356,0.59,0.21,0.00012046114764430463,-0.65,0.0059355243,1.75,-0.06,4.89,0.0025738225,0.1025641026,0.0479041916,-0.61,0.28,-0.47,0.0114256274,0.9,-0.0003702869,0.03,-0.0096535639,0.0022734991,0.02,0.18,-0.0001725861,1.04,0.05,4.25,0.07,-0.05,0.0028300335,0.0038000835,-0.01,-0.0007237966,-5.106694459720911e-05,S&P,-0.0032593196,1.2034526876487187e-05,0.66,0.0054162983,-6.410334504735731e-05,0.0048028416,4.66,0.0023679319,0.33,-0.0011418623,0.00011227873900989054,-0.0029628021,-0.28,0.12,-0.00012387317658814188,-0.27,0.0021265722,0.0098617107,0.41,0.62,0.016845252,0.0062421568,2.71,2.7,2.68,0.01,0.03,0.64,2.16,4.84,4.86,4.87
2014-04-23,1875.390015,-0.0403428458,2.0,-0.0022133138,0.0040921389,0.0037751235,0.0013638529,1.7585668511,1.2651490579,-0.5372525824,0.5236875691,1863.07680244,1860.29274486,1850.80861082,1768.90452558,2.7,-1.285738223710938e-05,-0.03,-1.18,9.569775880086982e-05,-0.13,-0.0073881204,1.73,-0.15,4.85,-0.0016161762,-0.0444444444,-0.0170454545,0.03,-0.05,-0.82,-0.0130713047,-0.43,1.60575502601e-05,0.02,-0.0075019501,-0.0082878957,0.02,0.75,0.0003809075,-0.53,0.05,4.21,0.01,0.21,-0.009724261,-0.0143933557,0.09,0.0043002687,2.6703204904739777e-05,S&P,0.0073126143,-0.1666666667,0.1,-0.0073814082,7.803852514147954e-05,0.0012951778,-0.19,-0.001373978,0.59,-0.0024841325,0.00010831991732206568,-0.0026287598,1.39,-0.2,-6.229677395131909e-05,-0.23,0.0003992913,-0.0058228011,-0.66,-0.85,-0.0060195636,-0.0010625296,2.68,2.68,2.65,2.1145610216225567e-05,0.03,0.64,2.15,4.8,4.83,4.83
2014-04-24,1878.609985,0.0343874363,3.0,0.0017169602,-0.0022133138,0.0040921389,0.0037751235,0.8752530719,0.3434461865,-0.6499571021,1.4061582443,1865.90101745,1862.03724392,1851.89886079,1769.99612219,2.7,8.99735003722052e-05,0.29,0.33,-2.0253761355428694e-06,-0.26,0.006393945,1.74,1.12,4.84,-0.0005650685,-0.00015759530663442167,0.0057803468,0.77,0.00012004134019061529,-0.29,0.0819818909,-0.45,0.0017984168,0.01,0.0042832453,0.0051780429,6.40286859363568e-05,0.95,-0.0008612484,-0.18,0.04,4.2,-0.18,1.03,0.0023616617,0.0387269934,0.11,0.0024977699,-6.902285818055448e-05,S&P,-0.0054446461,-0.2,1.75,-0.0023799387,-8.927334243205993e-05,-0.004875602,-0.53,-0.001736934,2.07,0.0014626154,-5.473736214983222e-05,-0.0050059063,-0.89,-0.23,-9.646244973124211e-05,-0.17,-0.0025943125,0.0004703655,0.64,0.85,0.0015139667,0.0042398616,2.7,2.69,2.66,0.01,0.04,0.64,2.14,4.8,4.83,4.84
2014-04-29,1878.329956,-0.0958836884,1.0,0.0047607569,0.0032360362,-0.008096391,0.0017169602,-0.0649141001,2.6067797833,1.8042923891,0.319919999,1868.38140169,1864.33219714,1854.01225644,1772.96460715,2.71,9.345177224604242e-06,0.94,0.25,5.449849589429123e-05,0.15,0.0083286947,1.74,0.8,4.86,0.0054273267,-0.000140973881896942,0.0057803468,0.03,0.31,0.12,-0.0029625897,-3.940094719607444e-05,0.0008169149,0.02,-0.0088084416,0.0071520071,0.02,-0.82,-0.0065402164,1.61,0.05,4.24,0.43,-0.46,0.0145198646,0.0128127931,-0.27,0.0109928992,0.00010369552604434539,S&P,0.0108296283,6.0562618720333763e-05,-1.16,0.0033748382,7.752958372383931e-05,0.002767609,0.75,0.0004682586,0.95,0.0008411605,-2.524362559429042e-05,0.0084122734,0.84,0.36,0.00021621194221203588,-0.39,-0.0030589798,0.0145833697,0.89,0.65,-0.0007468633,0.0104026305,2.69,2.69,2.66,0.00017197020893909858,0.03,0.62,2.15,4.81,4.84,4.84
2014-04-30,1883.949951,0.0360242556,2.0,0.0029920169,0.0047607569,0.0032360362,-0.008096391,0.4564349779,2.2230285432,1.7273586186,-0.0832698133,1871.21204702,1866.20055465,1855.18628368,1774.06893893,2.67,0.00011789847820038962,0.42,-1.71,-2.0759242993979605e-05,0.77,-0.0022878548,1.69,-0.84,4.83,0.0041119585,-0.0454545455,-0.0287356322,-0.35,0.33,0.22,-0.0037816641,0.65,0.0002080633,0.03,-0.0027152803,0.002685491,0.02,-1.89,0.0011869978,0.12,0.05,4.21,0.27,-1.84,-0.0142478614,0.0124841865,0.41,-0.0021390019,-4.426344341875661e-05,S&P,0.0034363856,-0.00015476222014763465,-1.37,0.0053799677,3.1202226974653127e-05,0.0094628588,-0.33,-0.0033540228,0.82,0.0031056362,0.00011963849128415516,0.0029782547,-1.46,-0.34,-4.866613140805115e-05,-0.47,0.0025735128,0.00199396,-0.08,0.27,0.0048579596,0.0014919125,2.65,2.64,2.62,0.01,0.03,0.62,2.16,4.78,4.8,4.81
2014-05-08,1875.630005,-0.0659326443,3.0,-0.0013736249,0.0056164683,-0.0089883919,0.0018712158,-0.4273575538,-0.1586268584,0.7152378271,0.1842745303,1875.61055057,1871.51663946,1860.11643401,1780.14777543,2.61,-4.5265106772389156e-05,0.59,0.32,-3.2441891736416686e-05,-0.15,0.0136739265,1.63,-0.08,4.79,-0.0015234494,-0.0243902439,-0.0121212121,-0.00016174882487862853,-0.11,0.49,-0.007326938,-1.01,-0.0010121457,0.03,0.005580949,-0.0039752296,0.02,-1.06,-0.006221325,0.9,0.05,4.17,0.26,-0.88,0.004178161,-0.0149977252,-0.51,0.0057354673,0.00011399184767068683,S&P,-0.0012147601,4.6938525007753536e-05,1.08,-0.0100311168,-5.8949086909819366e-06,-0.0076617301,-3.54,-0.0027387309,-0.58,-0.0011860472,6.820876398476841e-05,0.0025825003,0.5,0.4,3.859849670104638e-05,0.65,-0.0040630659,0.0090429445,1.31,-0.08,-0.0033923859,0.0063121511,2.59,2.58,2.56,0.01,0.03,0.62,2.18,4.74,4.76,4.77
2014-05-13,1897.449951,-0.0299626714,1.0,0.0004217578,0.0096727376,0.0015194761,-0.0013736249,1.5917793064,1.0179252553,0.9523503782,3.6512401084,1883.06043653,1876.6950385,1863.62176444,1783.42170854,2.61,7.339122143516213e-05,0.34,0.37,-4.0007335978328964e-05,0.1,0.0025302634,1.62,0.77,4.82,-5.97606390433e-05,-0.0487804878,-0.0299401198,-0.19,0.08,0.01,0.0015687684,-1.02,-0.0013648918,0.03,0.0112583685,-0.0033036689,0.03,0.02,0.0007340796,0.61,0.05,4.2,0.12,-0.1,0.0040774897,0.0058774024,-0.39,-0.0005490027,-7.075105561682646e-06,S&P,0.0010048835,8.038090054223396e-05,-0.54,-0.0110175008,5.947148762410171e-05,0.0012716228,-1.71,0.0004599892,-0.73,-0.0023397427,4.262209165496551e-05,-0.0010439365,1.83,0.26,4.3692272672760484e-05,1.41,0.0049741346,0.0053563454,0.3,0.03,0.0026070764,0.003108715,2.58,2.58,2.56,-0.0001353152290583409,0.02,0.62,2.21,4.77,4.79,4.79
2014-05-14,1888.530029,-0.0321091478,2.0,-0.0047010052,0.0004217578,0.0096727376,0.0015194761,0.5494629575,0.2431103861,0.7006550048,2.4715433425,1884.05490789,1877.82218045,1864.59855912,1784.46756248,2.54,1.7162355098043248e-05,0.32,0.84,-0.00021543431983582747,0.46,-0.0008834547,1.57,0.87,4.74,-0.0043670788,-8.371177917463008e-05,-0.0308641975,0.95,-0.48,0.17,0.0001851977,-1.48,-1.60794970334e-05,0.03,-0.0044531422,-0.0071522575,0.02,1.18,-0.0017421603,-0.00013027790975652924,0.05,4.12,-0.53,1.23,0.01030712,-0.023043657,0.08,-0.0047601246,-4.507301991487485e-06,S&P,-0.0104396705,-5.151145036944164e-05,0.76,-0.0160726555,5.916928111557602e-05,-0.0006838609,0.21,-0.0040789576,-2.71,-0.0038071375,-8.499591708321788e-06,-0.0013741427,-0.14,-0.02,0.00019826550590125238,1.35,-0.0014847951,-4.1048017445e-06,0.03,-0.35,-0.0059435364,0.0007856574,2.52,2.51,2.49,0.01,0.03,0.62,2.2,4.69,4.71,4.72
2014-05-15,1870.849976,0.2588818097,3.0,-0.0093618067,-0.0047010052,0.0004217578,0.0096727376,-0.25484925,-0.6811176862,-0.413071849,0.4585657989,1881.65401118,1877.15816098,1864.84371273,1785.32708898,2.5,-3.3711925991195495e-05,-0.61,0.73,-1.7028835148797578e-05,-0.3,-0.0124659773,1.55,0.23,4.72,-0.0082347045,-0.0256410256,-0.0127388535,-0.71,-0.95,-0.23,-0.008503538,-0.78,0.0002733558,0.03,-0.0159046712,-0.0076426902,0.01,-1.46,-0.0010103794,-1.12,0.05,4.08,-1.0,-1.32,0.0065576476,-0.0081647505,-0.03,-0.0156365523,-5.786386625105469e-05,S&P,-0.0052749441,-3.1776565811072076e-05,-0.38,-0.0064815208,0.00012018692285697013,-0.0147619707,2.34,-0.0031036782,-1.81,0.0015116207,-6.4785140261091535e-06,-0.0111997278,-0.76,0.13,1.4056645752578897e-05,-0.04,-0.0017844849,-0.0100815988,-1.21,-0.92,-0.0059790732,-0.0054663223,2.49,2.47,2.45,0.02,0.04,0.64,2.22,4.67,4.69,4.71
2014-05-20,1872.829956,0.1289105752,1.0,-0.0064983981,0.0038447866,0.0037469648,-0.0093618067,-1.2975306667,0.273594815,-0.2928133038,-0.3575373267,1880.0974999,1877.48326978,1866.39054857,1788.08294744,2.52,-6.636720224065945e-05,-0.69,0.66,1.2243931408945123e-05,-0.65,-0.0038949896,1.53,0.29,4.75,-0.0072221542,-0.0277777778,-0.0192307692,0.18,-0.76,-0.94,0.0001984833,-1.72,9.63468486552e-05,0.03,-0.0017610063,-0.0070095137,0.04,0.23,0.0033572789,-0.24,0.06,4.15,-0.87,0.21,0.0057336514,0.0149278604,-0.04,-0.0020434887,3.994963416289009e-06,S&P,-0.0107092944,0.2,-0.72,-0.0148327209,9.610708123071047e-07,-0.0019827996,1.83,-0.0023448177,-0.89,0.0012118761,-1.7767575922248035e-08,0.0014642235,0.21,0.00018931461031663463,-6.870600252962557e-06,-0.1,-0.0038751888,-0.0021025728,-0.19,-0.46,-0.0116498305,-0.0062238988,2.48,2.49,2.46,-0.01,0.02,0.6,2.23,4.69,4.72,4.71
2014-05-21,1888.030029,-0.0766565814,2.0,0.0081160988,-0.0064983981,0.0038447866,0.0037469648,-0.0264756182,0.5228418656,0.2165704029,0.6739938839,1881.53977791,1878.48772304,1867.23915564,1789.07744576,2.54,3.142529489415809e-05,0.29,0.31,-4.9737578936233346e-05,0.05,0.0037462658,1.55,0.78,4.8,0.0074455137,0.0571428571,0.0130718954,-0.19,0.91,0.09,0.0026458682,0.68,-0.0006904192,0.04,0.0168850302,0.0084576107,0.04,-0.31,0.0004950314,0.5,0.06,4.19,0.99,0.1,8.05723147922e-05,0.0126830505,-0.12,0.007445979,0.0002035185349058549,S&P,0.0145016139,0.0001292847182630189,-0.79,0.0052190371,-2.156539706786238e-06,0.0135094966,-1.74,0.0015602793,-0.86,0.0035486729,-5.800451259647028e-06,0.0083819887,-0.14,0.11,-5.045718308194084e-06,0.25,0.0088777955,0.0060991338,0.37,1.03,0.0072243729,0.0027932961,2.5,2.5,2.48,-0.00010800688352843948,0.02,0.61,2.26,4.74,4.76,4.76
2014-05-22,1892.48999,-0.0062438336,3.0,0.0023622299,0.0081160988,-0.0064983981,0.0038447866,1.1566942447,0.8988971682,0.4676981094,0.7388444175,1883.53072557,1879.82127227,1868.22938444,1790.1064263,2.56,-9.123993432475716e-06,0.12,0.53,-0.00016245810323762462,-0.13,0.0020541765,1.57,-0.17,4.81,0.0022672413,7.793706662537538e-05,0.0129032258,0.15,0.28,-0.31,0.0015832924,0.89,0.0002088756,0.03,-0.0061957872,0.0055184761,0.03,0.95,-0.001905844,0.39,0.05,4.23,0.18,0.41,0.0051338924,-0.0003278778,-0.23,0.0079453069,-1.7109681403172101e-07,S&P,0.0064426014,-0.1666666667,0.67,0.0092784628,3.579085825222749e-05,-0.0051945409,-2.55,0.0034017058,-0.57,-0.0017541544,6.935573650666278e-05,-0.001810422,1.92,0.12,-8.699478944329928e-06,0.34,-0.0017797113,0.0023757834,0.21,0.4,0.0007550019,-5.86280604016e-05,2.53,2.53,2.51,0.00014737089253288795,0.02,0.58,2.25,4.76,4.78,4.78
2014-05-28,1909.780029,0.0224766577,2.0,-0.0011140718,0.0059878059,0.0042483918,0.0023622299,1.9729539717,0.6498236221,2.2519466865,1.6743635962,1894.59407768,1887.05398771,1872.67390453,1793.57411073,2.44,6.925168275626468e-05,0.06,0.37,-9.617970055941444e-05,-0.79,0.0004150081,1.5,-0.19,4.67,-0.0016687139,-0.0512820513,-0.0384615385,-0.41,-0.01,-0.27,-0.0025894058,-0.51,0.0007853697,0.04,-0.004478751,-0.0028297258,0.04,0.29,0.001381979,-0.12,0.05,4.13,-0.16,-0.16,0.0059155656,-0.0021234251,-0.32,0.0056220893,8.581504475246931e-05,S&P,-0.0021760633,-0.1666666667,-0.16,-0.0048326889,7.802601983293467e-05,-0.002959777,2.53,-0.002422056,-0.35,-0.0057167193,7.185793794340776e-05,0.007698494,0.48,0.16,-9.046227765544742e-05,1.19,-0.0050589724,-0.0001660216,0.01,-0.14,0.0033872789,0.0009204361,2.4,2.4,2.39,-9.01365787817624e-05,0.01,0.54,2.23,4.62,4.63,4.63
2014-05-29,1920.030029,-0.0898385661,3.0,0.0053671103,-0.0011140718,0.0059878059,0.0042483918,1.6948882967,1.6679639464,2.2265917479,1.9151293261,1899.2187961,1890.19456307,1874.53100745,1794.83237857,2.45,-6.892495520293418e-05,0.39,0.43,2.4647217929986187e-05,-0.11,-0.0002471775,1.52,0.15,4.69,0.004613765,6.674764784670898e-08,0.0133333333,-0.19,0.47,0.79,0.0182208311,0.39,-0.00256246,0.04,0.0082479884,0.0054129429,0.05,-0.58,-0.0028889502,0.1,0.05,4.15,0.32,-0.26,-0.0030281015,0.0116713791,0.08,0.0048692515,0.00010945618563743132,S&P,-0.0033703212,-3.0805198795574695e-05,-1.07,0.0029822746,-0.00018888743808017164,0.0020779636,-1.3,-9.8319077018e-05,-1.0,0.0005013167,0.00010599863324856929,-0.0046985291,0.07,-0.06,2.0930211201385117e-05,-0.23,0.0045862312,-2.71180593666e-05,0.11,0.52,0.0030007502,0.0029337356,2.4,2.41,2.4,-0.01,-2.634456854118445e-05,0.54,2.24,4.64,4.65,4.64
2014-06-05,1940.459961,0.1143017696,3.0,0.0065252796,0.0018916637,-0.0003792168,0.0007278264,1.0640423166,2.776964942,2.7497541052,3.3143259429,1918.57469956,1905.46615004,1884.31902648,1801.3416081,2.59,-9.208631244061763e-05,-0.04,-0.03,0.00018343380040458467,0.89,0.0106043057,1.63,0.36,4.83,0.0065799019,-0.0243902439,-0.0121212121,0.79,0.66,0.7,0.0039235585,2.1,0.0010255753,0.04,0.0220733879,0.0104876804,0.03,1.19,-0.0018462663,0.19,0.06,4.27,0.6,1.28,-0.0018163142,0.0547298,0.45,0.0170617996,-1.1779045604223416e-05,S&P,0.0115595609,-9.302421337272834e-06,-0.1,0.0200844845,1.937289467968455e-05,0.0050979808,1.31,-0.0025126654,-1.43,0.0041857726,4.342530498661768e-06,0.0079236461,0.13,-0.66,-6.232269296681532e-05,-0.65,0.005259067,0.002131647,1.06,0.88,0.0082862903,-0.0007479685,2.56,2.55,2.53,0.01,0.03,0.56,2.24,4.77,4.79,4.8
2014-06-10,1950.790039,-0.0390515543,1.0,-0.0002459839,0.0009387717,0.0046277585,0.0065252796,1.3797680715,2.0335687511,3.4857981907,2.8545073849,1933.05250174,1917.15778543,1891.80569378,1805.7500736,2.64,-7.143313403536716e-05,-0.09,0.73,3.991374530502598e-05,0.39,0.0012812659,1.71,-0.43,4.85,-0.0004048059,0.0465116279,0.0118343195,0.7,0.01,0.18,0.0058698294,-0.19,-0.0025359935,0.04,-0.0038768839,0.0004058276,0.04,0.87,-0.0007152026,0.16,0.06,4.31,0.04,0.52,0.00857661,0.0149923786,-0.34,0.0083595266,3.103002704598489e-05,S&P,0.0015235575,-0.00011951690396627056,0.3,-0.0026958907,0.00011203584042897712,-0.0005909969,-2.48,-0.0016198282,-2.14,-0.0030153714,-0.00010977178477013659,0.0108495483,-1.06,0.23,4.4420156585718545e-05,0.96,0.0085254504,0.0020152531,0.09,0.18,-0.0010933309,-0.0002036221,2.6,2.6,2.58,0.0002735876126685608,0.02,0.54,2.21,4.79,4.81,4.81
2014-06-11,1943.890015,0.0030565876,2.0,-0.0035370408,-0.0002459839,0.0009387717,0.0046277585,0.8304463949,1.7860688395,3.7942611273,2.4474987588,1935.0229587,1919.70371206,1893.84821618,1807.12460038,2.65,-6.255853584180165e-05,-0.31,-0.31,0.00011797791341137681,0.29,-0.008681205,1.7,0.39,4.85,-0.0038032805,-0.0222222222,-0.0058479532,5.546410334895642e-06,-0.33,0.12,-0.0041379204,-0.54,0.0005792904,0.04,-0.0060812453,-0.0013992218,0.03,0.02,-0.0027527482,-0.77,0.06,4.31,-0.51,0.1,-0.0025069404,0.0083932733,-0.11,-0.0108808632,-0.00018606822466456916,S&P,-0.0066552196,-6.776076333640132e-05,-0.43,-0.0051163546,-0.00015411399421780833,0.0048294698,-0.49,-0.0030690129,-2.04,0.0021822657,-0.00013737216659075055,0.0011770906,0.6,0.09,0.00012761066653996692,-0.09,-0.0074927763,-0.0078763398,-0.76,-0.06,-0.0094855892,-0.0050483292,2.62,2.61,2.59,0.01,0.03,0.54,2.2,4.79,4.81,4.82
2014-06-12,1930.109985,0.1216917163,3.0,-0.0070888939,-0.0035370408,-0.0002459839,0.0009387717,-0.5333774573,0.5249894974,2.2287757797,2.2017100794,1934.12969075,1920.69478567,1895.27024633,1808.34833555,2.58,-6.016045818890943e-05,0.12,0.16,7.950708981900172e-05,1.58,-0.0001558603,1.66,2.79,4.79,-0.0043834741,-0.0454545455,-0.0235294118,1.0,-0.69,0.45,-0.0167270401,-0.48,-0.00154388,0.04,-0.006852643,-0.0079180161,0.02,1.87,-0.0012053514,-0.02,0.07,4.25,-0.62,1.82,-0.0035373655,-0.02771482,0.15,-0.0040160468,-1.1804800163675615e-05,S&P,-0.0101455394,0.1666666667,-0.82,-0.0062654278,1.5481406129375992e-05,-0.0028444631,5.63,-0.0029412059,-0.68,0.0100739795,0.00020741542730522857,-0.0015743012,-0.4,-0.18,-5.5976916514866185e-05,-0.3,-0.0076461576,-0.0011165415,-0.03,-0.71,-0.0069981952,0.0006141625,2.56,2.54,2.51,0.02,0.05,0.54,2.21,4.72,4.75,4.77
2014-06-17,1941.98999,0.0154231015,1.0,0.0021725691,0.0008367051,0.0031345618,-0.0070888939,-0.451101801,0.9224421118,1.5732934848,3.0189718913,1936.34898076,1925.40078974,1900.18428965,1812.19974159,2.66,6.082288973263576e-06,0.1,-0.27,8.563827566929866e-05,-0.22,0.0057693418,1.77,0.45,4.83,0.0020979083,0.0408163265,0.0350877193,-0.01,0.26,-0.69,-0.0013014643,0.62,-3.21698568442e-05,0.04,0.0043373494,0.0037328184,0.03,0.38,0.0011890387,0.2,0.07,4.29,0.18,0.46,-0.0041664072,-0.0061046335,-0.21,0.0096711625,-0.00014919877844505862,S&P,0.0111567821,3.864041293849485e-05,0.36,0.0083989385,3.256073428371709e-05,-0.0048581423,0.04,0.0029842053,0.19,-0.0011019819,0.0001010031411688815,-0.009245,0.47,0.22,7.911569683574574e-05,0.19,-0.0050756175,0.0036766406,0.58,0.01,0.0018643177,0.0018061331,2.63,2.62,2.59,0.01,0.04,0.54,2.17,4.76,4.79,4.8
2014-06-18,1956.97998,0.0316229478,2.0,0.0077188812,0.0021725691,0.0008367051,0.0031345618,0.6733902072,1.5094287468,2.4714862593,4.4932015173,1940.10007153,1928.40833167,1902.41157163,1813.64034098,2.61,0.00010942635291256933,0.23,0.07,0.00012756768575802066,0.84,-0.0012565298,1.71,0.71,4.8,0.0082243425,-0.0588235294,-0.0338983051,0.54,0.8,0.76,0.0010859904,0.89,0.0007399305,0.03,-0.0007197217,0.005904659,0.03,-0.05,-0.0024857301,0.15,0.06,4.26,0.55,0.86,-0.0009424896,0.0269025555,0.37,0.0062696101,-5.245797555916433e-05,S&P,0.0073558072,-0.1428571429,-0.1,0.0055328059,-6.137139164340185e-05,0.0030268015,-1.06,-0.0027796209,0.82,0.0022948397,5.474526690517075e-05,-0.0054090898,0.87,-0.42,-4.972609579488456e-05,-0.54,0.0086333562,0.0010090163,-0.13,0.64,0.0007442501,0.0017438514,2.58,2.58,2.55,-1.4791709202771743e-06,0.03,0.54,2.19,4.74,4.77,4.77
2014-06-19,1959.47998,-0.0368880537,3.0,0.0012774786,0.0077188812,0.0021725691,0.0008367051,1.5216746832,0.9801809562,2.0546528129,3.7843651797,1943.62369125,1931.36753627,1904.64954843,1815.09148166,2.64,-6.64240275310737e-05,0.46,0.09,-5.382772271643223e-05,-0.17,0.0072113141,1.71,0.7,4.83,0.0025092195,6.710058065601279e-05,-0.00019893169446886377,3.26,0.08,-0.09,-0.003471458,-0.03,-0.0003536182,0.02,-0.0033614404,-0.0008044682,0.01,4.4,-0.0016612829,0.7,0.05,4.3,0.11,4.22,-0.0006035028,-0.0220707126,0.1,-0.0083073729,-0.00019204969970553078,S&P,-0.000384339,-0.1666666667,0.65,0.0007607144,-0.00012395635812933472,-0.0009734839,-1.61,0.0003925901,1.3,0.0024366555,8.907489524474297e-05,-0.0154627894,1.46,-0.15,0.0001535949534600246,0.23,0.0097266805,0.0074186781,0.71,-0.16,0.0014875791,0.004351931,2.63,2.62,2.59,0.01,0.04,0.53,2.19,4.78,4.81,4.82
2014-06-24,1949.97998,0.1369097338,1.0,-0.0064353107,-0.0001324642,0.0017300585,0.0012774786,0.4114331197,-0.0415246635,1.3376704639,1.991199655,1949.94631277,1938.28821705,1910.71863009,1819.32821236,2.59,-3.231770539505269e-05,-0.04,0.53,6.893079439488596e-05,-0.45,0.0006134375,1.7,0.3,4.77,-0.008361981,0.0208333333,-0.011627907,0.02,-0.5,-0.58,-0.006055301,-0.92,0.0009009734,0.03,-0.0057156939,-0.0041957931,0.01,0.63,0.0011835643,0.22,0.06,4.22,-0.52,0.19,0.003325179,-0.0094120098,4.858164090459038e-05,-0.0132325316,0.00018100653608807966,S&P,-0.0092487354,0.00013892998484142563,0.03,-0.009882241,-3.0467783002301815e-05,-0.015807569,2.0,0.0003926671,-1.55,-0.0026319607,-5.646772679296516e-05,0.0047254522,0.33,-0.07,9.307340449318079e-05,1.14,-0.0015274845,0.001729694,0.09,-5.8516558050863956e-05,-0.0037481259,-0.0019851189,2.58,2.56,2.53,0.02,0.05,0.55,2.18,4.71,4.74,4.76
2014-06-25,1959.530029,0.0055053889,2.0,0.0048975113,-0.0064353107,-0.0001324642,0.0017300585,0.1303053187,0.8045729892,1.6417009315,2.6050120561,1951.68880663,1940.31124676,1912.63280259,1820.72325531,2.57,-1.2970764415894191e-06,-0.84,0.05,7.612131701266319e-05,0.77,-0.0127789737,1.68,-0.4,4.75,0.0037428969,-0.0204081633,-0.0117647059,0.09,0.32,0.44,0.0008861542,0.79,0.0005304528,0.03,0.0067065629,0.0067602991,0.01,0.35,-0.0019640696,-0.68,0.05,4.2,0.11,0.53,-0.0006093101,0.0101184537,0.18,0.0019157263,-3.780053803818693e-05,S&P,0.002095561,-0.1666666667,0.41,0.0080461492,3.372873973641716e-05,-0.0057432491,0.4,-0.0010793935,0.71,0.0003227227,-8.897434899852273e-05,-0.0041442295,-0.91,-0.07,-8.441771997753479e-05,-0.71,0.0111865957,-0.0070768275,-1.16,0.53,-0.0060195636,-0.0078826007,2.56,2.54,2.52,0.02,0.04,0.55,2.18,4.7,4.72,4.74
2014-06-26,1957.219971,-0.1055360816,3.0,-0.0011788837,0.0048975113,-0.0064353107,-0.0001324642,-0.1153371825,1.404582444,0.8637132606,1.9369458518,1952.69447288,1941.92160145,1914.381319,1822.08143158,2.53,-5.0872200161933994e-05,-0.18,1.28,0.00011661600076092734,0.46,-0.0047012094,1.64,-0.69,4.71,-0.0012241249,-0.0416666667,-0.0238095238,-0.12,-0.04,0.06,0.0059761066,-0.09,-0.0016708438,0.04,-0.0073756366,-0.0001621004,0.01,-0.04,-0.0028353184,-0.82,0.06,4.15,-0.05,0.33,0.0144809207,-0.0053444906,-0.14,-0.002433513,3.3667807817719965e-05,S&P,-0.0043726047,0.2,0.03,-0.001665787,1.1750335740987277e-05,-0.0010769532,-3.36,-0.0016011984,0.04,0.0023154362,2.9846485251530827e-05,0.0065045847,0.39,0.08,-0.00012643075387693236,0.77,-0.0010400908,-0.0063691935,-0.46,0.07,-0.0049204769,0.0002227635,2.52,2.49,2.47,0.03,0.05,0.56,2.18,4.65,4.67,4.7
2014-07-03,1985.439941,-0.2992796723,3.0,0.005479508,0.0006588131,0.0066777705,-0.000372257,1.4418394671,1.3248393076,2.8666737352,2.3180060864,1965.84409119,1953.83802235,1924.7223364,1829.34632343,2.65,-7.52534342180144e-05,0.69,0.01,-1.9673895439661475e-05,-0.23,0.0101602949,1.74,-0.22,4.86,0.004921105,0.0612244898,0.0175438596,-0.58,0.5,-1.04,0.0058835685,0.55,0.0002257846,0.01,-0.0023867063,0.0063261337,0.01,-0.78,-0.0028218926,1.15,0.06,4.28,0.46,-0.0001886847365584314,-0.0007719738,0.013940165,-0.36,0.0014042127,2.5397283950092583e-05,S&P,0.0064565135,0.00011174864619347307,0.4,0.0072113581,-1.762098833211315e-05,0.010042296,1.12,0.0034370813,0.5,-0.0004801613,6.681023211175575e-05,0.0018505398,-0.39,0.48,-0.00018173267279613254,-0.1,-0.0041564613,0.0119217984,1.04,0.67,0.0093949639,0.0071592474,2.64,2.64,2.59,-5.314954314386491e-05,0.05,0.58,2.21,4.8,4.85,4.85
2014-07-07,1977.650024,0.3419115255,-0.00020123213395125905,-0.0039235219,0.005479508,0.0006588131,0.0066777705,0.8511169698,0.7529805355,2.142900859,1.4470865404,1967.99062443,1956.10583203,1926.79793199,1830.82198214,2.63,-2.4903382750660083e-05,-0.59,-0.12,7.213232265819391e-05,0.23,-0.0187354939,1.74,-0.36,4.81,-0.0062054837,-0.00011598247481063935,-8.356692162616974e-05,-0.03,-0.24,0.1,0.0206317348,-1.6,-0.0013221541,0.04,0.0045455264,-0.0076685079,0.02,-0.81,0.0042777229,-0.97,0.06,4.24,-0.15,-0.47,0.0004028852,-0.0116744263,0.07,-0.0066608415,0.00010171727034403987,S&P,-0.0094339623,-0.00024327060334896096,-0.66,-0.0177213372,-0.0001173394421793579,0.0005849108,-3.3,-0.003718898,-3.67,-0.0010622259,4.537542032576152e-05,-0.001600405,-0.39,-0.06,9.743208757533664e-05,-0.57,0.009960188,-0.0122997397,-1.39,-0.25,-0.0040953461,-0.0060741411,2.61,2.59,2.57,0.02,0.04,0.57,2.18,4.75,4.77,4.79
2014-07-08,1963.709961,0.2316709308,1.0,-0.0070488018,-0.0039235219,0.005479508,0.0006588131,0.1775292203,0.0560465914,1.3381256702,0.6375304736,1967.21232199,1956.83003479,1928.24546254,1832.14425059,2.58,7.475661660760592e-05,-1.3,0.03,-3.850028674587019e-05,0.31,-0.0143516634,1.7,-1.18,4.76,-0.0065830616,-0.0192307692,-0.0229885057,-0.09,-0.53,0.3,-0.0064603834,-1.0,-0.0003713391,0.03,-0.005001262,-0.0134941979,0.02,7.637267338122817e-05,-0.0009080696,-1.37,0.06,4.18,-0.51,-0.09,1.95802458666e-05,-0.0292009904,0.06,-0.0160578795,-2.7234166669845413e-05,S&P,-0.0047619048,0.00010189944536257518,-0.15,-0.0122941555,-4.0105091467312047e-05,0.0017535314,-0.5,-0.0033399213,-0.43,0.0003425849,1.8867400274275504e-05,0.0019874462,-0.26,-0.08,4.1374595945769126e-05,-0.06,-0.0070442377,-0.0134665298,-1.42,-1.05,-0.0142055701,-0.0124569502,2.56,2.55,2.52,0.01,0.04,0.58,2.18,4.7,4.73,4.74
2014-07-09,1972.829956,-0.1343344144,2.0,0.0046442678,-0.0070488018,-0.0039235219,0.005479508,-0.0248307428,1.1718056716,1.5880599879,1.1297944197,1968.23370999,1958.35383681,1929.99387405,1833.54410836,2.57,5.039582500050144e-05,-0.3,-1.64,-2.8315208885769436e-05,0.39,0.0039861693,1.68,-0.61,4.74,0.0038620109,-8.145383210757939e-07,-0.0117647059,0.59,0.34,0.13,0.0004195176,-0.04,-0.0002584188,0.03,-0.0026328627,0.0062780543,0.03,0.26,-0.0021457418,0.34,0.06,4.16,0.31,0.24,-0.0155178045,0.0190235108,0.24,0.0046628768,0.00018619278287774384,S&P,-0.0011483445,3.0119046692198814e-05,-0.22,0.0014162308,5.426028482499513e-05,0.0070018573,-0.81,0.0007392569,-0.83,0.0010641581,3.0347123005711336e-05,-0.0123104053,-0.26,-0.21,7.815668649203774e-05,-0.4,0.0030268634,0.0036356772,0.41,0.58,-0.0018961319,-0.0030422201,2.54,2.54,2.51,-7.381857372421305e-05,0.03,0.58,2.17,4.68,4.71,4.71
2014-07-10,1964.680054,0.1073492374,3.0,-0.0041310717,0.0046442678,-0.0070488018,-0.0039235219,-0.503385007,0.2628193967,0.393467183,1.0695069597,1967.58759072,1958.95633369,1931.3541164,1834.84894364,2.55,3.346888089649183e-05,-0.72,0.2,8.846955473304036e-05,6.347021527181502e-05,-0.0134362913,1.66,0.36,4.75,-0.0058298265,-0.0980392157,-0.0119047619,0.67,-0.48,-0.19,-0.0036691268,-1.13,0.0004685051,0.02,0.0004799856,-0.0051661996,0.02,2.08,-0.0001032922,-1.52,0.06,4.19,-0.42,1.61,0.0027148658,-0.0062126496,-0.26,-0.0082113352,-0.00017636577123996742,S&P,-0.0072810501,-2.505479456362133e-06,0.62,-0.0101805858,-1.846722000470248e-05,-0.0094640557,-1.2,-0.0024819716,-0.48,-0.0016108587,-0.0001727155341218282,-0.0001324529,-0.33,0.12,0.00013467007680762041,0.15,-0.002263278,-0.0151985389,-1.36,-0.3,-0.0045592325,-0.006787749,2.53,2.53,2.49,-9.589048434913162e-05,0.04,0.56,2.2,4.69,4.73,4.73
2014-07-15,1973.280029,0.2126910803,1.0,-0.001932096,0.0048435533,0.0014709225,-0.0041310717,0.4873463083,0.6657407107,0.5436660407,1.8319932845,1970.03549749,1962.55542168,1936.03289619,1838.92217362,2.56,0.00013850830185506028,-0.44,0.31,-0.00011853449647510239,-0.43,-0.0102826594,1.7,-0.9,4.76,-0.0023508998,0.0208333333,0.0119047619,-0.97,-0.15,-0.26,-0.0117158842,-0.84,0.0003066445,0.02,0.0073564786,-0.0054116019,0.02,-0.11,0.0041250583,-0.46,0.06,4.19,0.06,-1.1,0.0048525557,-0.0024766548,-0.35,0.0351749683,-8.944021519428727e-07,S&P,0.0007795166,5.6622526305011025e-06,1.623834142214655e-05,-0.0114802841,-0.00010699391031237756,-0.0028243183,-1.21,0.0013791076,-0.02,0.0032748357,3.712446941722683e-05,0.0017956331,0.52,0.4,3.741723009005096e-05,1.1,-0.0199278616,-0.0065010269,-1.05,-0.17,-0.0018754314,-0.0052771375,2.54,2.54,2.5,-2.8141507363893876e-05,0.04,0.57,2.2,4.7,4.74,4.74
2014-07-16,1981.569946,0.0186887531,2.0,0.0042010849,-0.001932096,0.0048435533,0.0014709225,0.443017908,0.4180771606,1.6200148886,2.0381132861,1972.13266994,1964.36632876,1937.81866285,1840.34155444,2.55,-1.948818436722674e-05,0.99,0.32,9.541933526874978e-05,-0.64,0.0148072959,1.71,-0.16,4.74,0.0047639976,0.0204081633,0.0058823529,0.38,0.34,-0.03,-0.0056651385,-0.4,-0.0006453695,0.02,0.0383981381,0.0021692101,0.02,-0.55,-0.0020819392,1.16,0.06,4.17,0.41,0.1,0.0026989968,0.0041191513,-0.35,0.0075510383,-3.62889232497074e-06,S&P,-0.0035053555,-0.00015116892738810796,-1.05,-0.0019587366,0.0002463950922539364,0.0134778593,0.54,-0.0002951702,-0.05,-0.0002403196,-0.00023240702586849863,-0.0014881758,-0.13,0.3,4.900597285731834e-06,0.19,-0.0102633425,0.0143896978,1.5,0.26,0.0154077033,0.0110573273,2.53,2.53,2.49,-6.952114927563205e-06,0.04,0.57,2.19,4.68,4.72,4.72
2014-07-17,1958.119995,-0.0027337472,3.0,-0.0118340264,0.0042010849,-0.001932096,0.0048435533,-0.3338996081,-0.8356038145,-0.0719577643,0.0582537896,1969.58491086,1963.77143983,1938.61479352,1841.51347922,2.47,1.4633527988314098e-05,-0.76,-0.09,9.726000490769106e-05,-0.5,-0.0121170094,1.65,1.93,4.69,-0.0115657278,-0.06,-0.0350877193,1.45,-1.08,-0.16,-0.0178307978,-1.59,-3.22893122376e-05,0.02,0.0102086429,-0.0141257209,0.02,1.73,0.0022911855,-1.09,0.06,4.11,-0.68,1.88,-0.0001024583,-0.0096936838,0.01,-0.0144779086,-6.403020103670685e-05,S&P,-0.0095758847,-7.490527419747689e-05,0.12,-0.0155877489,-4.125806918552599e-05,-0.0140695677,-4.01,-0.0039357868,2.46,-0.0025980588,0.00012851049634371223,-0.0056522766,-0.07,-0.11,-6.421774043901609e-05,0.25,-0.0180981998,-0.0106893972,-1.26,-1.19,-0.0151739082,-0.0068389743,2.45,2.45,2.41,5.7630339909354924e-05,0.04,0.58,2.22,4.63,4.67,4.67
2014-07-22,1983.530029,0.1069716141,1.0,0.0050161499,-0.0023202506,0.0102649358,-0.0118340264,0.519439707,1.0093174855,1.1886385392,1.065929765,1973.77313548,1967.629128,1943.12918952,1845.56141935,2.48,0.00011733624627227344,0.91,1.98,-8.326244152329964e-05,-0.25,0.0150484774,1.68,-0.33,4.67,0.0053451429,-0.0392156863,-0.0117647059,-0.35,0.45,0.2,0.0083031614,0.68,-0.0010162438,0.03,-0.0002229706,0.0070784061,0.03,1.691671032446219e-05,3.72522723887e-05,1.14,0.07,4.09,0.29,-0.05,0.0168882873,0.0030019623,-0.42,0.0073831728,-4.7790271168990747e-05,S&P,0.0058765721,0.1666666667,0.28,0.0082762019,7.690490550942084e-05,0.0044625436,-2.0,0.0006903254,-1.01,-0.0004779311,-3.8346478234072055e-05,0.0102225201,0.31,0.48,-4.7499264254919725e-05,0.69,0.0118495511,0.0127215605,1.56,0.63,0.0015396459,0.0099429142,2.45,2.45,2.41,7.342034650588628e-05,0.04,0.58,2.19,4.6,4.64,4.64
2014-07-23,1987.01001,-0.0071821981,2.0,0.0017544383,0.0050161499,-0.0023202506,0.0102649358,0.2745330293,0.7187671678,0.6937579498,1.8989953938,1976.17983994,1969.47492629,1944.85000601,1846.96886801,2.48,-9.984968045613066e-05,0.03,0.71,-2.6080946137341566e-05,0.43,0.0015561901,1.67,0.65,4.68,0.0006953513,0.0204081633,-0.005952381,-0.24,0.29,0.69,0.0260768684,0.28,-0.000678185,0.03,0.0008921927,0.0039677055,0.03,-0.06,-0.0007077668,0.27,0.05,4.12,-0.05,-0.05,0.0079790974,-0.0074824882,-0.01,0.0056247147,-0.0002336064292969429,S&P,-0.0003894061,-0.2857142857,-0.03,0.001695248,-5.8891961214149415e-05,0.0068572435,-0.27,0.0004927171,0.95,-0.001431549,9.434943567780246e-05,0.0014493301,0.00012818953149680605,-0.01,-2.011279380703542e-06,-0.15,-0.0027324973,0.0019754304,0.13,0.63,-0.0042275173,0.000426823,2.45,2.45,2.43,2.3670862901055828e-05,0.02,0.56,2.2,4.63,4.65,4.65
2014-07-24,1987.97998,0.116321453,3.0,0.0004881556,0.0017544383,0.0050161499,-0.0023202506,1.5249313156,1.1859399678,0.6765851168,1.4518762448,1978.32531995,1971.23731236,1946.54137754,1848.37196365,2.52,-8.30775404197165e-05,0.3,0.8,1.2097540922176374e-05,-1.51,0.0078445085,1.72,-0.89,4.72,0.0013297634,0.06,0.0299401198,-0.83,-2.5703186134530326e-05,-0.41,-0.0016462907,-0.3,-0.0006624871,0.03,-0.0104746381,-0.0003554847,0.04,-2.75,0.0012674271,0.36,0.06,4.17,-0.16,-2.58,0.0070762467,0.0013122521,-0.01,0.002881322,-6.482166253661439e-05,S&P,0.0050652248,0.2,1.85,-0.0015974087,7.304012429785072e-05,0.0002877602,2.26,0.0023641155,-0.17,-0.0028883281,-0.0001676809906896492,0.0127847671,-0.2,0.02,6.521419466887845e-05,0.17,9.7808e-05,0.0041523302,0.8,-0.09,0.0011578927,0.0034273491,2.48,2.49,2.46,-0.01,0.02,0.55,2.2,4.66,4.69,4.68
2014-07-29,1969.949951,0.1355464235,1.0,-0.0045277869,0.0002881547,-0.0048491504,0.0004881556,-0.6846419163,-0.1687585113,0.3177653586,0.4958587053,1976.89129047,1972.32958048,1949.83005811,1852.13526329,2.47,-0.00029849728652031686,0.3,0.96,-0.00010858117232420082,-0.49,0.00478968,1.7,0.14,4.65,-0.0045998848,1.206971486910733e-05,-0.0173410405,-0.42,-0.51,-0.23,-0.0064633409,0.18,-0.0011331445,0.02,-0.0018194678,-0.0004971891,0.03,0.1,0.0048434895,0.63,0.06,4.06,-0.42,-0.29,0.008674184,-0.001279623,-0.23,-0.0092921103,-4.814304612118424e-05,S&P,-0.0011627326,5.3130040353882536e-05,-0.68,0.0018780298,-3.317012134830793e-05,-0.0078566636,1.63,0.0026126904,-2.66,-0.0021861031,-4.855588086641105e-05,0.0024077237,0.84,0.34,-5.241023606814901e-05,1.11,-0.0014690236,0.0057781808,0.44,-0.2,-0.005470848,0.0029020944,2.44,2.45,2.41,-0.01,0.03,0.59,2.18,4.59,4.63,4.62
2014-07-30,1970.069946,0.083231238,2.0,6.09127150358e-05,-0.0045277869,0.0002881547,-0.0048491504,-0.8525404459,-0.5803479218,-0.139901059,-0.1646970633,1975.65104602,1972.11437719,1950.6237792,1853.30874272,2.57,-1.1843173441406155e-05,-0.5,0.79,-0.0002463202471436676,-0.16,-0.0122046262,1.77,-1.12,4.74,-0.0006318319,0.037037037,0.0411764706,-0.28,0.1,-0.58,-0.0023378228,0.54,-0.0014585528,0.04,-0.0070630441,0.0045467185,0.03,0.06,0.005225662,-0.6,0.06,4.15,-0.14,0.34,0.0037207659,0.0078437813,-0.1,0.0046043828,0.00020403701215812654,S&P,0.0108652889,0.0001226715702612512,0.72,0.0043182885,-0.00010838061582653343,-0.00289718,-0.58,0.0074846196,1.42,-0.0021985634,0.00010731144074605253,-0.0008927181,-0.06,0.19,-0.00011339451355749528,1.15,0.0033346803,-0.0062101195,-1.24,0.41,0.00746554,-0.0050530133,2.54,2.53,2.51,0.01,0.03,0.59,2.17,4.68,4.7,4.71
2014-07-31,1930.670044,0.2159791198,3.0,-0.0199992402,6.09127150358e-05,-0.0045277869,0.0002881547,-2.8828225926,-1.4018523415,-1.7310711701,-2.2257422244,1967.47268201,1968.16729784,1949.84127978,1854.07850691,2.58,0.00016479460497873994,-0.69,-0.21,-2.2191626341266485e-05,0.12,-0.0153420845,1.76,-0.46,4.75,-0.018606062,-0.0535714286,-0.0056497175,-0.98,-2.05,-0.36,-0.0259806821,-2.36,0.0004057454,0.03,-0.0096374938,-0.0208675713,0.01,-0.9,-0.0001558632,-1.88,0.05,4.15,-1.94,-1.16,0.0009962179,-0.0295185256,-0.06,-0.0210490918,1.3048311917257822e-05,S&P,-0.0230325537,-0.1666666667,-0.28,-0.0231124146,0.00014638758577984007,-0.041743322,1.45,-0.0006514294,0.45,-0.0010975644,2.9652179939270132e-05,0.0093153733,0.13,-0.02,-3.821046201900806e-05,-0.48,-0.0216031958,-0.0194085299,-1.55,-2.11,-0.0191107262,-0.0063926248,2.57,2.55,2.53,0.02,0.04,0.6,2.17,4.7,4.72,4.74
2014-08-05,1920.209961,0.1267849472,1.0,-0.0096854698,0.0071890325,-0.0028591214,-0.0199992402,-2.5249367363,-3.1922918773,-2.6894342019,-2.215194752,1949.49114775,1957.73210354,1947.37658463,1856.26619091,2.49,-0.00013987464349718418,-0.02,0.31,-0.00011326389498962484,-0.66,0.0037132678,1.66,-0.76,4.74,-0.0101572052,0.00010347993844705501,-0.00015955325551744563,-0.03,-0.98,-0.32,-0.0049167593,-0.19,-0.0012644889,0.03,-0.0066865807,-0.0070828173,0.03,-1.79,0.0051992591,0.32,0.05,4.15,-0.73,-2.33,0.0019585175,-0.004240354,-0.34,-0.0104148452,-3.882658832154123e-05,S&P,-0.0115708958,-0.1666666667,-1.14,-0.0028981412,-2.941889905479142e-05,-0.0192749432,1.64,0.0004583195,1.33,0.000624864,0.00011734250499550146,-0.0015229342,-0.78,0.28,-3.567165530781086e-05,-0.54,-0.0033946085,0.003889015,0.4,-0.64,-0.0098931539,0.0007487832,2.46,2.46,2.44,-0.0001531180672133084,0.02,0.59,2.25,4.69,4.71,4.71
2014-08-06,1920.23999,0.0221312801,2.0,1.56383940349e-05,-0.0096854698,0.0071890325,-0.0028591214,-2.5293495848,-3.3603263025,-3.0950184789,-2.6657120569,1944.17275543,1954.16142606,1946.31240445,1856.90274613,2.49,5.8189921392734694e-05,-0.58,-0.37,0.00021895098089763678,0.13,-0.0060809063,1.66,-0.02,4.75,-0.0003659823,0.0212765957,0.00016760587550553396,1.42,0.09,0.55,-0.0016821278,0.35,-0.001249858,0.03,-0.007892293,0.0005077056,0.03,0.77,-0.0041689092,-0.7,0.05,4.16,0.18,1.47,-0.0026017621,0.005026921,0.04,0.0030324473,-2.7439722458804894e-05,S&P,-0.0067460513,-0.00015182447771525454,-1.13,0.0035575357,-0.00011089546180838464,0.0079430349,0.92,-0.0046398543,2.81,-0.0013822556,-0.00014334088379410368,-0.0011171358,-1.3,-0.2,-0.00014435828553398925,-0.24,0.0089160389,-0.0064963964,-0.65,-0.08,0.0167866107,-0.0069285155,2.46,2.46,2.44,9.614805800747301e-05,0.02,0.59,2.26,4.7,4.72,4.72
2014-08-07,1909.569946,-0.0872045548,3.0,-0.00555662,1.56383940349e-05,-0.0096854698,0.0071890325,-1.0928899045,-3.94420642,-2.4794215433,-2.8050423726,1937.88133554,1949.91461843,1944.87152372,1857.42679787,2.43,-0.00018131840220358007,-0.5,-0.53,8.666416923117498e-05,-0.04,-0.0136220941,1.6,0.81,4.71,-0.0065359184,-0.0833333333,-0.0361445783,0.56,-0.5,-0.9,-0.0050547178,-0.49,-0.0001462701,0.03,0.0114646228,-0.0046106453,0.03,0.03,0.0013649188,-0.95,0.04,4.11,-0.45,-0.35,-0.0079958211,-0.007773433,-0.14,-0.0056909123,-0.0001232285599774328,S&P,-0.0071913702,-0.2,0.25,-0.0051441862,-9.619212073427858e-05,-0.0071732267,-1.45,0.0001566794,-1.06,-0.0014808768,-2.015028629433104e-05,-0.0134370291,0.33,0.2,3.2349308113823834e-05,-0.58,-0.0077450006,-0.0099747988,-1.33,-0.31,0.0023584512,-0.0058467635,2.4,2.4,2.39,-0.00019322836661243164,0.01,0.6,2.28,4.67,4.68,4.68
2014-08-12,1933.75,-0.0621891708,1.0,-0.0016366416,0.0027594252,0.0115314027,-0.00555662,0.705133255,-1.83760765,-2.509668534,-2.0032650419,1936.22144013,1945.82680255,1943.65499537,1859.69266948,2.46,0.00010953694762043618,-0.11,0.15,-0.00010901009639887811,-0.26,-0.0084665501,1.63,-1.59,4.75,-0.001586319,-0.0425531915,0.0061728395,0.04,-0.1,0.05,-0.0002083238,-0.69,0.0007324815,0.03,0.0074073841,-0.0027446426,0.05,-0.95,-0.000237934,-1.26,0.05,4.14,0.02,-0.6,0.0017605531,0.0031100432,-0.13,0.0005326349,0.0001815129766680159,S&P,-0.0022048507,-0.00025563928629042355,-0.57,-0.0077938443,1.9703967593215482e-05,-0.0024309226,0.23,0.0007533486,-1.55,0.0011591931,-5.3918780599367434e-05,-0.0013750821,0.13,0.13,-4.619750722505078e-06,-0.06,-0.005239294,-0.012119993,-0.8,-0.04,-0.0069794491,-6.0291733771e-05,2.41,2.43,2.41,-0.02,6.819514998396651e-05,0.61,2.29,4.7,4.72,4.7
2014-08-13,1946.719971,0.0407091167,2.0,0.0067071602,-0.0016366416,0.0027594252,0.0115314027,1.3789933101,-1.1852358363,-2.0276716673,-1.7587052665,1938.13026392,1945.91186621,1943.7751905,1860.55861278,2.43,-2.569050937421736e-05,0.83,1.06,5.483349772236096e-05,0.26,0.007839651,1.59,1.22,4.74,0.0047076826,-0.0444444444,-0.0245398773,0.33,0.74,0.38,0.0132332707,0.91,-0.0007156799,0.04,0.012867693,0.0102249548,0.04,-0.3,-0.0010068834,1.54,0.06,4.11,0.61,-0.3,0.0081382944,0.0217962916,-0.03,0.0065661582,4.981863351308047e-05,S&P,0.004218622,0.2,-1.37,0.007722655,-4.230191378492356e-05,0.0060919689,-3.6,0.0012318786,-2.02,-0.0069762599,-4.573337656026611e-06,0.0005770548,0.46,-0.01,7.752734811082796e-05,0.66,0.0110305181,0.0142687676,0.79,1.08,0.008590355,0.0036638763,2.39,2.39,2.37,-3.317494611751489e-05,0.02,0.63,2.31,4.68,4.7,4.7
2014-08-14,1955.180054,-0.0399408393,3.0,0.004345814,0.0067071602,-0.0016366416,0.0027594252,2.3885015626,1.2695079657,-1.6499122894,-0.150141003,1941.23022576,1946.79455076,1944.22244004,1861.50011966,2.4,0.00010216731954298577,0.32,-0.56,2.9911910033339686e-05,0.41,0.0025365124,1.58,-2.18,4.69,0.0043184659,-0.023255814,-0.0062893082,0.03,0.45,0.16,0.0026738174,0.28,-0.0001790481,0.04,0.0043102993,0.0042556527,0.04,0.13,-0.0007055288,0.2,0.06,4.06,0.38,-9.137995558009428e-05,-0.0035748997,0.0212394018,-0.00013327506134348446,0.0045839033,2.7369314062925672e-05,S&P,0.00780154,6.498201153147164e-05,-0.64,0.0013662325,-1.522641843660895e-05,0.0001238317025845919,1.96,0.0008593567,1.66,-0.0001833461,4.374778574812168e-05,-0.0073827249,0.46,-0.1,-3.527517380777239e-05,0.23,0.0027521035,0.0028503172,0.26,0.56,0.0019356949,0.0042963644,2.36,2.36,2.34,7.181636572277629e-05,0.02,0.63,2.29,4.63,4.65,4.65
2014-08-19,1981.599976,0.0069252813,1.0,0.0050006522,0.0085316719,-6.13728642303e-05,0.004345814,2.4744654687,3.1970470025,0.5913868519,-0.0973039466,1954.79209342,1952.90323692,1947.11735153,1864.69365325,2.4,1.0890783164904837e-05,0.51,0.82,0.00015556315664074007,-0.7,0.0056256825,1.59,-0.04,4.73,0.0039636569,0.0454545455,0.0063291139,-0.15,0.5,-0.19,0.0138160039,0.36,-0.000277189,0.03,0.0048769895,0.004258737,0.04,-1.09,0.0045728768,0.89,0.05,4.11,0.52,-0.81,0.0067114882,0.0017935791,-0.32,0.005766224,0.00010488923530474664,S&P,0.0033537582,-0.00011375097415595137,-0.55,0.003513421,3.943791101010028e-05,-0.0003014369,2.24,0.0029237209,0.78,-0.0061003867,2.8995680100108953e-05,0.0026184875,0.65,0.31,5.960486205584511e-07,0.94,0.0025316651,0.0096210946,0.61,0.52,-0.0007672037,0.0056368951,2.36,2.37,2.35,-0.01,0.01,0.62,2.33,4.68,4.7,4.69
2014-08-20,1986.51001,-0.0289373332,2.0,0.0024778129,0.0050006522,0.0085316719,-6.13728642303e-05,2.0439528845,3.4511321681,0.8344913861,-0.0251634364,1960.55898735,1956.10388198,1948.66216166,1865.9057563,2.43,0.00010536840888971626,-0.25,0.02,0.0001342162617581665,-0.55,-0.0032107923,1.65,0.71,4.73,0.0018134428,0.0652173913,0.0377358491,-0.26,0.3,-0.16,0.0003979011,-0.41,-0.0002120268,0.04,-0.008382991,-0.0002274509,0.04,0.44,0.0024588441,-0.25,0.06,4.11,0.41,0.1,0.001465216,0.0019395279,-0.45,0.0013898193,9.240299674289792e-05,S&P,-0.0001966771,0.2,2.85,-0.0042667433,-2.3799303626055244e-05,0.0021107549,-1.39,0.0076862498,-1.3,-0.0012778622,-2.4865544889010733e-05,-0.0022799053,-0.06,0.44,9.282630760659617e-05,-0.26,0.0024281275,-0.0021115672,-0.34,0.13,0.0119002692,-0.0035106583,2.39,2.39,2.37,-0.00011510516310217599,0.02,0.62,2.3,4.67,4.69,4.69
2014-08-21,1992.369995,0.0230116764,3.0,0.0029498895,0.0024778129,0.0050006522,0.0085316719,1.9021235883,4.3360574025,3.1957791644,0.2208279281,1966.34280692,1959.5577975,1950.37619434,1867.16410694,2.41,0.00012821751969947876,0.26,-0.47,-0.00013140186889959633,0.39,0.0122949112,1.64,0.34,4.69,0.0030457709,-9.231978351971708e-05,-0.0060606061,-1.15,0.32,0.16,9.94531172319e-05,0.23,0.0018760196,0.02,0.0060066739,0.0012416089,0.03,-0.42,-0.0019513085,0.85,0.06,4.08,0.39,-0.21,-0.0065843298,-0.0085472482,0.17,0.0149202119,-3.429672919094344e-05,S&P,0.00865296,-2.5461795591203248e-05,-0.06,0.0021771034,-5.807377024590348e-05,-0.004212618,1.73,0.0014272091,1.3,-0.0012270885,5.764809428368322e-05,-0.0043535766,0.84,-0.2,8.990686954545521e-05,-1.65,0.0094952331,0.0093359068,1.21,0.2,0.0026555007,0.0032862401,2.38,2.39,2.35,-0.01,0.03,0.61,2.28,4.63,4.67,4.66
2014-08-27,2000.119995,-0.0438834397,2.0,4.9987e-05,0.0010510811,0.0047877791,-0.0019925872,0.6851203836,2.7430768059,4.1598969616,1.5253290403,1983.53383921,1971.93260528,1957.24099505,1872.24181292,2.37,-0.00012747862323951738,0.01,-0.6,2.749583064086862e-05,0.5,0.0004209964,1.65,0.21,4.61,0.0011355202,-0.0192307692,-0.0178571429,0.16,-0.08,0.32,0.0122905938,-0.24,-0.0015140169,0.04,-0.0031103978,-0.0002231679,0.02,0.13,-0.0075342466,-0.22,0.05,3.99,-0.02,0.41,-0.0062114898,0.0039493492,0.18,-0.0025109139,0.00013420441512870018,S&P,-0.0042668929,-3.089783250542533e-05,-0.22,-0.0020933847,4.8648858998449735e-05,-0.0011039743,1.18,-0.0020366799,0.99,0.0017240963,-1.8803027267329002e-05,0.0010688798,-0.06,-0.32,-0.00020981377475825196,0.09,-0.0021268464,-0.0019232521,0.08,0.01,0.0046135717,0.0011579396,2.35,2.33,2.32,0.02,0.03,0.62,2.24,4.56,4.57,4.59
2014-08-28,1996.73999,-0.0264252351,3.0,-0.0016899011,4.9987e-05,0.0010510811,0.0047877791,0.2193365194,2.1256321593,4.5649044793,3.4221251946,1985.93495753,1974.29521335,1958.78997524,1873.48060075,2.34,-0.00015491528000007734,-0.29,-0.15,5.420223391641523e-06,0.1,-0.0066480091,1.63,-0.25,4.57,-0.0025538807,-0.0196078431,-0.0121212121,0.55,-0.01,0.21,0.0011750025,-0.39,-8.15221821859e-05,0.03,0.0002229106,-0.0026085149,0.02,0.72,-0.0011502185,-1.22,0.05,3.94,-0.09,0.67,-0.0071331828,-0.0092080076,-0.08,-0.0072159758,3.508364328310254e-05,S&P,-0.0037007791,3.8896404046229574e-05,-1.51,-0.0057644347,-4.715372143645573e-05,0.0004018989,2.2,-0.0017520457,1.69,0.0007963162,5.893660156725398e-05,-0.0061765959,-0.32,0.08,0.00010953912178565464,0.11,-0.0026158109,-0.0111968274,-0.64,-0.07,-0.0045923844,-0.0036453642,2.32,2.31,2.29,0.01,0.03,0.63,2.23,4.52,4.54,4.55
2014-09-03,2000.719971,-0.0035461244,2.0,-0.0007791408,-0.0005440662,0.0033204148,-0.0016899011,0.0349971997,0.9648766265,3.4632176341,4.1927711883,1993.17671071,1981.48995598,1963.68670713,1877.28233809,2.41,-4.9382199583982854e-05,0.81,2.52,-9.622116698243599e-05,0.13,0.0099444396,1.69,2.42,4.65,0.0023038061,-0.0188679245,-3.195576483993591e-05,0.25,-0.05,0.78,-0.0422071721,-0.64,-0.0011729632,0.03,-0.0028831448,-0.0055739068,0.02,0.19,-0.0038426349,1.18,0.05,3.98,0.12,0.16,0.0229879688,-0.0098720864,0.14,0.0005028155,9.08756372804246e-05,S&P,-0.0003878418,0.00019565629453771035,-0.77,-0.0061638025,-6.296715827027728e-05,0.0062950859,-1.11,-0.0034778452,-3.49,-0.0004116883,1.599348442319579e-05,0.0099649592,0.19,-0.15,7.538133030796352e-05,-0.17,0.0038699787,0.0125665781,0.98,-0.49,0.0038685106,0.0065014792,2.39,2.38,2.36,0.01,0.03,0.67,2.24,4.6,4.62,4.63
2014-09-04,1997.650024,0.0933921238,3.0,-0.0015344211,-0.0007791408,-0.0005440662,0.0033204148,-0.1234911408,0.5607831797,2.6161982082,4.0312687166,1993.9900404,1983.02901007,1965.01860191,1878.48002651,2.45,-0.00011272248583959555,0.03,-0.47,-0.00015064298913348135,-0.25,0.0165246428,1.71,-0.91,4.7,-0.0029962729,0.0384615385,0.0118343195,-0.63,-0.05,0.01,-0.0082878409,-0.3,-0.0004077572,0.03,0.0066725758,-0.002246011,0.02,-0.23,-0.0003673769,1.13,0.05,4.03,0.04,-0.68,-0.0007911106,0.0205015103,-1.57,0.0001674707,-4.682161291107059e-05,S&P,0.0003879922,-4.5916958721360376e-05,0.9,-0.0042569444,-5.463422355864765e-05,-0.0075673493,-0.73,0.0067797483,-1.03,-0.0101998604,-8.90117219896803e-05,0.0079677066,-0.25,1.54,5.489549814267412e-05,0.04,0.0007709522,0.010156301,1.69,-0.06,0.0003852794,0.0006401161,2.43,2.42,2.4,0.01,0.03,0.67,2.25,4.65,4.67,4.68
2014-09-11,1997.449951,0.0100465934,3.0,0.0008819055,0.0036460744,-0.0065450092,-0.0030731142,-0.010015418,-0.1334941907,0.550711597,2.605920767,1996.06618987,1988.79604947,1970.99074982,1884.31467168,2.54,6.953999812768849e-05,-0.59,0.07,0.00011447920067361653,-0.46,-0.0022221082,1.79,0.04,4.79,0.0003445316,8.159037900860779e-05,8.269921311640572e-05,-0.64,0.1,-0.62,0.0042574257,0.73,9.80488283166e-05,0.02,0.0034158839,0.0011533884,0.01,-1.71,0.0080471319,-0.23,0.05,4.12,-0.09,-1.37,-0.0017291289,-0.0024446867,0.07,0.0091184902,-0.00025876898634087284,S&P,0.0013586957,8.90582508817434e-05,-0.55,0.0063090465,-1.9260158245120965e-05,0.0022725029,-3.31,0.0026117894,-2.02,0.0031529132,0.0001643865479462629,-0.0028581128,0.7,-0.1,2.53383770390594e-05,-0.68,-0.0041908278,-0.0009164426,-0.29,-0.05,0.0026974565,-0.0044655275,2.53,2.52,2.49,0.01,0.04,0.67,2.25,4.74,4.77,4.78
2014-09-16,1998.97998,0.1382228897,1.0,0.007484376,-0.0007101514,-0.0059625584,0.0008819055,0.5300657456,-0.164814559,0.0530519729,1.38152039,1993.53916971,1989.11004187,1973.1101131,1887.42619814,2.6,7.644386329680733e-05,-0.13,-0.93,0.00020051265260089088,0.31,-0.0043986473,1.78,2.48,4.9,0.006492627,-0.0517241379,-0.0111111111,0.18,0.77,0.74,-0.0075764639,0.32,0.0006686236,0.02,0.0112455877,0.007492944,0.01,0.54,-0.0069323776,-0.35,0.04,4.22,0.64,0.7,-0.0090725687,0.011948485,0.14,0.0008342176,4.806714025726397e-05,S&P,0.0071236428,-0.2,2.56,0.0038812676,7.035946338938552e-05,0.0118392251,1.63,0.0001120237,-0.7,0.0022774018,0.00011888617169813268,-0.018205393,0.11,-0.3,-8.619861840790857e-05,0.11,0.0110771198,-0.0027641012,-0.4,0.81,0.011188233,-0.0017636165,2.59,2.58,2.56,0.01,0.03,0.68,2.3,4.86,4.88,4.89
2014-09-17,2001.569946,0.0155396148,2.0,0.0012956438,0.007484376,-0.0007101514,-0.0059625584,0.2946351975,0.0424834566,0.0774955243,1.0077699961,1994.99931085,1990.29669941,1974.22618498,1888.56195682,2.62,-5.970885733789014e-06,-0.04,0.79,0.00014125075625469495,-1.27,0.0050486499,1.82,-0.08,4.91,-0.0005828172,0.0727272727,0.0224719101,-0.97,0.1,-1.47,0.0071386178,0.33,-0.0011570867,0.02,-0.0051325494,0.0020713096,0.01,0.04,0.003244327,0.44,0.05,4.22,0.09,-1.23,0.0099602375,-0.0114718388,-0.73,0.0053342055,-0.00011807679242068739,S&P,0.0038233033,0.25,-0.57,0.0025370288,-0.00011776544467630952,-0.0035923022,0.45,0.0127484552,0.5,0.0001303334,-0.00012367444681376594,0.0049370184,-0.38,0.94,-5.055326417217496e-05,1.1,0.0029278901,0.0029659006,0.43,0.16,0.0022892408,-0.0016637161,2.61,2.6,2.57,0.01,0.04,0.69,2.29,4.86,4.89,4.9
2014-09-18,2011.359985,0.0080762256,3.0,0.0048911801,0.0012956438,0.007484376,-0.0007101514,0.6963896138,0.6863044495,0.5619657835,1.2509363092,1997.97397888,1992.30272661,1975.68241243,1889.78382775,2.63,0.00010318559363178261,0.41,-0.91,0.0001195951941531867,0.72,0.0075122902,1.85,-1.28,4.91,0.0045854317,9.916334913823799e-05,0.0164835165,0.18,0.54,0.35,0.0020673262,0.52,0.0002447381,0.02,0.0034393809,0.0068476401,0.01,-1.13,-0.0060588994,1.2,0.04,4.22,0.63,-5.5894039015182954e-05,-0.0085201,0.0030864198,0.44,0.0167467913,2.7302334017475266e-05,S&P,0.0139021906,-0.2,-1.59,0.0046624938,9.087571274337218e-05,-0.0048413781,-2.57,0.0026171625,-2.25,0.0103878142,2.008232013740065e-05,0.0034814928,1.27,-0.8,2.1395314227527913e-05,-0.51,0.0109237779,0.0141416843,0.77,0.77,-0.0022840122,0.0056629509,2.62,2.61,2.59,0.01,0.03,0.69,2.28,4.87,4.89,4.9
2014-09-23,1982.77002,-0.0209931128,1.0,-0.0057765013,-0.0080133231,-0.0004772696,0.0048911801,-0.810911573,-0.2851441918,-0.9743896317,-0.7582898047,1996.17400981,1992.97698174,1977.91823895,1892.91497557,2.54,-8.528207201354414e-05,-1.44,-0.74,-1.1095695872812553e-05,-0.86,-0.0187279177,1.78,-0.12,4.8,-0.0070891656,-0.0172413793,-0.0111111111,0.65,-0.7,-0.37,0.0156342869,-0.94,-0.0004404208,0.01,-0.0106247342,-0.0041964004,0.01,0.08,0.0028354788,-1.64,0.04,4.1,-0.8,0.23,-0.0049433311,-0.0026810324,-0.02,0.0004925135,-0.00010802822223591706,S&P,-0.0151229484,-4.304012091045049e-05,-0.13,-0.0094212777,-1.3794055263776054e-05,-0.005282805,-0.88,-0.0019126437,-0.18,0.0013278793,3.576796084753179e-05,0.0086695253,-0.94,0.01,9.386263049913264e-06,-0.23,-0.0038931963,-0.0158479031,-1.75,-0.39,-0.0023006135,-0.0143941181,2.53,2.53,2.5,9.895480261329234e-05,0.03,0.7,2.26,4.76,4.79,4.79
2014-09-24,1998.300049,0.0105203775,2.0,0.0078324913,-0.0057765013,-0.0080133231,-0.0004772696,-0.1633666116,0.1307872504,-0.1209525588,-0.0859976892,1996.56056239,1993.48394053,1978.71752562,1893.96358327,2.57,-0.00013932313985049526,0.42,0.27,-7.436568848698888e-05,0.3,0.0124720694,1.82,0.1,4.84,0.0064888546,0.0350877193,0.0224719101,-0.48,0.95,0.49,-0.0086710737,1.12,-0.0001958288,0.02,0.0111684061,0.0103201317,0.01,-0.4,0.0004516712,0.82,0.03,4.13,1.04,-0.51,0.0035465374,0.0141519202,-0.52,0.0113226454,-0.00019265442271330623,S&P,0.0005758733,-0.25,0.82,0.0085723758,-0.00018983250677384798,-0.0021868062,2.49,0.0071308986,0.97,-0.0042443108,-4.584829965866469e-05,0.0146584703,0.58,0.6,-8.128119296611478e-05,3.288642560646343e-05,0.0109808302,0.0069764714,1.27,1.26,-0.0034588778,0.0045235552,2.56,2.55,2.54,0.01,0.02,0.71,2.27,4.81,4.82,4.83
2014-09-25,1965.98999,-0.0123119634,3.0,-0.0161687726,0.0078324913,-0.0057765013,-0.0080133231,-2.2556874621,-1.5750062215,-1.5848638961,-1.7063978704,1991.0022765,1990.86546905,1978.21840657,1894.68026393,2.52,-1.7694532826406244e-05,-0.94,-0.49,-4.975605814854223e-05,-1.87,-0.0132406286,1.75,0.05,4.79,-0.0150097058,-0.0508474576,-0.0384615385,0.46,-1.48,-1.08,-0.0381326486,-1.57,-9.79336010184e-05,0.01,-0.0220900798,-0.0194217208,-6.329907989777914e-05,-1.5,0.0026185102,-1.66,0.03,4.06,-1.39,-1.07,-0.0064158942,-0.0191340854,-0.23,-0.0240142621,-0.00021250654011260197,S&P,-0.0138116437,0.0002730853225001147,0.03,-0.0160151625,-0.00010384828484185744,-0.0163848883,1.53,-0.00645835,-1.28,0.0004410649,-3.885546513918446e-05,0.0006520278,1.12,0.12,-1.1357624511728999e-05,-0.13,-0.0141752671,-0.0157276379,-1.36,-1.96,-0.0146548785,-0.0099309026,2.52,2.51,2.49,0.01,0.03,0.73,2.27,4.76,4.78,4.79
2014-09-30,1972.290039,0.2768384587,1.0,-0.0027859287,-0.0025468024,0.0085758249,-0.0161687726,-0.5285525247,-1.3351780041,-0.8121895797,-1.4977919954,1984.64384284,1987.34566336,1978.13782276,1897.13127207,2.52,-4.6938109232012836e-05,-0.2,-1.76,-1.8273499505416996e-06,0.59,0.0133477462,1.78,-2.6,4.81,-0.0042906227,0.00031979249702618025,0.0056497175,-0.55,-0.2,0.32,0.0063929577,-1.4,-0.0018729642,0.02,-0.0017226099,-0.0027652853,0.02,-2.91,0.0041399333,0.62,0.03,4.05,-0.09,-2.97,-0.0127524981,0.0019265272,-0.42,-0.0014917951,8.828325447205951e-05,S&P,0.0034822984,-0.4,-1.54,-0.014518145,-0.00010968096561454245,-0.0040241131,-0.79,0.0024682787,-0.47,-0.0017509943,-0.00014247863918987987,0.0026123554,-0.8,0.4,5.889794270544384e-05,-0.58,0.0004692604,0.0054536919,1.35,0.23,0.00786786,-0.0035958088,2.5,2.5,2.49,-0.00019597889808464018,0.01,0.76,2.29,4.78,4.79,4.79
2014-10-14,1877.699951,0.1055534878,1.0,0.0015788648,-0.0164679297,-0.0114510123,-0.0206614152,-2.9662563026,-4.7959522246,-5.2991556227,-6.0670957295,1924.7049454,1947.05249612,1961.76984341,1900.33775239,2.21,1.2312683234528297e-05,0.57,-0.93,4.558767619565303e-05,-0.65,0.0023414444,1.45,-4.33,4.6,0.0018855525,7.821535394059178e-05,-2.971151519473963e-05,-0.36,0.5,-0.64,-0.0106201585,1.51,-0.00016570217347520894,0.02,0.0018327147,0.0032061831,0.03,0.34,0.009817046,0.35,0.04,3.81,0.14,-0.34,-0.0041225678,0.0060694597,-0.74,-0.0029229367,9.892907743458132e-05,S&P,-0.0272908162,-9.084091993389782e-05,1.58,0.0117220303,-0.00011855412602142289,-0.0031923493,-2.55,0.0023444046,0.84,-0.0109175171,-5.798125253071195e-05,-0.002761585,-0.35,0.59,-9.944555097972245e-05,-0.53,-0.0212873379,0.0014502553,0.2,0.35,0.006263006,0.0041626087,2.18,2.19,2.17,-0.01,0.01,0.79,2.39,4.56,4.58,4.57
2014-10-15,1862.48999,0.2657496555,2.0,-0.008100315,0.0015788648,-0.0164679297,-0.0114510123,-5.4040613843,-4.2992376032,-6.7962796212,-6.9485433811,1913.39313533,1938.99892411,1957.87651582,1899.96115774,2.15,8.856074324509024e-05,-2.9,0.57,1.8093692973752706e-05,1.85,-0.0363309555,1.37,-1.48,4.59,-0.0074828587,-0.1282051282,-0.0551724138,0.67,-1.49,1.32,-0.0122531544,0.4,6.54075709263e-05,0.02,-0.0116624514,-0.0028033172,0.02,0.36,-0.0044984534,-2.99,0.05,3.78,-1.53,0.06,0.003995149,-0.0075897539,1.41,-0.0424211574,0.00014749558888370608,S&P,-0.0200697104,0.25,-2.59,0.0102203987,-2.1740500799049777e-05,-0.0036444173,-0.42,-0.0124308102,-0.32,0.0063329732,-7.408245056949529e-05,0.006016094,1.14,-1.42,0.00013107367245682815,0.29,0.0123698276,-0.0286973077,-3.63,-1.57,0.0074689212,-0.0283292023,2.13,2.13,2.1,-0.00011980285093053456,0.03,0.81,2.44,4.54,4.57,4.57
2014-10-16,1862.76001,-0.1670798581,3.0,0.000144978,-0.008100315,0.0015788648,-0.0164679297,-3.3943373556,-4.2858554039,-5.2507886879,-7.3880347679,1904.18711254,1931.73807515,1954.14645677,1899.59099707,2.17,-2.678030660734572e-05,-0.23,-1.04,9.007649111384394e-06,-0.41,-0.0053556735,1.39,0.82,4.64,0.0013887704,0.0294117647,0.0145985401,-0.16,0.2,-0.82,-0.013122811,1.74,-0.0004251214,0.03,-0.0111059461,0.0004911402,0.04,-0.16,-0.0002752106,0.36,0.05,3.84,0.05,-0.46,-0.010333224,-0.0101644475,-0.22,-0.0081036738,1.5995125810662115e-05,S&P,0.0058516826,0.00010945847943230201,-0.9,0.0127372228,0.00019853112502751354,0.0042118931,-0.11,0.0040101527,2.02,0.0065025979,0.00010460463415082689,-0.0072339034,-2.32,0.26,5.96726849243752e-05,-0.75,-0.0145606355,0.0012774451,-0.52,-0.28,-0.001235626,-0.0025275607,2.13,2.14,2.12,-0.01,0.01,0.8,2.47,4.59,4.61,4.6
2014-10-21,1941.280029,0.1968894186,1.0,0.0195744869,0.0091426572,0.0128841074,0.000144978,3.386061653,0.3193660832,-1.5722844707,-2.0925266461,1908.78382844,1926.7510159,1949.3134526,1899.92420264,2.23,0.00025543022128194536,1.67,0.35,7.894605419516833e-05,-0.08,0.0225493832,1.44,0.96,4.66,0.0167942986,0.027027027,0.0212765957,0.22,2.0,-0.05,0.0271651859,1.66,-0.0004252813,0.02,0.0181487968,0.0239593334,0.04,1.16,-0.0056677294,1.9,0.06,3.92,1.32,0.57,0.0007941095,0.0297834697,-0.66,0.0229560123,-7.532329970175442e-05,S&P,0.0258235258,-1.241531001258189e-05,1.37,0.0163292195,0.00013982405158708338,0.0204860528,1.12,0.0010382564,1.19,-0.0027235579,9.101073521777388e-05,-0.0072435363,-2.25,0.71,-2.614681370166773e-05,-0.82,0.0116935891,0.0194086783,2.28,2.73,0.0167798635,0.0167860263,2.19,2.21,2.17,-0.02,0.02,0.74,2.43,4.6,4.64,4.62
2014-10-22,1927.109985,-0.0564722642,2.0,-0.0072993302,0.0195744869,0.0091426572,0.0128841074,3.46954858,-2.1220093394,-0.9788531604,-3.5625312643,1912.11585691,1926.78520343,1948.44272838,1900.19470794,2.25,0.00013798933167997904,0.39,1.07,-7.719995277539541e-05,-0.39,0.0058437764,1.46,-1.75,4.67,-0.0090441568,0.0789473684,0.0138888889,-0.66,-0.67,-0.01,0.0050746267,-1.37,-0.0004418262,0.02,-0.0111408197,-0.0082882787,0.04,-1.82,0.0019593872,0.43,0.06,3.93,-0.74,-2.28,0.0136600269,-0.0074841788,-0.52,-0.008285845,3.050225532008275e-05,S&P,-0.0055501089,-4.7058945453779396e-05,-0.3,-0.0143595106,5.6013473620641045e-05,-0.0055526427,-1.4,0.0011866736,0.55,-0.0043481229,8.833833670638781e-05,-0.0056008223,2.57,0.5,-0.00011609362823004598,0.89,0.008569151,0.0059840133,0.55,-0.56,-0.0102161096,0.0042999217,2.21,2.23,2.19,-0.02,0.02,0.74,2.42,4.61,4.65,4.63
2014-10-23,1950.819946,0.0072622298,3.0,0.0123033772,-0.0072993302,0.0195744869,0.0091426572,4.7273902987,1.1725893682,0.2389257822,-0.7716236643,1919.15296402,1929.07422653,1948.5359526,1900.69844165,2.29,-4.9473103595168765e-05,0.43,0.15,-2.6293648557572576e-05,-1.35,0.0128110063,1.52,2.5,4.71,0.0109045531,-2.0765657237580398e-05,0.0410958904,-0.72,1.09,-0.19,0.0178658514,1.76,0.000196454,0.01,0.0144208875,0.0159576393,0.02,-0.42,-0.0024,1.37,0.06,3.96,1.14,0.47,-0.0030247438,0.0006709653,-0.02,0.0106179284,0.00020484645398136277,S&P,0.0085708594,6.900493677135532e-05,0.93,0.0178872565,-1.5638223480996653e-05,0.0105229682,-1.01,0.0094542126,0.74,-0.0009616745,0.00010895701615447071,-0.0103737204,-0.13,0.03,6.99364343400946e-05,0.02,0.0139300137,0.0119874998,1.3,1.42,0.0099245728,0.0030470177,2.27,2.28,2.23,-0.01,0.04,0.75,2.42,4.65,4.7,4.69
2014-10-28,1985.050049,0.0323267945,1.0,0.0119390731,-0.0015015683,0.0070534495,0.0123033772,2.2546989278,5.7171060767,2.5812657547,0.646964176,1942.98220623,1939.97859143,1951.04203026,1902.76106306,2.3,-0.0001226317397916288,0.65,1.55,-3.4719587912887573e-05,0.33,0.0038883813,1.53,0.23,4.73,0.0126569277,0.0243902439,0.0132450331,0.24,1.18,0.61,0.0155075348,2.82,-9.82463034829e-05,0.02,0.0126334568,0.0174679186,0.02,0.38,0.000889838,1.86,0.05,3.96,1.07,0.41,0.0162954306,0.019381298,0.28,0.0168827083,8.983531981819684e-05,S&P,0.0091599686,-0.1666666667,0.97,0.0286089877,1.7069504350733796e-05,0.0148329849,2.47,-0.0033178776,1.53,0.0019834772,5.9498124222358574e-05,0.0207096208,-0.45,-0.23,0.00013555068643305906,-0.14,0.0069184299,0.0185990481,0.45,1.38,0.0141065439,0.0060815895,2.28,2.28,2.25,-0.00010305473781191179,0.03,0.77,2.43,4.68,4.71,4.71
2014-10-29,1982.300049,0.0238389822,2.0,-0.0013853555,0.0119390731,-0.0015015683,0.0070534495,2.863877227,6.4327894186,0.6810961454,1.8569909138,1950.13090491,1944.00920644,1952.26783492,1903.55249576,2.34,-2.4370133562015518e-05,0.66,1.03,-7.288290174514532e-05,-1.49,-0.0004935443,1.61,1.27,4.7,-0.0029237758,0.1428571429,0.0522875817,-1.35,-0.39,-0.65,0.0056211168,-0.52,-0.0005240318,0.03,0.0027962356,-0.0032995403,0.01,0.22,-0.0071123755,0.03,0.07,3.93,-0.07,-0.64,0.0127340642,-0.0049731081,-0.8,-0.0057018278,-0.0001505798718357935,S&P,0.0075318464,0.4,0.13,-0.0026795042,5.8029827970234105e-05,-0.0053627972,2.16,0.0024943482,1.34,0.0011138074,0.00017464594049231417,0.0150388681,1.57,0.8,-5.9583617013434325e-05,1.94,0.0073480007,0.0016121342,-0.12,-0.53,-0.0085007345,0.0080753031,2.33,2.31,2.27,0.02,0.06,0.77,2.36,4.63,4.67,4.69
2014-10-30,1994.650024,-0.0412260885,3.0,0.0062301239,-0.0013853555,0.0119390731,-0.0015015683,2.2467515821,7.0803545971,3.4456861205,2.491045433,1958.2252902,1948.83214144,1953.92988155,1904.45893882,2.32,-4.652143603689432e-05,0.11,-0.49,0.00014136358620181846,0.58,0.0074441196,1.58,-1.01,4.71,0.0061550076,3.0231811169724096e-05,-0.0186335404,-1.06,0.82,0.41,-0.0033537639,1.06,-0.0003440762,0.01,-0.0122265125,0.0037171471,0.01,-5.06,0.0020594556,0.35,0.06,3.88,1.12,-3.63,-0.0049467139,0.0168299064,-0.15,0.0016865913,-3.777279457006899e-05,S&P,0.0055587696,-0.1428571429,-1.29,0.0081998177,0.00039280343785433157,-0.0014800614,2.66,0.0067892648,-0.51,-0.0084991293,-2.1397073851442286e-06,0.007604581,0.64,0.12,4.999106300999945e-06,-0.08,0.014020491,0.003526472,0.79,0.42,0.0003897116,0.0015029976,2.31,2.31,2.26,7.774891719602019e-05,0.05,0.83,2.39,4.65,4.7,4.7
2014-10-31,2018.050049,0.1969075471,4.0,0.0117313938,0.0062301239,-0.0013853555,0.0119390731,2.7217061254,6.9584917162,5.8715850286,2.548403089,1969.10251907,1955.42432311,1956.44439792,1905.58919863,2.35,7.499207475806491e-05,1.13,1.0,0.00013877423535675946,-0.74,0.0221792518,1.62,-0.44,4.74,0.0123979844,0.0416666667,0.0253164557,-2.04,1.16,-0.41,0.0095344641,1.49,0.0005408772,0.01,0.0195440178,0.0141476378,0.01,-1.92,0.0002680726,2.23,0.05,3.9,1.15,-1.7,0.0124892834,0.0213661813,-0.7,0.0183532753,0.0001256976977517173,S&P,0.0120091691,-0.1666666667,-0.36,0.0153490657,0.0001477139007754906,0.0239280262,1.2,0.0033716994,-0.86,-0.0002880237,-0.00010006082012235478,0.0121711112,5.23,0.73,4.1914767451666174e-05,0.48,0.0069132847,0.0232620953,2.19,1.49,0.0054537982,0.0128256545,2.34,2.34,2.3,6.822136724220995e-05,0.04,0.84,2.39,4.69,4.73,4.73
2014-11-03,2017.810059,-0.1716682703,-0.0002711814219603762,-0.0001189217,0.0117313938,0.0062301239,-0.0013853555,2.8639475261,5.9768619074,7.6314619501,2.6969449851,1977.95843542,1961.36582177,1958.85089443,1906.7058241,2.36,-6.105688657023585e-05,-0.7,-0.47,-0.00012606587537883473,-0.87,-0.0092273163,1.63,-1.26,4.75,-0.003349938,0.04,0.0061728395,-0.77,-0.02,-1.34,0.0129629815,-0.29,-0.0002948644,0.02,0.0104365919,0.0017642799,0.03,1.39,0.0083080222,-0.59,0.07,3.9,-0.15,-0.31,-0.0034206866,0.000851208,-0.34,0.0066137731,3.781139041380383e-05,S&P,0.0052740441,0.4,0.59,-0.0028206483,1.6127994180814255e-05,-0.014993248,4.47,0.0332195444,1.48,-0.0017086411,-4.743267369951501e-05,0.0044595762,4.11,0.3,-2.8389787675513578e-05,-0.46,-0.002969011,-0.0080595013,-0.95,0.16,-0.0042618367,-0.0089360727,2.33,2.34,2.29,-0.01,0.04,0.85,2.39,4.68,4.73,4.72
2014-11-04,2012.099976,0.1127342889,1.0,-0.0028298417,-0.0001189217,0.0117313938,0.0062301239,1.3626823673,3.6481056799,7.1576944404,3.9791225753,1984.16598826,1966.19764598,1960.93909371,1907.75452213,2.35,-6.93952145307632e-05,-0.41,-0.08,0.00016848258179025946,1.18,-0.0152216001,1.63,-2.31,4.74,-0.0046813909,0.00013633136899184406,-0.0001267905516505821,0.25,-0.27,0.68,-0.0073126507,-0.34,0.0009176266,0.03,0.0027403247,-0.0032917255,0.04,-1.53,0.0062549836,-0.86,0.06,3.89,0.12,-0.68,-0.0029398994,-0.0095185235,0.5,-0.0103482423,-9.263587375348666e-05,S&P,-0.0018736931,-0.1428571429,-1.46,-0.0040846925,0.00013804717823801723,-0.0077682656,2.05,0.0071516557,-1.3,0.0003192752,0.00023610837661713706,-9.62109400314e-05,-2.66,-0.64,3.342529540761467e-05,-0.82,0.0107947516,-0.0092124114,-1.61,-0.33,9.152743668500585e-07,-0.0052404439,2.31,2.32,2.29,-0.01,0.02,0.85,2.39,4.68,4.71,4.7
2014-11-05,2023.569946,-0.047941743,2.0,0.0057004971,-0.0028298417,-0.0001189217,0.0117313938,2.0819197891,5.0054206429,8.6486347237,2.77719581,1991.33034421,1971.66167456,1963.39520557,1908.90691441,2.36,0.00011219396941594512,1.21,-0.46,-8.908018312524597e-05,-1.06,0.0189410129,1.63,0.16,4.75,0.0061349292,-0.00010419153065684002,5.371324134405864e-05,-2.3,0.66,-1.67,0.0023941345,0.29,-0.000491135,0.03,0.0060963002,-0.0006315202,0.04,-3.2,0.003108051,1.49,0.07,3.9,0.62,-4.12,-0.0062921728,-0.0207721312,-0.48,0.0149377925,-3.3218733648366626e-06,S&P,0.0048807772,0.1666666667,-0.4,0.0014157145,0.0001907251457622439,0.0058189062,1.57,-0.0014782486,-1.39,0.0017285425,-4.9767046858519845e-05,-0.0042542919,1.68,0.46,5.221321390188883e-05,-0.16,0.0018412539,0.0162560666,2.01,-0.02,0.0046692216,0.0131856365,2.32,2.33,2.29,-0.01,0.03,0.85,2.39,4.68,4.72,4.71
2014-11-06,2031.209961,-0.025704948,3.0,0.0037755132,0.0057004971,-0.0028298417,-0.0001189217,1.8328998351,4.1208321232,9.0430302398,5.3417419308,1998.58118363,1977.33293993,1966.05460774,1910.12386015,2.39,1.8472039846515673e-06,0.41,-0.21,-1.7222902419651025e-05,-0.48,0.0045765999,1.67,-0.11,4.79,0.0017987435,0.0384615385,0.0245398773,-0.02,0.46,-0.4,-0.0014698144,0.49,-0.0002129297,0.03,0.0175511906,0.0038413925,0.04,-0.03,0.0001141062,0.74,0.06,3.93,0.52,0.33,-0.0019543104,0.0004047822,-0.89,0.0013082256,9.23380166143763e-05,S&P,0.0099010276,-0.1428571429,0.26,0.004104329,-0.00013389826244681775,0.0125171137,5.01,0.0103542119,-0.83,-0.0026020842,-7.158759264241965e-05,0.0022364464,-1.0,0.96,-1.5965816398770737e-05,0.59,0.001746021,0.00664804,0.49,0.49,0.0209140589,0.0018504224,2.35,2.36,2.33,-0.01,0.02,0.86,2.4,4.73,4.76,4.75
2014-11-07,2031.920044,0.0094038591,4.0,0.0003495862,0.0037755132,0.0057004971,-0.0028298417,0.6872968788,3.4277092054,7.6936140914,6.5992371281,2004.6427946,1982.53171175,1968.63756602,1911.33576247,2.32,-1.0682480240469047e-05,0.28,-0.63,0.0003619076882840475,0.82,-0.0089387176,1.6,0.64,4.75,0.0019403294,-0.0555555556,-0.0419161677,3.11,-0.1,0.89,0.002851932,-0.11,-0.000327654,0.03,-0.0004106981,-0.0012806873,0.04,1.86,0.0028172228,-0.93,0.06,3.88,-0.02,2.2,-0.0041891417,0.0108548066,0.64,0.0039196636,6.530156901296823e-05,S&P,-0.0040695708,1.1638300619937258e-05,0.76,0.0012458493,-4.840319391024517e-05,0.0034281528,0.18,0.0045441019,-1.13,-0.0077307819,-5.1351152445652995e-05,-0.0027467479,0.71,-0.78,4.6875521894084045e-06,0.1,-0.0074305567,-0.0091261955,-0.89,-0.29,0.0018967753,0.0024423006,2.28,2.29,2.26,-0.01,0.02,0.87,2.43,4.69,4.72,4.71
2014-11-10,2038.26001,-0.1132041854,-3.6892115984051036e-05,0.0031201848,0.0003495862,0.0037755132,0.0057004971,1.0134725471,3.9064453951,7.050908309,8.722277269,2010.75501558,1987.83916872,1971.36785795,1912.59869031,2.38,9.97827222120445e-05,0.59,1.01,0.00013127082985333642,-0.06,0.0078593199,1.65,-1.26,4.79,0.0025752944,0.0784313725,0.03125,-2.21,0.39,-0.16,-0.0016512246,0.5,0.0017699115,0.02,0.0043138661,0.0041209302,0.04,2.63,-0.0086379668,0.53,0.07,3.92,0.3,-0.95,0.0082571975,0.0175081714,-0.26,0.0074833088,-5.45196599690995e-06,S&P,-0.0001856984,0.1666666667,-0.85,0.0053267653,-2.0824276767971167e-05,-0.003209411,-3.56,-0.0055828122,0.9,0.0027642881,-8.902230035383132e-06,0.0223372666,-0.89,0.25,-4.551074936143957e-06,1.01,0.0057301573,0.0064615946,0.78,0.47,0.0022718289,0.0067151311,2.34,2.36,2.31,-0.02,0.03,0.87,2.41,4.72,4.77,4.75
2014-11-11,2039.680054,-0.0994295177,1.0,0.0006966942,0.0031201848,0.0003495862,0.0037755132,1.3707111142,2.7520719202,5.0688217841,8.6265168678,2016.01411348,1992.77639589,1974.04676759,1913.86318149,4.524356741123688e-05,7.006470378132083e-05,0.2,0.09,-4.2907168678187596e-05,0.76,0.0050393516,0.00011055085765627406,-0.81,0.0001346419533463644,0.0013743972,-1.0,-1.0,1.23,0.12,0.75,0.0079940732,0.14,-0.0005398508,-0.00011553068116727455,-0.0004090816,0.0019218986,-4.529051607249216e-05,-2.63,0.00369893,0.26,2.6235511838976153e-05,-4.12707855722481e-05,0.09,0.77,0.0026776535,0.0226148777,0.43,-0.0090424834,-0.00016466581009769223,S&P,-0.0046442502,-1.0,0.5,0.0003306417,-1.300347941175688e-05,0.0013502804,-0.19,0.0019208526,0.94,-0.0019974668,0.00017594380821620823,-0.0010464789,1.79,-0.38,0.00018703626082211346,-0.12,0.0008270906,0.0018349438,0.54,0.31,-0.0034000757,0.0024352393,-0.00013337394612356675,6.158324571055535e-05,3.901366615184354e-05,0.00013461710645294912,2.0644110650859116e-05,2.0172961954313913e-06,-0.00012737895423840456,0.00010081383764454694,0.00012532902180394255,0.00013554879517748005
2014-11-12,2038.25,0.0974641012,2.0,-0.0007011168,0.0006966942,0.0031201848,0.0003495862,0.725453253,2.822476397,5.7671858828,9.4368297786,2020.05700194,1997.10721533,1976.56454141,1915.10086128,2.37,9.903443983580589e-05,-0.3,0.63,-7.435419133564301e-05,0.92,-0.0151316448,1.65,-1.58,4.8,-0.0021544749,2.688514187429011e-05,2.1754594063109088e-05,-0.33,-0.02,0.38,0.0141294717,0.58,0.0008183976,0.02,-0.0018416207,0.0031283961,0.05,-0.38,-0.0031223888,-1.72,0.07,3.95,0.05,-0.45,0.0054561016,-0.0016025127,-0.29,-0.0131985989,2.3865174774564232e-05,S&P,-0.0007465659,-8.483105550244291e-05,-0.26,0.0055171448,-0.00014939931677161288,-0.0106836112,-1.46,0.0084355356,3.36,0.0045864008,-0.00019240228242264543,0.0095851033,0.41,0.21,-5.2830504397100267e-05,0.38,-0.0014691396,-0.0168715766,-1.53,0.3,0.0053070889,-0.0024745605,2.32,2.35,2.3,-0.03,0.02,0.85,2.43,4.73,4.78,4.75
2014-11-13,2039.329956,0.0642570034,3.0,0.0005298447,-0.0007011168,0.0006966942,0.0031201848,0.3997614799,2.2399885425,4.5370671026,9.4789422713,2023.5611754,2001.12842873,1979.02593022,1916.33697167,2.35,0.00010121748493721674,0.7,0.29,5.909774655812912e-05,0.01,0.0019307521,1.64,-3.06,4.82,-0.0013883048,-0.0363636364,-0.0060606061,0.09,-0.1,0.02,0.0141123596,-1.05,0.0002780276,0.02,0.0170152115,0.0010694867,0.05,0.01,-0.0010146462,0.53,0.08,3.97,0.11,-0.06,0.0034154546,0.0159545467,0.31,-0.0054491578,-2.8259421191413488e-05,S&P,-0.0028016809,0.1428571429,-1.15,-0.00931328,-0.00018398621250860582,-0.0075486792,-4.97,-0.0013048712,2.22,-0.0098712177,0.00019521960041663693,-0.0030493648,1.52,-0.31,-0.00011662265397798672,-0.38,0.0029425287,0.004076644,0.2,0.21,-0.0037707391,0.0037059446,2.3,2.33,2.27,-0.03,0.03,0.85,2.47,4.74,4.8,4.77
2014-11-14,2039.819946,-0.0660266781,4.0,0.0002402701,0.0005298447,-0.0007011168,0.0006966942,0.388790003,1.0787590234,3.8298257992,8.1123160968,2026.51731551,2004.81333514,1981.41000927,1917.56565798,2.32,1.8925082888946696e-05,0.1,0.2,-4.5264394811082724e-05,0.34,0.0034646463,1.62,1.91,4.8,0.0010773804,0.0188679245,-0.012195122,2.26,0.2,0.3,0.0120546002,-0.03,-0.0002289003,0.02,-0.0006046966,0.0017947971,0.04,4.41,0.0051667035,-0.11,0.07,3.94,0.05,4.15,0.0028077259,0.0358316342,0.37,0.0008301345,-6.837831992117416e-05,S&P,-0.0007492227,-0.125,1.97,-0.0013697104,-1.9673292660550826e-05,0.0045424887,1.08,0.0021977762,1.26,-0.0042241401,-4.912510522955794e-05,-0.0030099946,0.17,-0.48,-1.9463062198581487e-05,-0.8,-0.0083432291,0.0004790679,0.37,0.4,0.0015139667,0.0028483011,2.28,2.3,2.25,-0.02,0.03,0.86,2.48,4.73,4.78,4.76
2014-11-17,2041.319946,-0.0230049611,-4.3034305069760464e-05,0.000735359,0.0002402701,0.0005298447,-0.0007011168,0.1501249097,1.1651189315,4.0624348525,7.2116183885,2029.20870287,2008.29015522,1983.75941856,1918.79704393,2.34,2.7339190078488564e-06,0.35,-1.08,5.439235274841217e-05,0.03,0.0056253093,1.64,-0.13,4.83,0.0002408056,7.549694835318951e-05,0.012345679,-0.14,0.09,-0.43,-0.0016640568,-0.67,0.0007686269,0.03,-0.0024203912,-0.0037410449,0.02,-0.73,-0.0079342764,0.68,0.07,3.95,0.07,-0.92,-0.0120519862,-0.0145507257,-0.58,0.0016589582,1.662267450855163e-06,S&P,0.0016869916,-1.694129602411927e-05,-0.26,-0.008161524,-0.00017109081687364283,0.0002103796,7.99,0.0092554827,-1.49,-0.002286929,7.179745226965805e-05,-0.0016396283,-2.35,0.63,7.87193292258065e-05,0.3,0.0012943694,0.0057721304,0.5,-0.23,0.00566901,0.0026448813,2.32,2.31,2.27,0.01,0.05,0.88,2.49,4.76,4.8,4.81
2014-11-18,2051.800049,0.0835106838,1.0,0.0051339835,0.000735359,0.0002402701,0.0005298447,0.5942105957,1.9730666206,3.3626356189,5.6931518559,2033.31622035,2012.43395463,1986.42767857,1920.12045692,2.32,3.5467842090658005e-05,0.51,-1.39,-4.62176761632564e-05,0.15,0.0085846961,1.63,-1.06,4.84,0.0053706563,-0.0185185185,-0.006097561,0.93,0.43,0.14,0.0129836216,0.29,-0.0008497426,0.02,-0.0145571576,0.0067308801,0.04,3.08,0.0003808444,1.6,0.07,3.96,0.2,0.37,-0.0112581105,0.0058195483,0.7,0.0024842331,-2.7776394267224876e-05,S&P,-0.0031811191,-3.9858056075613945e-06,-1.28,0.0051966099,-3.587671383839019e-07,-0.0025233729,-2.23,-0.0021386531,-0.52,-0.0016264138,-2.9926820511777192e-05,-0.0071071557,1.88,-0.7,0.00017274259244763268,0.8,0.0048938041,0.0161374406,0.89,0.61,0.0150319047,0.0055605662,2.28,2.3,2.25,-0.02,0.03,0.88,2.52,4.77,4.82,4.8
2014-11-19,2048.719971,-0.0074176202,2.0,-0.0015011589,0.0051339835,0.000735359,0.0002402701,0.5136745247,1.2428542463,3.3506492639,6.3104849721,2036.11690229,2015.88976571,1988.87051357,1921.40005407,2.36,-0.00011118455667738001,-0.18,-0.55,-0.00012654667260614326,-0.88,0.0008938804,1.66,-0.47,4.87,-0.0012995902,0.0188679245,0.018404908,-1.19,-0.06,-1.18,-0.0069282324,-0.88,-0.0004906531,0.01,-0.0106688752,-0.0056842789,0.04,-1.53,0.0023727313,0.08,0.07,3.98,0.03,-0.37,-0.0066240915,0.0049549627,0.14,0.0011564348,4.747899172813564e-05,S&P,0.0016895251,-0.0002463431064932229,1.2,-0.0107581841,-2.117381930337152e-05,0.0078001262,2.99,0.0019117586,-2.03,-0.0007819248,-0.00010517423213059954,-0.002588804,0.06,-0.13,-0.00011248483664862548,-0.3,-0.000643205,0.0017204547,0.09,-0.34,-0.0033320992,-0.0018631411,2.32,2.35,2.29,-0.03,0.03,0.89,2.51,4.8,4.86,4.83
2014-11-20,2052.75,-0.0774319124,3.0,0.0019670961,-0.0015011589,0.0051339835,0.000735359,0.6580614363,1.0604535924,2.9127904796,5.2249852278,2039.14110187,2019.40026421,1991.37559147,1922.70701871,2.34,1.9382877726689848e-05,-0.14,-0.12,2.8051846710393337e-05,0.22,-0.0074961454,1.64,1.57,4.86,0.0009598972,-0.0185185185,-0.0120481928,0.88,0.23,0.00011984971426732478,0.0143019101,1.04,-0.0002945364,0.02,0.0099543756,0.0055949056,0.04,1.36,0.0024024448,0.26,0.07,3.97,0.21,0.74,-0.0010126902,0.0122496475,-0.11,-0.0079207758,-6.303113651214779e-05,S&P,0.0022488568,7.977401200596979e-06,-0.66,0.0112811371,3.479107204519117e-05,0.0021964125,2.7,0.0109438771,1.65,0.0028684481,8.970184897644965e-06,0.000591535,-0.29,0.17,-7.8234482647546e-05,-0.16,-0.0053328612,0.0011791574,-0.71,0.5,-0.0026002972,-0.0026431616,2.3,2.32,2.27,-0.02,0.03,0.89,2.52,4.79,4.84,4.82
2014-11-21,2063.5,0.2519363614,4.0,0.0052368774,0.0019670961,-0.0015011589,0.0051339835,1.1608894229,1.554192848,2.2521716457,5.0351752647,2043.56999244,2023.60023905,1994.20399965,1924.1079439,2.31,-8.170782961256339e-05,1.15,0.56,9.732410905952178e-05,0.19,0.0266921149,1.63,1.3,4.8,0.0080243874,-0.00012072107971103803,-0.006097561,0.64,0.48,0.6,0.0013756599,0.1,0.0006547181,0.01,-0.0147844145,0.0023607836,0.04,1.62,-0.0035245396,2.59,0.07,3.94,0.49,1.04,0.0037464609,0.0063229744,-1.2,0.0054890553,-3.454228920320982e-07,S&P,0.0061705497,-0.00020141111923363886,0.26,0.0014264736,-0.00010776260654099748,0.0103318514,-4.97,0.0007448031,-0.09,0.0013653628,8.209769576270237e-06,0.0140642187,0.35,1.14,-2.8572386408846764e-05,0.14,-0.0029580237,0.0262105516,2.65,0.1,0.0052141527,0.0107652314,2.27,2.3,2.24,-0.03,0.03,0.86,2.49,4.73,4.79,4.76
2014-11-24,2069.409912,-0.2012960816,-0.00014571050972545917,0.0028640233,0.0052368774,0.0019670961,-0.0015011589,1.3760687566,1.5282594884,2.5572205258,5.4944055059,2048.26815963,2027.96306504,1997.15325111,1925.55373462,2.3,-9.904915524955256e-05,-0.37,2.05,0.00017181023836358123,-0.3,0.00487896,1.62,-0.85,4.8,0.0014220984,-8.552872763811764e-05,-0.0061349693,-0.33,0.28,-0.6,0.0185455137,1.3,0.0002290014,0.02,-0.0081283868,0.0088945867,0.04,-0.52,-0.0069679017,0.54,0.08,3.94,0.07,0.24,0.0194572328,0.0090491235,0.43,0.0084366913,1.0505969529184545e-05,S&P,0.005389277,0.1428571429,-1.02,0.012384552,-4.6302290658985045e-05,-0.0112591367,-2.7,-0.0041611438,0.46,-0.0029417218,-0.00013302838635308693,0.0188077064,0.88,-0.3,-5.922209938439845e-05,1.06,-0.009085889,0.0054446404,0.31,0.77,0.0003705076,-0.0031107425,2.26,2.28,2.22,-0.02,0.04,0.86,2.5,4.72,4.78,4.76
2014-11-25,2067.030029,0.0846786826,1.0,-0.0011500298,0.0028640233,0.0052368774,0.0019670961,0.7422740831,1.3408953501,2.7299862659,4.1298696746,2051.67940861,2031.68372828,1999.89351691,1926.96145895,2.27,-3.279406563636651e-05,-0.29,0.05,5.664287402286933e-05,-0.64,0.0031750735,1.58,-1.69,4.73,-0.0010913275,-0.0377358491,-0.024691358,0.32,-5.731733038798591e-05,-1.01,-0.0086824499,0.02,0.0027473875,0.02,-0.0025215171,0.0007066121,0.06,1.43,0.0052358818,0.63,0.07,3.88,0.09,1.33,-0.0020604436,-0.0017876474,0.26,-0.0108267718,-0.00021782903476033348,S&P,-0.0040664881,-0.125,-1.43,-0.000513914,-0.00011599976666954577,-0.00982033,3.16,0.0060300226,1.73,0.0030922657,-0.0002304398515698114,0.0133032659,-0.43,-0.26,0.00010104919306103482,-0.08,-0.0016841318,0.0077328305,0.26,0.25,-0.0051851481,0.0001932142,2.21,2.25,2.2,-0.04,0.01,0.85,2.46,4.66,4.71,4.67
2014-11-26,2072.830078,-0.1908904961,2.0,0.002805982,-0.0011500298,0.0028640233,0.0052368774,1.1768376031,1.6965572427,2.4343182254,4.5669185674,2055.52498486,2035.60242825,2002.75377421,1928.41288799,2.24,4.6715058610625524e-05,0.41,1.09,0.0001463125540564635,0.79,-0.0020286417,1.56,-0.74,4.71,0.0016809699,0.0392156863,-0.0126582278,-0.27,0.23,0.19,0.0119047791,0.42,-0.0008480519,0.02,0.005898441,0.006109352,0.06,-0.38,-0.003631854,0.74,0.07,3.86,0.01,-1.2,0.0112427161,-0.0043875417,0.25,0.0006633665,0.00012581586365259425,S&P,0.0074238677,8.042862127245504e-05,-0.03,0.0036162275,0.0001777346483835277,-0.0031651826,1.7,-0.0055126799,0.65,0.0015251215,2.1438938811347683e-05,0.0145233228,-0.29,-0.29,-0.00016939223254403278,-0.3,0.0047797752,0.0055114544,-0.17,0.59,0.0003723008,-0.0002822574,2.18,2.22,2.17,-0.04,0.01,0.85,2.47,4.64,4.69,4.65
2014-11-28,2067.560059,-0.0876492573,4.0,-0.0025424269,0.002805982,-0.0011500298,0.0028640233,0.7214740714,1.3842832503,1.7895785615,3.655279579,2057.71318016,2038.64601213,2005.29519714,1929.79743696,2.18,2.2749021052902375e-06,0.16,-0.2,6.120504466829792e-05,-0.18,0.0038322993,1.49,-3.35,4.7,-0.0083726242,-0.1132075472,-0.0448717949,-2.05,-0.23,-0.42,-0.0005882353,-1.6,0.0004243859,0.02,0.0012565654,0.0009003073,0.04,-4.69,0.0080903272,0.06,0.07,3.83,-0.01,-4.86,-0.0051647043,0.0151992322,-0.12,-0.0029830958,-0.00012697871309513755,S&P,0.0036846169,-0.00013033743233680395,-3.1,-0.0146058483,-2.165844970041541e-05,-0.0417019673,-2.48,0.0003310074,2.87,0.0002353532,8.403992002701968e-05,0.0299559954,1.16,0.18,4.447582838838434e-05,0.08,0.009700597,0.0065846046,0.21,0.25,-0.0141422027,-0.0009808145,2.14,2.16,2.11,-0.02,0.03,0.87,2.52,4.63,4.68,4.66
2014-12-01,2053.439941,0.660522071,1.610655561024691e-05,-0.0068293629,-0.0025424269,0.002805982,-0.0011500298,-0.4875240611,0.6677057466,1.0590917228,1.753667706,2056.93622758,2040.05495774,2007.18322631,1931.02771063,2.22,-0.00013619676152156683,-1.06,-2.82,7.501911424163865e-05,0.17,-0.0029270093,1.52,3.41,4.76,-0.0061020615,0.0425531915,0.0201342282,3.73,-0.75,-0.22,-0.0324560666,-1.16,0.00066894,0.03,0.0169420201,-0.0134150146,0.01,12.81,0.0101331687,-0.15,0.08,3.86,-0.32,6.53,-0.0258468499,-0.0373258163,0.14,-0.0026595745,6.3223993331727115e-06,S&P,-0.0121145374,0.1428571429,2.45,-0.0163479721,-5.86037567894527e-05,0.0199911308,-1.98,0.0086897661,4.97,-0.0071657737,-3.101156141505367e-05,-0.0008121583,0.69,-0.11,-2.8754411304483537e-05,-1.06,-0.0020323418,-0.0017373113,-0.29,-1.19,-0.0177425444,-0.0098474095,2.21,2.19,2.14,0.02,0.07,0.9,2.54,4.68,4.73,4.75
2014-12-02,2066.550049,-0.1135751056,1.0,0.0063844614,-0.0068293629,-0.0025424269,0.002805982,-0.1381970282,1.2359700423,1.3879504509,2.4154894948,2058.68419511,2042.57829976,2009.51133701,1932.37619161,2.28,0.00010613949704063926,1.13,1.66,-4.51579590904883e-05,-0.76,0.0025060315,1.59,-2.76,4.82,0.0047352955,0.1224489796,0.0460526316,-0.98,0.74,-0.55,-0.0038237855,1.28,0.0014348138,0.03,-0.0032908269,0.0060202778,0.04,-1.44,-0.0116903413,-0.18,0.08,3.93,0.6,0.06,0.01227569,0.0009509141,-0.7,0.0180000333,-3.906585955694269e-06,S&P,0.0074321999,6.704019912291154e-05,-0.58,0.0124777101,3.152091111379893e-05,0.0199242452,-3.32,-0.0046776064,-0.62,0.0078356041,-7.715372110217805e-05,0.0308037726,0.68,0.8,-2.215733600660862e-05,0.06,0.004443238,-0.0029537471,0.23,0.44,0.0011529208,0.0128748569,2.24,2.25,2.2,-0.01,0.04,0.89,2.54,4.74,4.79,4.78
2014-12-03,2074.330078,-0.020064286,2.0,0.0037647426,0.0063844614,-0.0068293629,-0.0025424269,0.3531660836,1.098061627,1.6987970212,3.092793735,2061.52890109,2045.60227864,2012.05324842,1933.78866809,2.29,-0.00017889066448316567,-0.16,-1.05,-4.446295947563721e-05,-0.59,0.0008112613,1.61,-0.88,4.81,0.0043125384,0.0363636364,0.0125786164,0.89,0.31,-0.45,0.0113408622,0.96,-0.0004070335,0.01,-0.007841457,0.0039236546,0.03,-0.3,0.0070671378,0.43,0.07,3.92,0.2,-0.42,-0.009540829,-0.0300634307,-0.58,0.0075310901,-2.08177296574522e-05,S&P,0.0031353375,-0.125,-0.69,0.0090376648,-8.484377402489924e-05,0.0080687439,-1.78,0.0074889357,-2.28,-0.0055858501,-9.330895989867373e-05,0.0059418408,0.34,0.53,-3.995556599032496e-05,0.16,-0.0072804441,0.0037960194,0.08,0.12,0.0126679467,-0.0037822043,2.26,2.28,2.22,-0.02,0.04,0.89,2.52,4.74,4.8,4.78
2014-12-04,2071.919922,-0.0565618876,3.0,-0.0011618961,0.0037647426,0.0063844614,-0.0068293629,-0.0439088573,1.1324120099,1.6519034466,2.3893404869,2063.41817762,2048.10872087,2014.40096111,1935.16310843,2.25,0.00022899795536642423,-0.7,1.69,5.966951584607486e-05,0.34,-0.0154762966,1.59,-0.4,4.78,-0.003185496,-0.0350877193,-0.0124223602,-0.32,-0.02,-0.27,-0.003795411,-0.42,0.0001140158,0.02,0.0158069461,-0.0010535774,0.03,0.98,-0.0032982456,-1.3,0.08,3.89,-0.04,0.3,0.0172413664,0.0013585877,0.55,-0.002599935,0.00022378801518879203,S&P,0.002022449,0.1428571429,1.38,-0.0050890153,3.5732561504160574e-05,-0.0061084151,-4.1,0.0055959193,-0.13,0.0030447684,0.0001393129626317927,0.0433947588,0.73,-0.63,0.00021814909267441542,1.19,-0.0014853602,-0.0120781153,-1.55,0.07,-0.0109931392,-0.0055385456,2.22,2.23,2.17,-0.01,0.05,0.89,2.53,4.7,4.76,4.75
2014-12-05,2075.370117,0.003309529,4.0,0.0016652164,-0.0011618961,0.0037647426,0.0063844614,0.3777427391,1.1019421264,1.7672550189,2.1740813037,2065.59125751,2050.70504431,2016.7919084,1936.55820304,2.31,-9.566507502698346e-05,0.97,1.06,-0.00016439820196570467,-0.95,0.0221073709,1.69,-0.82,4.79,0.0016398347,0.1818181818,0.0628930818,-1.14,0.19,-0.68,-0.0042427743,0.71,0.000716589,0.02,-0.0085995495,0.0023734076,0.02,-1.96,0.0021650356,2.42,0.08,3.9,0.35,-0.97,0.0071364584,-0.0135676272,-0.76,0.021505376,0.00011357455777407269,S&P,0.0097247523,-5.940393101735501e-05,-0.27,0.0080306595,-8.654734225113136e-05,-0.0058281549,4.19,-0.0004088402,0.76,-0.0009876291,-2.9081226699627944e-05,0.0132462583,0.34,0.74,9.169414674600277e-05,-0.2,0.008832317,0.023932813,2.25,-0.01,-0.0030663089,0.0094918561,2.29,2.29,2.23,-9.294181266586123e-05,0.06,0.89,2.48,4.71,4.77,4.77
2014-12-08,2060.310059,0.1115240875,0.00010472760849155784,-0.0072565649,0.0016652164,-0.0011618961,0.0037647426,0.3345662984,-0.1545888539,1.0045059634,1.3972013852,2064.6310396,2051.61980761,2018.49850254,1937.78956479,2.26,3.3963744109588217e-05,-0.86,-0.41,-4.335566236960858e-05,-0.77,-0.0099559225,1.67,-4.17,4.74,-0.0097280948,-0.0153846154,-0.0118343195,0.94,-0.79,-0.38,-0.0226086783,-1.47,-0.0007160759,0.03,-0.0148698271,-0.0083814764,0.03,-0.1,0.0050935277,-0.64,0.1,3.82,-0.57,0.31,0.0018760143,-0.0191599971,0.26,-0.0004785167,-7.078776505381568e-05,S&P,-0.0047246775,0.25,-0.51,-0.012871876,0.00010273726896872944,-0.0225964933,-5.44,0.0145978788,0.51,-0.0072066154,1.3192533595212886e-05,0.0281555243,0.17,-0.21,0.00010282811372658369,-0.16,9.21113244473e-05,-0.0071506914,-0.99,-0.79,-0.012302922,-0.0104703702,2.23,2.23,2.16,3.122276919896084e-05,0.07,0.92,2.48,4.64,4.71,4.71
2014-12-09,2059.820068,0.044504195,1.0,-0.0002378239,-0.0072565649,0.0016652164,-0.0011618961,-0.3256626184,-0.4634095906,0.9062823315,1.0577677968,2063.75631749,2052.40078479,2020.11895609,1939.00379865,2.22,-7.493881099999419e-05,-2.11,-2.22,3.245456728438594e-05,0.38,-0.0254920693,1.63,0.98,4.73,-0.0038974261,2.1188674039456118e-05,-0.0239520958,2.3,-0.1,-0.00011214309745385385,0.0153024997,1.6,0.0037132341,0.04,-0.0023061006,0.0054380848,0.05,5.33,0.0031542158,-2.07,0.11,3.79,-0.4,4.53,-0.0233635877,0.0191103076,0.47,-0.0035104038,-1.0420672957606119e-05,S&P,0.0010955267,0.1,1.24,0.017863194,1.7315532599808514e-05,-0.0034896402,1.59,-0.0074941389,-1.74,0.0055249826,-1.969323897015156e-06,-0.0534845942,-1.0,-0.53,-1.957372305153489e-05,-0.32,-0.0043309437,-0.0220949065,-2.48,0.27,-0.0042818605,-0.0213872772,2.17,2.18,2.11,-0.01,0.06,0.94,2.51,4.62,4.69,4.68
2014-12-10,2026.140015,0.036343715,2.0,-0.0163509685,-0.0002378239,-0.0072565649,0.0016652164,-2.323162717,-1.9782012562,-1.2506108484,-0.6638315148,2056.91698976,2049.8997591,2020.35507604,1939.87082568,2.18,-1.893821890652756e-05,-0.53,0.02,-3.989592430425333e-05,1.71,-0.008449881,1.58,-3.89,4.71,-0.0146896793,-0.078125,-0.0306748466,-0.33,-1.51,0.28,-0.0190151239,-1.96,0.0024014279,0.03,-0.0144988023,-0.0172979566,0.05,0.3,-0.003666896,-0.05,0.1,3.75,-1.34,-0.06,0.001647353,-0.0213120128,0.59,-0.0283426897,-0.00010409778644102992,S&P,-0.0103958413,-0.0909090909,-1.09,-0.0220528195,-6.0586524527144896e-05,-0.02965637,1.48,-0.010841268,-0.66,0.0023217985,0.00010956089881381861,0.0283077981,-1.8,-0.48,4.581291086928588e-05,-1.81,-0.0167515497,0.0006147321,-0.86,-1.49,-0.0121188428,-0.004517957,2.13,2.15,2.08,-0.02,0.05,0.96,2.53,4.61,4.68,4.66
2014-12-11,2035.329956,-0.0477561953,3.0,0.004535689,-0.0163509685,-0.0002378239,-0.0072565649,-1.7659932516,-1.8091266813,-0.6535795614,-0.1432623084,2052.99207453,2048.5121588,2020.94232624,1940.82066777,2.19,6.222509797766596e-05,-0.47,-0.57,0.00010837348032609074,0.08,-0.0004849424,1.62,-0.87,4.72,0.0026166559,0.0508474576,0.0253164557,0.1,0.22,-0.53,-0.002947691,0.07,-0.0018129431,0.03,0.0057568441,0.0051537218,0.02,-0.43,0.0024477664,0.62,0.09,3.74,0.18,0.12,-0.0090110435,0.004969883,-0.3,0.007580735,-1.4162629794753836e-05,S&P,0.0031331,-0.1,0.93,0.0043894928,-0.00023333585713626001,0.0059772078,-1.94,-0.0136833886,2.4,0.003763386,-0.00010958397588495974,-0.0051460953,-1.49,0.18,-0.0001147658611438635,-1.03,0.0045181006,0.0064083195,-0.12,0.22,0.0055401662,-0.0058922777,2.17,2.16,2.1,0.01,0.07,0.98,2.53,4.63,4.69,4.7
2014-12-12,2002.329956,0.0611799538,4.0,-0.0162135873,0.004535689,-0.0163509685,-0.0002378239,-3.5193800085,-3.1549314718,-2.456219413,-1.8143214094,2043.78078026,2044.11385377,2020.21242937,1941.43270049,2.1,-8.393628533130947e-06,-2.72,-0.77,-7.477902885807069e-05,-0.52,-0.0276700342,1.53,-2.87,4.68,-0.0177387657,-0.0967741935,-0.0555555556,-0.44,-1.66,-0.34,-0.0169324489,-1.35,0.001945967,0.02,-0.0046639179,-0.0115884032,0.02,-0.23,0.0053457748,-2.89,0.09,3.67,-1.81,-0.41,-0.0027169861,-0.000130069,0.41,-0.0179914625,-0.00020323586944841958,S&P,-0.0134117031,9.67447797073615e-05,0.17,-0.0124426034,-1.6676191168399162e-05,-0.0291479718,4.43,0.0110272282,1.61,-0.001556483,1.4514365471189549e-06,0.0042485537,0.99,-0.42,-7.133919386885797e-05,-0.1,-0.0214580302,-0.0271532555,-2.71,-1.11,-0.0204644235,-0.0249315338,2.08,2.08,2.01,4.3951492571100356e-05,0.07,1.01,2.58,4.59,4.66,4.66
2014-12-15,1989.630005,0.0491479562,-0.00018245075626743435,-0.0063425865,-0.0162135873,0.004535689,-0.0163509685,-3.4305542358,-3.1074654158,-3.5798398352,-2.4605083943,2033.93518475,2038.9249158,2019.01311861,1941.91227566,2.12,8.35744325234982e-05,-1.82,-0.46,-3.4210185936649737e-05,-0.42,-0.0252012783,1.58,-1.28,4.68,-0.0085072135,0.0714285714,0.0326797386,-2.45,-0.36,-0.41,-0.0136699167,-0.04,-0.0002751432,0.04,-0.005963855,-0.0104091329,0.02,-3.06,0.0031140758,-2.61,0.11,3.7,-0.38,-5.11,-0.0095207412,-0.0040674215,-0.2,-0.0146569118,-7.169828686363157e-06,S&P,-0.0094972438,0.2222222222,-1.63,-0.0105340778,7.302298453826087e-05,0.0034642495,-2.0,-0.007075239,2.02,0.0003460003,0.0001168301748132377,0.005189552,-2.07,0.17,0.00018255776576601645,0.49,-0.004500632,-0.0271733223,-2.44,-0.61,-0.0120529937,-0.0187124879,2.1,2.08,2.01,0.02,0.09,0.98,2.56,4.57,4.64,4.66
2014-12-16,1972.73999,0.1367930692,1.0,-0.0084890231,-0.0063425865,-0.0162135873,0.004535689,-4.2275575111,-4.539452555,-4.6713761947,-3.3595887864,2022.80878571,2032.62158953,2017.19848611,1942.21901909,2.07,0.0001570762522600769,2.24,-1.58,1.7234799704798975e-05,0.68,0.0219255278,1.53,-1.97,4.67,-0.0020324457,-0.0333333333,-0.0316455696,0.34,-0.93,0.09,-0.0136746092,-0.54,0.0005828166,0.03,-0.0323547903,-0.0124490954,0.03,-4.91,0.00774805,2.41,0.11,3.7,-0.7,-2.78,-0.0155181493,-0.0359721918,0.59,-0.0123394185,0.0001591381478133993,S&P,-0.0078962024,-0.00024300536841100496,-0.72,-0.0008156222,0.00016740616089831387,-0.005638642,-2.69,-0.0035882368,0.51,-0.0052568768,8.673452552151395e-05,0.0230570482,-1.7,-0.6,-7.143571604031296e-06,-0.94,-0.0115428724,0.0246282024,2.26,-1.86,-0.0040666938,0.0241156138,2.04,2.04,1.96,-5.276263059299077e-05,0.08,0.97,2.6,4.56,4.64,4.64
2014-12-17,2012.890015,-0.0032891818,2.0,0.020352416,-0.0084890231,-0.0063425865,-0.0162135873,-0.6539528316,-2.9619231602,-2.6192175847,-1.8963852749,2021.00537285,2030.74239196,2017.02952646,1942.92221308,2.14,-9.47411165766199e-05,0.45,-0.04,-2.924372988715333e-06,-1.21,0.0045710459,1.61,2.21,4.74,0.020547626,0.0689655172,0.0522875817,-0.66,2.17,-1.14,0.0249180703,3.46,-0.0001617992,0.03,0.0128432684,0.0212145088,0.03,1.12,-0.0018706345,0.09,0.11,3.75,1.66,0.19,-0.0037343753,0.0129465432,-1.34,0.0229334246,0.0001822149345597969,S&P,0.0193291832,1.2226134418675863e-05,0.38,0.0311312139,0.00019552983881241347,0.030204755,2.29,-0.0095803333,4.47,0.0063923392,1.2512502855406848e-05,0.0130735455,0.48,1.36,-3.919253423525e-05,-0.37,0.0127481313,-0.0020347328,0.42,1.87,0.0069416088,0.0007423158,2.11,2.11,2.03,0.00012887952095948376,0.08,0.99,2.6,4.63,4.71,4.71
2014-12-18,2061.22998,-0.0483553437,3.0,0.0240152043,0.020352416,-0.0084890231,-0.0063425865,1.2725221247,-0.5159437817,-0.559626094,0.6106256188,2028.31893779,2033.64597177,2018.76287758,1944.09940479,2.22,-5.694003690662875e-05,1.59,0.86,3.389335501377937e-05,0.77,0.0334589212,1.68,-3.12,4.78,0.0215127214,0.0806451613,0.0434782609,0.82,2.52,0.5,0.0296133615,1.51,0.0012136904,0.04,0.0389155645,0.0224123372,0.04,0.27,0.000343879,2.32,0.12,3.8,2.49,0.95,0.0109082104,-0.0038476779,-0.46,0.0286096704,4.139308231983576e-05,S&P,0.0263989212,0.0909090909,-0.52,0.0147424913,-1.0752885290407017e-06,0.0240396211,-1.62,0.0187200314,0.69,-0.0109169085,8.819504843791428e-05,-0.0011430909,2.68,0.72,-3.6652684349538085e-05,-0.06,0.0263284136,0.0279356536,3.27,2.46,0.0194646796,0.0204371498,2.18,2.18,2.1,1.8988506529065568e-06,0.08,0.98,2.56,4.66,4.74,4.74
2014-12-19,2070.649902,0.3746560984,4.0,0.004570049,0.0240152043,0.020352416,-0.0084890231,3.412022369,-0.2274396726,0.1494439296,0.8719962002,2036.01547674,2037.1701556,2020.79766285,1945.35861372,2.17,9.96344128238359e-05,0.57,1.62,-0.00020887119054356892,-0.17,-0.0018450053,1.66,3.56,4.73,0.0054119436,0.00014642993290795749,-0.0119047619,-0.2,-0.19,-0.26,-0.0077230624,-0.16,0.0028285114,0.04,0.0029461279,0.0035759374,0.01,0.6,-0.0045548298,-0.45,0.11,3.77,-0.17,1.13,0.0124569592,0.0072884255,-0.47,0.0073194535,-0.00017524690214851314,S&P,-0.0137655862,-0.0833333333,1.22,0.0031874303,-0.00015511075195516057,0.0272048584,-4.89,0.001195377,-3.14,0.0062054489,-8.102808611346218e-05,0.0167046935,2.38,0.37,-0.00010998930655742613,1.67,-0.0117966017,-0.0024563717,-0.91,-0.16,0.0190931591,0.0122641208,2.16,2.13,2.06,0.03,0.1,0.96,2.56,4.62,4.69,4.72
2014-12-22,2078.540039,-0.4788486017,7.664881455858615e-05,0.003810464,0.004570049,0.0240152043,0.020352416,4.4686717519,0.884817308,1.2223439069,0.7288606252,2043.74721533,2041.1101445,2023.06206976,1946.68380203,2.17,-0.00016746193665238523,0.56,1.3,-7.780565018063579e-05,-0.28,0.0030130431,1.67,-2.07,4.7,0.0027318038,0.0597014925,0.0060240964,-1.75,0.56,-0.11,0.0103775542,0.38,0.000870336,0.05,0.0067142258,0.0033659518,0.01,-2.71,0.0025900026,1.41,0.16,3.73,0.8,-2.55,0.0126289794,0.022140764,0.02,0.0001614565,-8.7730164910257e-05,S&P,0.0095500457,0.4545454545,-0.14,0.0049332956,2.8375262938748427e-05,-0.003310519,-9.24,0.0046999107,-1.26,-0.0025788048,0.00010456467981335098,0.0060635481,-0.4,0.03,0.00013885544877816422,0.53,0.0112742299,0.0080515099,1.25,0.79,0.0035128024,0.0047973952,2.16,2.12,2.01,0.04,0.15,0.97,2.53,4.54,4.65,4.69
2014-12-23,2082.169922,-0.0966220708,1.0,0.0017463618,0.003810464,0.004570049,0.0240152043,5.5471036505,1.0850391424,0.7558429571,0.6166013764,2050.733162,2045.0205995,2025.38002475,1948.03192262,2.26,1.187391890378193e-06,0.17,-0.37,0.00017434966575154994,-0.25,0.0142298819,1.76,2.63,4.79,0.0029093004,0.0281690141,0.0538922156,0.05,0.31,-0.38,-0.0035417124,0.24,0.0002737564,0.03,0.0097957691,-0.0033462863,0.02,0.52,0.0025402566,0.41,0.14,3.83,0.44,0.32,-0.0031988652,-0.0008155542,-0.48,0.0087181306,-4.175307591397071e-06,S&P,0.0090958703,-0.125,-0.07,0.0004825487,0.0001611182975025562,0.0135004176,0.86,0.0054645722,1.84,-0.0033180547,0.00010623168009914847,-0.030322837,1.38,0.39,-0.00012430071201303188,-0.24,-0.0230466465,0.005711733,1.41,-0.32,0.0066122134,0.0032691166,2.24,2.23,2.12,0.01,0.12,0.96,2.53,4.65,4.76,4.77
2014-12-30,2080.350098,-0.0049258673,1.0,-0.0048886044,0.0008617741,0.0033095747,-0.0001392965,0.0870831914,4.5596464052,0.9726710265,1.3104915543,2069.77548596,2058.32089788,2034.2517674,1953.41780747,2.2,-1.715253883609501e-05,-1.34,-1.06,-5.6636536072772115e-05,0.53,-0.0167650087,1.68,0.03,4.69,-0.0050072336,-0.0416666667,-0.023255814,1.45,-0.43,0.63,-0.0122026771,-0.54,0.0011602985,0.03,-0.0090621916,-0.0061308021,0.03,3.15,0.0008769592,-1.01,0.12,3.73,-0.23,3.23,-0.0114448333,-0.0055762753,0.04,0.0030178368,-0.0001107409232400527,S&P,-0.0052055467,0.00021831953729088146,1.09,-0.0049707869,8.382360468135532e-05,-0.0005372623,-2.98,0.0017272304,-1.81,-0.0024206692,0.00013968858826671283,-0.0006948109,-1.52,-0.08,-4.844100120171445e-06,-1.37,0.0002848096,-0.0122472537,-1.73,-0.66,-0.0050584045,-0.0130398734,2.17,2.17,2.08,-2.215035862743794e-05,0.09,0.96,2.49,4.57,4.66,4.66
2015-01-06,2002.609985,0.1739850281,1.0,-0.0088934719,-0.0182781051,-0.0003399636,-0.0103108587,-4.2074687831,-3.2859208568,0.0139851576,-3.5058870417,2047.75331312,2049.79445442,2034.21999736,1956.60942885,1.97,0.00011373933766278635,-0.62,-1.36,-2.379133194223265e-05,0.95,-0.0067763134,1.5,-3.78,4.49,-0.0087492811,-0.0441176471,-0.0445859873,1.22,-1.07,0.02,9.41364705882e-05,-1.88,0.0019851197,0.03,-0.0146773143,-0.0128594717,0.02,2.62,-0.0030526584,0.15,0.1,3.5,-0.92,2.29,-0.0099450686,-0.0228332935,-0.38,-0.0259289682,-8.784962749010074e-05,S&P,-0.0208646801,-0.00012599390332908772,0.39,-0.0169635734,0.0001341173283033946,-0.0053162365,1.94,-0.0083779914,0.59,-0.0017396242,3.027011688355125e-05,0.0002766741,-2.76,0.3,0.00010626483745908549,-1.74,-0.0049137874,-0.0003694649,-0.67,-1.43,-0.0215447154,-0.0079006722,1.95,1.94,1.87,0.01,0.08,0.99,2.52,4.39,4.46,4.47
2015-01-07,2025.900024,-0.1467744069,2.0,0.0116298426,-0.0088934719,-0.0182781051,-0.0003399636,-2.6173514762,-2.532547558,1.8229529565,-1.6701386692,2043.77998783,2047.51879438,2033.8937239,1957.29888751,1.96,-0.00010718656052748235,0.65,0.92,9.764300291923352e-06,0.28,0.0071580703,1.47,0.1,4.49,0.0106762865,-0.0461538462,-0.02,-0.69,1.25,-0.07,0.0140221906,1.27,-0.0010308614,0.03,0.0127053226,0.0125698337,0.02,-0.76,0.0068044569,0.12,0.09,3.51,1.26,-0.18,0.0083392033,0.0105997626,-0.42,0.001525941,0.00012523174532068918,S&P,0.0059512766,-0.1,-0.29,0.0126235986,-9.179176154811204e-05,0.0101325356,-2.28,-0.0062968891,-2.2,-0.0078868447,-0.00012548825863659694,0.006715924,0.36,0.43,1.3496585540444918e-05,0.23,0.0220759007,0.0051236825,0.66,1.2,0.0004154549,0.0083719163,1.94,1.93,1.87,0.01,0.07,0.98,2.53,4.4,4.46,4.47
2015-01-08,2062.139893,0.0337749771,3.0,0.017888281,0.0116298426,-0.0088934719,-0.0182781051,0.1573651539,-0.9619785969,4.5317631038,0.1126227012,2047.1181524,2048.91127996,2035.0014168,1958.34208159,2.03,5.320511419085181e-05,2.55,0.76,7.856470028789979e-05,0.55,0.0358545204,1.5,-0.37,4.57,0.0163176848,8.436158217133024e-05,0.0204081633,-0.15,1.76,0.56,0.0384222645,1.71,0.0003224766,0.03,0.0294181268,0.0184324858,0.01,1.91,-0.001562896,3.66,0.08,3.57,1.79,-1.03,0.006514414,0.0068359289,-0.39,0.0223463518,4.338075432467543e-05,S&P,0.0221373847,-0.1111111111,0.39,0.0171433238,-8.111306436055415e-06,0.0166446427,1.95,0.005190768,-2.03,-0.0020088545,4.6819866078778254e-05,-0.0238586669,1.71,0.41,-0.0001368689012666465,1.2,0.0078628365,0.0335600582,3.67,1.95,0.0120432309,0.0233963986,2.02,2.0,1.95,0.02,0.07,1.0,2.54,4.49,4.54,4.56
2015-01-09,2044.810059,-0.144857283,4.0,-0.008403811,0.017888281,0.0116298426,-0.0088934719,-0.6505632261,-1.7805937942,1.5857818243,0.9214587275,2046.69849906,2048.52068749,2035.38606944,1959.20245948,1.98,-3.511182469308329e-05,-1.4,0.4,2.1572647120764367e-05,0.18,-0.019041432,1.45,-1.67,4.53,-0.0082523543,-0.0483870968,-0.0333333333,1.19,-0.96,0.98,0.0010725087,-0.93,-8.05931656995e-05,0.02,-0.0084051481,-0.0067818473,0.02,-2.41,0.0007530566,-2.3,0.08,3.53,-0.96,1.1,0.0035417683,-0.0117486458,0.41,-0.0173869683,6.385394558163126e-06,S&P,-0.0164301901,-3.233768566438362e-05,-0.57,-0.0087364676,8.411656731271223e-08,-0.0014095738,0.65,0.0042166419,-0.88,-0.0012980248,-2.141375084923033e-05,-0.0024424027,-0.23,-0.43,8.747626911875301e-05,1.29,-0.0136290724,-0.0192232001,-2.01,-0.74,-0.0139515792,-0.0104870475,1.96,1.96,1.9,-9.68065129221655e-05,0.06,1.0,2.55,4.45,4.51,4.51
2015-01-12,2028.26001,0.0274423775,-0.00015452517580190477,-0.0080936852,-0.008403811,0.017888281,0.0116298426,0.3800915661,-2.8969206481,-1.5995289376,-0.3473611725,2043.3460465,2046.59109916,2035.10661613,1959.88959928,1.92,8.472763242865867e-05,0.19,0.49,-0.00012007495504467726,-0.73,0.0117658742,1.39,-5.35,4.47,-0.0065976301,-0.0508474576,-0.0413793103,0.84,-0.63,-0.57,-0.0246406745,-0.13,-0.0005158378,0.03,-0.0125026703,-0.0083671936,0.02,-0.46,0.0014288855,1.7,0.09,3.47,-0.44,0.24,0.0044528405,-0.0185902035,-0.06,-0.0085945062,0.00010924644519870413,S&P,-0.0119590167,0.125,-1.0,-0.0047146682,-3.2599639072446124e-05,-0.019218198,-5.13,-0.0131895452,-1.27,0.0067292066,-8.420955783204655e-05,-0.0170743241,0.3,0.07,-0.00019869670577514224,-0.26,-0.0034305317,0.0138260238,1.22,-0.82,-0.0020807739,4.61158873853e-05,1.9,1.89,1.83,0.01,0.07,1.0,2.55,4.38,4.44,4.45
2015-01-13,2023.030029,0.1882966966,1.0,-0.0025785555,-0.0080936852,-0.008403811,0.017888281,1.0196715363,-3.2306996084,-2.2997549201,1.0337992966,2039.65222514,2044.34718771,2034.63302448,1960.51786227,1.91,0.0001793788867077676,0.76,0.83,7.178767340968881e-06,-0.57,0.0146726646,1.37,-1.77,4.46,-0.001670962,-0.0357142857,-0.0143884892,-0.22,-0.32,0.11,0.0088787277,0.04,-0.0011128494,0.03,-0.0051501504,-0.0006881373,0.02,3.39,0.0104438422,1.59,0.08,3.49,-0.2,2.83,0.0078875439,0.0114271506,-0.52,0.0001699473,-7.808828163333654e-05,S&P,-0.0038424785,-0.1111111111,-3.04,0.0004661077,-0.0001323368629107522,-0.0036532934,5.3,0.0009813302,-1.35,-0.0012594235,0.00015279014026883735,0.0018533668,0.82,0.51,-3.1150169554745954e-05,0.41,0.0017211704,0.0162646932,1.44,-0.19,-0.0050041284,0.0062756166,1.89,1.88,1.83,0.01,0.06,0.97,2.55,4.38,4.43,4.44
2015-01-14,2011.27002,0.0660726024,2.0,-0.0058130669,-0.0025785555,-0.0080936852,-0.008403811,-0.7221483699,-3.3205986851,-3.2364071771,1.0876401615,2034.4918242,2041.19698126,2033.71682822,1961.02285886,1.86,-0.00010076703212156758,-2.32,-0.46,-1.4320667594669623e-05,-0.3,-0.0156259159,1.33,4.51,4.44,-0.0054174924,-0.0555555556,-0.0291970803,-0.08,-0.42,-0.18,-0.0038105425,-0.32,-0.0009364808,0.04,-0.0086281707,-0.0047581628,0.02,-0.99,-0.001128008,-1.09,0.09,3.46,-0.97,-1.17,-0.0042687157,-0.0049874501,0.14,-0.0345003229,8.622203642038768e-05,S&P,-0.0115718037,0.125,-4.7,-0.0030322164,0.00010777703606368635,-0.0028889111,9.85,-0.0045044705,-1.76,9.174098116771184e-05,0.00012258920894445496,-0.003976141,-1.93,-0.14,-1.0722586788854716e-05,-0.48,-0.0072546963,-0.0124655389,-1.52,-0.31,-0.0033528917,-0.0234936551,1.84,1.82,1.77,0.02,0.07,0.98,2.58,4.35,4.4,4.42
2015-01-15,1992.670044,-0.0232855564,3.0,-0.0092478761,-0.0058130669,-0.0025785555,-0.0080936852,-3.3688232906,-3.2167594906,-4.2983945284,1.0102727223,2026.88786417,2036.57536819,2032.10715041,1961.33775623,1.77,-0.00011408677542987052,1.33,1.13,-1.607316699207494e-05,1.4,0.0236690208,1.22,-2.09,4.42,-0.004809141,-0.137254902,-0.0827067669,2.58,-0.92,0.82,-0.0271402816,-1.93,-0.0005818088,0.03,-0.0104438427,-0.0147650954,0.03,0.69,-0.0006273788,1.84,0.08,3.44,-0.47,0.3,0.0098832374,-0.0215500298,-1.34,-0.0320365951,-0.00011263770048971685,S&P,-0.0103414439,-0.1111111111,2.27,-0.0189880693,-1.4021546757190255e-05,-0.0086917653,-2.32,-0.0034381681,-0.79,0.0042200712,-0.00010576870447323308,0.0353825585,2.39,-15.76,-6.81551843651664e-05,0.47,-0.01451925,0.0219546212,2.32,-1.36,-0.0084104706,0.0172653682,1.74,1.74,1.69,7.256559222406369e-05,0.05,0.98,2.65,4.34,4.39,4.39
2015-01-16,2019.420044,-0.0515137769,4.0,0.0134241994,-0.0092478761,-0.0058130669,-0.0025785555,-1.2416808538,-1.8841661609,-3.0001653558,0.3244106211,2025.53007868,2034.94152779,2031.60961682,1961.91568944,1.83,-0.00012640410831795673,1.19,-0.76,0.0002180271096649334,-0.37,0.0130504995,1.29,5.24,4.45,0.0138588923,0.1136363636,0.0573770492,1.48,1.21,0.12,-0.0077700992,1.77,-0.0010510996,0.03,0.016710686,0.0139056146,0.02,3.9,0.0009207332,1.86,0.07,3.46,0.86,5.15,-0.0101593995,0.0132077987,-0.52,0.0170939801,3.975681016674557e-05,S&P,0.0181387615,-0.125,1.65,0.0190004969,-5.707870617668102e-05,0.0242806208,-0.98,-0.0107334697,-0.47,-0.003491445,2.1009418685518186e-05,0.0120007727,-2.1,-0.08,-6.309382570297427e-05,-1.72,0.0151234562,0.0134719853,0.92,1.1,0.0004240882,0.0079245402,1.81,1.8,1.76,0.01,0.05,0.99,2.62,4.38,4.42,4.43
2015-01-20,2022.550049,-0.0276278779,1.0,0.0015499524,0.0134241994,-0.0092478761,-0.0058130669,-0.2815201686,0.0975013631,-3.1702854008,-1.8765461096,2024.9882551,2033.76138695,2031.25433966,1962.5190164,1.82,6.202953820964811e-05,0.47,0.83,0.00014437801942128532,-1.84,0.0151611101,1.31,-1.74,4.43,-0.0001585722,0.0816326531,0.015503876,1.32,0.34,-0.5,0.0257571757,-0.44,0.0049372724,0.03,0.0032438796,0.0044170343,0.01,1.38,-0.0002508781,0.07,0.08,3.42,0.32,1.58,-0.0063210427,-0.0044713079,-0.47,-0.0039335062,-0.0002318945425962102,S&P,0.0069713595,0.1428571429,1.61,-0.0054391908,0.0002326202022105661,-0.000329313,-4.7,0.0136226732,0.75,-0.0060061168,0.0001379899430386938,-0.0602527497,2.05,-0.43,-0.00010111892357418518,0.57,-0.0264321412,0.0087885894,1.18,0.93,0.0110216193,0.0106560455,1.81,1.79,1.74,0.02,0.07,1.01,2.61,4.35,4.4,4.42
2015-01-21,2032.119995,-0.0543234103,2.0,0.0047316238,0.0015499524,0.0134241994,-0.0092478761,0.4493243239,1.4735774924,-2.7958916037,-1.8607639545,2026.28493508,2033.60506391,2031.28828692,1963.21156345,1.87,-0.00012446237480404196,1.61,1.4,0.00015123063189025553,-1.17,0.0087268622,1.35,2.17,4.46,0.0057953516,-0.0001347885581662765,0.0305343511,-0.04,0.48,-1.05,0.0076343082,-0.35,-0.0004993557,0.03,-0.0101315156,0.0027003714,0.01,1.29,0.0132245922,0.48,0.08,3.46,0.17,0.83,0.0167599364,0.0269831328,0.51,0.0032310178,-0.00013615724416832814,S&P,0.0019230385,5.2622176887015254e-05,9.15127130952998e-05,-0.0034180731,0.0001733275146417903,0.0085630369,5.05,0.0079601401,0.09,0.003801853,-0.00013230394063188354,0.0474492955,-1.04,-1.79,6.949434895469894e-05,0.36,0.006022322,0.0041045191,0.87,0.38,0.007966499,0.0162988324,1.86,1.84,1.79,0.02,0.07,1.0,2.59,4.38,4.43,4.45
2015-01-22,2063.149902,0.1195634398,3.0,0.0152697218,0.0047316238,0.0015499524,0.0134241994,2.5794588237,1.8386829339,-0.8267933372,-0.7404301438,2032.98765634,2036.41885802,2032.53776202,1964.20597478,1.9,-5.1957196528735096e-05,1.16,1.13,-2.322031782480362e-05,-0.62,0.0151577953,1.39,-1.04,4.49,0.0129611967,-1.4287248637170322e-05,0.0296296296,0.64,1.48,-0.74,0.0260155082,2.25,-0.0005157214,0.03,0.0263502407,0.0177785546,0.02,1.19,0.0190454962,1.41,0.08,3.51,1.41,1.16,0.0069828651,0.043969746,-2.1,0.0304169088,0.0002276652127371894,S&P,0.0320537824,-8.640798697479333e-05,-0.57,0.0206816677,-4.210410336633147e-05,0.0108849458,-4.67,-0.0066498747,-0.4,-0.0001663654,-0.000185300770301266,0.0059371899,0.87,1.3,-9.905892278037135e-05,0.34,0.018253189,0.0132427028,1.55,1.96,0.0099833606,0.0101962096,1.88,1.87,1.82,0.01,0.06,0.98,2.59,4.41,4.46,4.47
2015-01-23,2051.820068,-0.1442726979,4.0,-0.0054915224,0.0152697218,0.0047316238,0.0015499524,2.9683802483,-0.5004425274,-0.3438648957,-1.4576069743,2036.41173119,2037.88563992,2033.29393089,1965.0777568,1.81,2.1368810000817948e-05,0.48,1.42,6.209482376843707e-05,-0.61,0.0193046345,1.33,0.56,4.41,-0.0065399433,-0.0188679245,-0.0431654676,-0.55,-0.61,-1.46,0.0051601512,-0.36,-0.0004353645,0.02,0.0010608742,0.0015746003,0.02,-0.6,0.0031108735,2.11,0.07,3.39,-0.84,-0.27,0.0133679931,0.0066705593,-1.39,-0.0158013544,9.475359355662097e-05,S&P,-0.00948488,-0.125,-2.38,-0.0012096583,6.246027243155118e-05,-0.0213201673,5.33,0.0075597997,-0.84,-0.0086927182,0.00014040862639609492,0.0025184133,0.86,1.09,-6.671812219823076e-05,0.62,-0.0150347433,0.0205028507,1.93,0.05,0.0082371908,0.0053261493,1.79,1.79,1.74,0.00011394509114344954,0.05,1.02,2.6,4.34,4.39,4.39
2015-01-26,2057.090088,-0.0301659969,4.089039348918237e-05,0.0025684611,-0.0054915224,0.0152697218,0.0047316238,1.8653892295,0.6005461948,-0.053923964,-1.1907408877,2040.17143243,2039.71463497,2034.22711352,1965.99330238,1.83,0.0001569036567088971,0.38,-0.27,0.00013055582461255275,-0.4,0.0074212978,1.36,-1.29,4.41,0.0054522167,0.0384615385,0.022556391,-1.03,0.46,0.21,0.0010620906,2.15,0.0030488789,0.03,-0.0036032641,0.0029172412,0.02,-2.03,0.0060409297,1.32,0.08,3.41,0.15,-2.02,0.002392358,-0.0087391109,0.28,0.0015878617,-1.5155341527032449e-05,S&P,0.0060083367,0.1428571429,1.42,0.0099332471,5.819731375590002e-05,0.0095720432,-3.52,-0.0117051563,-1.79,-0.0011543168,-0.0002499549662337236,0.0093735626,-0.4,2.52,7.771974656925846e-05,-0.1,0.0005871331,0.0139676869,0.73,0.05,0.0044934641,0.0028685308,1.81,1.8,1.75,0.01,0.06,1.0,2.58,4.33,4.38,4.39
2015-01-27,2029.550049,-0.0392266054,1.0,-0.0133878624,0.0025684611,-0.0054915224,0.0152697218,0.3460977395,0.063603236,0.4439365526,-2.8351599474,2038.2402718,2038.74657917,2034.04369922,1966.62570782,1.83,9.568489022241011e-05,-0.49,-0.34,-0.00013249707058343615,0.31,-0.0108916593,1.34,2.99,4.42,-0.0060218869,9.754259490721964e-06,-0.0147058824,0.87,-1.14,0.15,-0.0350132544,-0.33,0.0044870455,0.02,-0.0925334649,-0.0189154045,0.02,0.27,0.0017901581,-1.57,0.08,3.42,-1.34,0.84,-0.0041196911,-0.0093974164,1.26,-0.0100404967,7.855517492214793e-05,S&P,-0.0113848633,0.00017987739583151503,-2.33,-0.0050635075,-6.614534778957406e-05,-0.0088274301,3.47,0.0098754867,-0.17,0.0059736408,-0.00011547066870914229,-0.0089329882,1.49,-0.00010662542569512888,-2.350833771738278e-05,0.7,-0.0016624877,-0.0157200233,-1.08,-2.15,-0.0085400976,-0.0059540897,1.81,1.81,1.75,6.305754681995996e-05,0.06,1.0,2.59,4.34,4.4,4.4
2015-01-28,2002.160034,0.2215501785,2.0,-0.0134956095,-0.0133878624,0.0025684611,-0.0054915224,-1.474320467,-1.0316206236,-0.0224682291,-4.2289916685,2031.68022857,2035.26214629,2032.79335941,1966.97928321,1.73,-5.8063081197953835e-06,-0.11,0.4,6.661704428909056e-05,-1.79,-0.0028696837,1.25,-2.28,4.32,-0.0165064488,-0.0740740741,-0.0671641791,-0.56,-1.9,-0.6,0.0565328849,-2.16,-0.0017131512,0.02,-0.0344585326,-0.0092939797,0.02,0.33,-0.0068353193,0.55,0.08,3.33,-1.6,-0.5,0.0021981955,-0.0092583407,-0.82,-0.0258007291,5.331433644859194e-05,S&P,-0.0152916931,3.92240969528003e-05,0.32,-0.0163561502,-9.817862148859296e-05,-0.0329851578,-3.86,-0.0062858169,-2.6,0.0068039026,3.263672281981472e-05,-0.0140836528,0.85,0.27,-2.1660783697510966e-05,-0.02,-0.0059750517,0.007751708,-0.3,-1.27,-0.0221492626,0.0020993311,1.71,1.71,1.65,9.322012672948549e-05,0.06,0.99,2.59,4.24,4.3,4.3
2015-01-29,2021.25,0.0146550855,3.0,0.0095346854,-0.0134956095,-0.0133878624,0.0025684611,-2.0308704646,0.4962028917,-0.2295287993,-2.8408727001,2029.78382337,2033.92765617,2032.34067865,1967.51929034,1.77,8.158269348663024e-05,-0.01,-1.13,-0.00012752321787719704,-0.71,0.0044438304,1.28,1.36,4.35,0.00827713,0.02,0.024,-2.17,1.36,-1.62,0.0311335015,1.73,0.0002245353,0.03,0.0199077208,0.009793018,0.01,-7.56,0.0103275779,0.39,0.07,3.35,1.94,-5.62,-0.0106975692,0.0258958076,0.28,0.0168036164,8.933034340189674e-05,S&P,0.0115030291,-0.125,-2.06,0.0128157627,-8.649571539091168e-05,-0.0042068791,-5.13,-0.0015538017,0.47,-0.0030128851,5.607938315561343e-05,-0.0131387014,-1.34,2.03,-4.379133778509214e-05,-0.26,0.0088686832,0.0025114804,0.51,1.49,0.0100671141,-0.002241434,1.76,1.74,1.7,0.02,0.06,1.0,2.58,4.28,4.32,4.34
2015-01-30,1994.98999,0.1069772288,4.0,-0.0129919654,0.0095346854,-0.0134956095,-0.0133878624,-2.7697398464,0.1164239914,-3.2563214178,-3.1040805791,2023.45767185,2030.21930701,2030.87594576,1967.79263063,1.68,5.555153678344761e-05,-0.71,-0.25,-3.6298249499970113e-06,-0.04,-0.0058686356,1.18,7.86,4.29,-0.0144421531,-0.0784313725,-0.078125,2.09,-1.49,0.1,-0.0146341293,-2.4,1.60346348112e-05,0.02,-0.0383241151,-0.0102852239,0.01,2.59,0.0071873503,-0.38,0.07,3.29,-1.92,1.71,-0.0036103176,0.1371159155,-0.28,-0.0231722121,-5.1079481364814555e-05,S&P,-0.015921153,-0.00015789274787331037,2.35,-0.020828814,2.3295185847500614e-05,-0.0018269467,-1.03,0.0055785936,-0.89,-0.0041770294,9.185816327643713e-05,-0.0159218393,0.34,-0.29,-1.3496082621556197e-05,-0.32,-0.0218792544,-0.0040557209,-0.57,-1.06,-0.007890407,-0.0089860211,1.67,1.66,1.61,0.01,0.06,1.0,2.61,4.22,4.27,4.28
2015-02-02,2020.849976,-0.1226445449,3.188979982562017e-06,0.012962464,-0.0129919654,0.0095346854,-0.0134956095,-1.7617173021,0.0708090426,-1.1717510335,-1.8146912783,2022.98354533,2029.32698977,2030.48277048,1968.32056442,1.68,6.44491709814519e-06,0.12,-0.13,-7.52956024692644e-05,0.58,0.0050865878,1.19,3.32,4.29,0.0125090441,0.0425531915,0.0084745763,-0.63,1.43,0.44,0.0125468842,1.24,0.0007055126,0.02,0.0217821029,0.0089422996,0.01,0.69,0.0060339359,1.06,0.07,3.29,1.18,-0.17,-0.0009103726,0.0280371253,0.48,0.0200441335,0.00011699837579724004,S&P,0.017141815,-6.737036639759672e-05,-0.67,0.0086837839,7.83979683100775e-06,0.0247083511,-0.41,-0.0089980633,-2.06,0.0005278833,-7.835144624904323e-05,-0.0255619028,-0.79,0.8,1.382806019242848e-07,0.02,0.0068903835,0.0125009771,0.47,1.07,0.0133947264,0.0049189849,1.67,1.66,1.61,0.01,0.06,1.0,2.61,4.22,4.27,4.28
2015-02-03,2050.030029,0.1515768412,1.0,0.0144394949,0.012962464,-0.0129919654,0.0095346854,1.0090896753,1.3586798514,1.073334725,1.4575059459,2027.90108782,2031.29870779,2031.24932963,1969.13359392,1.79,9.888037994716157e-06,1.43,0.14,0.0001437879331059945,0.74,0.0108542703,1.28,5.77,4.4,0.0167203246,0.0612244898,0.0756302521,-1.19,1.24,-0.14,0.0001686336,1.75,0.0013619612,0.02,0.0077519139,0.0109159028,0.02,0.08,-0.0082833521,0.87,0.07,3.42,1.58,0.41,0.0028605189,-0.0025242489,1.23,0.022534703,-4.6937531867741806e-05,S&P,0.0121189166,1.760644770664047e-05,3.54,0.0182729027,-0.0001000625241783737,0.0298057372,2.76,0.0033366245,4.06,-0.0039073245,4.348390316944065e-05,0.0244883585,-1.14,-0.43,-8.104676700519465e-05,-0.22,0.0161657936,0.0058127422,1.05,0.73,0.0107393643,0.0131512555,1.77,1.77,1.72,-1.638692296401171e-05,0.05,0.98,2.61,4.33,4.38,4.38
2015-02-04,2041.51001,-0.1026842003,2.0,-0.004156046,0.0144394949,0.012962464,-0.0129919654,1.9653761603,0.4620797504,0.913480311,1.942466346,2030.37543731,2032.27121277,2031.65170926,1969.85375726,1.81,2.6466308555269676e-06,-0.19,0.48,4.770738460792366e-05,0.15,0.0039333683,1.29,-6.48,4.41,-0.0066725437,1.9473081025020313e-05,0.0078125,0.78,-0.59,-0.51,0.0076695827,-0.66,-0.0006080486,0.01,0.0057692791,-0.0023351619,0.01,0.43,-0.0112850672,-0.00021814138411102994,0.06,3.43,-0.02,0.46,0.0050898633,0.0033008171,-1.17,-0.0059943581,-7.286119940486945e-06,S&P,-0.0078578483,-0.1428571429,0.46,-0.0046366712,-2.1358688918304522e-05,-0.0085636965,-3.34,0.0006039294,-0.15,0.0075864547,-0.0001340685228029582,-0.0096043365,1.9,0.18,7.66700206212609e-06,0.7,-0.0107358775,0.0018703711,0.38,-0.29,-0.0126685334,-0.0017171346,1.8,1.8,1.75,4.9917809857562004e-05,0.05,0.98,2.6,4.35,4.4,4.4
2015-02-05,2062.52002,-0.0772419554,3.0,0.0102914068,-0.004156046,0.0144394949,0.012962464,2.0418068027,-0.0305301132,2.5481411989,1.8075914688,2036.21990689,2035.15205155,2032.86223125,1970.77580963,1.83,-2.0574116412974604e-06,0.09,0.46,-0.00010751131997245552,0.35,0.0014905352,1.3,4.45,4.43,0.0112314693,1.6805224111665186e-05,0.007751938,-0.42,1.23,0.59,0.003178354,1.42,-0.0012808812,0.02,0.0145793738,0.0102613906,0.02,-1.15,0.0109315971,0.01,0.06,3.46,1.23,-0.63,0.0034737157,0.0250583002,1.15,0.0069173287,4.5903592266145826e-05,S&P,0.0120686218,6.277596522128905e-05,0.00011355622746234342,0.0144950823,-4.158485804402026e-06,0.0098403893,-2.33,-0.0030430443,2.78,0.0025042745,-1.2392158625475239e-05,-0.0118441963,-1.02,-0.54,1.5249922947445689e-06,-1.07,0.0108523874,-0.0005416537,0.21,1.03,0.0140728477,0.000860044,1.81,1.81,1.77,9.401188635898908e-07,0.04,0.97,2.6,4.37,4.41,4.41
2015-02-06,2055.469971,0.1075303703,4.0,-0.0034181724,0.0102914068,-0.004156046,0.0144394949,3.0315932061,0.1778861147,3.1515466993,-0.3234466305,2039.71991854,2037.0870915,2033.74880928,1971.6185376,1.95,0.0003196968546870793,-0.08,-0.6,4.898347124207029e-05,-0.46,-0.0026088109,1.48,2.17,4.5,-0.0044557212,0.25,0.1384615385,-2.45,-0.1,-0.01,-0.0084208936,-0.02,0.0007053882,0.02,-0.0009423086,-0.0043441262,0.01,-2.57,-0.0112904508,-0.5,0.07,3.52,-0.01,-3.13,-0.0034765962,0.0010430447,-1.41,0.0197287123,-6.42532480725686e-05,S&P,0.0145333152,0.1666666667,-0.34,-0.0026888171,1.3209561290349621e-05,-0.0093114009,-0.81,0.0021059443,0.19,0.0096099942,-2.175242250700277e-05,-0.0193283675,1.03,0.46,-3.93502026089471e-05,0.3,-0.0132734825,-0.0054120393,-0.31,-0.47,0.0008163265,-0.0018205916,1.94,1.93,1.88,0.01,0.06,0.98,2.55,4.43,4.48,4.49
2015-02-09,2046.73999,-0.1614540146,9.817210395593463e-05,-0.0042471946,-0.0034181724,0.0102914068,-0.004156046,1.281144781,-0.5031426703,1.35286099,0.0943819203,2040.99629517,2038.00641516,2034.25826734,1972.36601474,1.96,-3.2944839621296183e-05,-0.15,-0.44,5.563631698915459e-05,0.68,-0.0085161913,1.49,0.93,4.49,-0.001928546,6.596732954892378e-05,0.0067567568,0.48,-0.51,0.08,0.0066425713,-0.5,-0.0013937617,0.01,-0.0011789436,-0.0038761775,0.02,2.24,0.0065942903,-1.57,0.08,3.52,-0.57,1.73,-0.006417931,-0.0099390857,0.08,-0.0012091726,0.0002740650067368088,S&P,-0.0044077501,0.1428571429,-0.15,-0.007988656,4.2610437801177e-06,0.0006557158,0.7,0.0122091033,0.33,-0.0056694839,-0.00017547724599557637,0.0062476015,0.17,-0.19,-3.2690181474913744e-05,-0.14,-0.0130563702,-0.0168608992,-0.81,-0.31,0.0048939233,-0.0023637475,1.94,1.95,1.88,-0.01,0.06,0.97,2.53,4.41,4.48,4.47
2015-02-10,2068.590088,0.0338945328,1.0,0.0106755612,-0.0042471946,-0.0034181724,0.0102914068,0.9053554698,1.9235809937,2.2763362035,1.9884076894,2046.01334841,2040.91914591,2035.60461325,1973.3234682,2.01,0.0001411292500509959,-0.25,0.06,-2.1960023224086255e-05,-0.11,0.0095826826,1.52,-3.27,4.54,0.0081789192,0.0307692308,0.0201342282,-0.46,0.97,-0.41,0.0192114599,0.44,0.0008663009,0.01,0.0056656514,0.0130406779,0.02,-1.15,-0.0034433171,0.66,0.08,3.64,0.63,-0.47,0.0002895318,0.0065846341,-0.03,0.011068817,3.363735401587096e-05,S&P,0.0066408597,9.271730436272244e-05,-1.42,0.0061464408,-0.0001125551914338784,-0.0060069464,3.08,-0.0034210053,-1.56,-0.0015060024,-0.00010788118405968956,0.0150136132,-0.28,0.3,-0.00011641736748100523,-0.64,0.0057125577,0.008470036,0.92,1.47,0.0032467534,-0.0011847096,1.99,2.0,1.93,-0.01,0.06,0.9,2.53,4.46,4.53,4.52
2015-02-11,2068.530029,-0.0198890963,2.0,-2.90337850637e-05,0.0106755612,-0.0042471946,-0.0034181724,1.3235310563,3.3149195805,1.7917265757,2.2491015629,2050.10729034,2043.54875382,2036.89580603,1974.27079717,2.0,4.499986213936088e-05,-0.16,-0.85,7.950862253269802e-05,-0.51,-0.0034649131,1.53,-3.14,4.53,-0.0023902436,9.258962455278588e-05,0.0065789474,-1.2,0.17,-0.67,0.0234387811,0.07,-0.0011220106,0.01,-0.0051642491,0.0028281238,0.02,-0.67,0.0088264296,0.06,0.07,3.63,0.21,-0.83,-0.0086871825,0.0057373056,0.11,-0.0015395142,0.00018292851806069632,S&P,-0.0122777717,-0.125,-0.35,-0.0013547474,0.00013697939849239183,-0.0045050433,4.48,0.0067052788,0.82,0.0030218052,-9.666288745355464e-05,0.0051283167,1.77,0.23,4.9134040356062114e-05,0.2,0.0002989437,-0.0001599175,-0.39,0.48,0.0020226943,-0.0015960965,1.98,1.99,1.93,-0.01,0.05,0.9,2.53,4.46,4.52,4.51
2015-02-12,2088.47998,0.0532381021,3.0,0.0096445064,-2.90337850637e-05,0.0106755612,-0.0042471946,1.25865251,3.3261585652,1.2277381287,3.838865952,2057.084143,2047.82791822,2038.91871481,1975.40720695,1.99,-1.2733752467718272e-05,0.29,0.53,1.262229386339466e-05,0.83,0.010005666,1.5,4.37,4.53,0.0097584056,-0.0895522388,-0.0196078431,0.27,0.88,0.21,0.0126521624,1.04,8.02336403608e-05,0.02,0.0167531615,0.011753295,0.02,-0.15,0.0026223776,1.45,0.07,3.64,0.57,0.42,0.0044059541,0.0054113076,0.61,0.0205585236,-0.0001442896537491568,S&P,0.0178107415,4.8567750411386666e-05,2.19,0.012250818,-2.479254691881444e-05,0.0195364795,-3.0,0.0068030294,-0.9,-0.0012652298,-3.9091693250785535e-05,0.0049757398,-0.46,0.26,-7.995030827636104e-05,-0.26,-0.0193265098,0.015582061,1.03,1.12,0.0048445297,0.0014519819,1.97,1.97,1.92,0.0001774176195185498,0.05,0.89,2.54,4.46,4.51,4.51
2015-02-13,2096.98999,-0.0688690327,4.0,0.0040747386,0.0096445064,-2.90337850637e-05,0.0106755612,2.0199769194,5.1128076086,2.2014562926,5.2351841347,2064.33975155,2052.5100203,2041.19601972,1976.61698588,2.02,-7.603305678357125e-05,0.84,1.14,7.038813778181003e-05,0.4,0.007016137,1.53,7.84,4.57,0.0043091884,0.0819672131,0.02,0.59,0.46,0.44,0.0049027598,0.68,0.0003529997,0.01,0.0181016245,0.0074583966,0.02,2.98,-0.0085440279,0.54,0.07,3.67,0.28,2.79,0.0106619879,0.012355102,-0.16,0.0016786638,-2.229801039913424e-05,S&P,0.0085672802,0.0001719154291281356,0.19,0.0056401826,-5.3597346217517365e-05,0.0108260254,3.35,-0.0104352003,2.47,0.0097895785,0.00020967547741298055,0.0095830133,0.5,0.16,-3.0069352177730002e-05,0.64,0.0119870071,0.0040065385,0.7,0.74,0.0104460028,0.0066489801,2.0,2.01,1.95,-0.01,0.05,0.9,2.55,4.5,4.56,4.55
2015-02-17,2100.340088,-0.0469744433,1.0,0.0015975746,0.0040747386,0.0096445064,-2.90337850637e-05,2.6188034759,3.933498921,2.1024844878,4.0070932365,2070.88526727,2057.06526484,2043.51539495,1977.84806153,2.14,-0.00012998922824945108,0.57,0.31,1.4942419423663432e-05,0.51,-0.001128225,1.62,1.84,4.67,0.0010667054,0.0606060606,0.0588235294,-1.79,0.57,0.59,0.0059017941,0.15,0.0006576309,0.02,-0.0066103717,0.0011095941,0.02,-4.92,-0.0027659643,-0.44,0.07,3.78,0.44,-4.4,0.0041463237,-0.0167613708,0.52,0.0072063016,9.526231875185702e-05,S&P,0.0007228809,0.00010048739626759318,-0.51,0.0015370443,0.00014715321174024808,-0.0034272249,-3.11,-0.0035655673,0.33,-0.002318743,-0.00011161334756547743,0.013446139,0.06,0.54,-0.00013399287070184034,0.16,0.0082312686,-0.0061824134,0.03,0.23,0.0007952286,0.0035789769,2.12,2.12,2.07,4.882476840526648e-05,0.05,0.89,2.53,4.6,4.65,4.65
2015-02-26,2110.73999,0.0290881975,3.0,-0.0014760281,-0.0007657236,0.0027587707,-0.0003033393,0.6336284207,2.040577628,3.3911163629,5.4231407158,2100.36643268,2083.2904339,2059.40364763,1986.66535014,2.03,4.2900095019019894e-05,0.3,0.19,4.3159749449661806e-05,-0.29,0.0058170055,1.54,-2.56,4.47,-0.0032227294,0.0819672131,0.0476190476,0.35,-0.01,-1.09,0.0126563016,0.43,0.0007045524,0.03,0.0015912479,0.0041774541,0.02,0.66,-0.0051856594,0.99,0.07,3.64,0.05,-0.12,0.0049955547,-0.0014791162,-1.44,0.0071966472,-6.396294593378262e-05,S&P,-0.0032532079,-3.160027647091675e-05,0.22,0.003246708,-3.499004687140523e-05,-0.0106026342,-6.81,-0.0005887612,0.58,0.004518386,2.142400523463307e-05,0.0215296528,0.91,0.47,-0.00013390746395669053,-0.06,0.0157099498,0.0104298027,0.55,0.56,-0.0007719413,0.0020619277,2.01,2.0,1.96,0.01,0.05,0.83,2.44,4.4,4.44,4.45
2015-02-27,2104.5,0.0406871848,4.0,-0.0029563044,-0.0014760281,-0.0007657236,0.0027587707,-0.274844755,0.7670660075,2.035373213,4.1187384045,2101.11799038,2085.31039258,2061.17213203,1987.83783422,2.0,-0.00023579438589790835,0.07,-0.26,0.00018009841155553063,0.4,0.0083207135,1.5,4.21,4.46,-0.0017424108,-0.0454545455,-0.025974026,0.34,-0.34,0.15,-0.0150283011,-0.49,6.287089158234341e-05,0.02,-0.0047662959,-0.0048838991,0.02,-0.42,0.0057757899,0.53,0.07,3.64,-0.42,0.42,-0.0031632516,-0.0120581709,-0.03,-0.0048717602,6.223751889172628e-05,S&P,-0.0065276698,0.00013171302533838963,0.07,-0.0046323491,-3.48714956149692e-05,-0.001240846,1.37,0.0046708522,2.4,-0.0071382988,8.894858374677581e-05,0.0036212227,0.11,0.03,0.0001681638173186425,-0.26,-0.0028210213,0.0065744217,0.83,-0.43,0.0038625339,-0.0004316733,1.98,1.98,1.93,4.873492663592859e-05,0.05,0.82,2.46,4.39,4.44,4.44
2015-03-02,2117.389893,-0.0388709414,0.00018150832609201646,0.0061249195,-0.0029563044,-0.0014760281,-0.0007657236,0.3664088679,0.97281833,3.0124459551,6.1353642682,2104.07651813,2088.36558309,2063.37675011,1989.12690943,2.08,0.00015671676410661814,-0.22,0.04,-5.597573861544829e-05,-0.71,-0.0068989789,1.57,-4.86,4.56,0.003618461,0.0476190476,0.0466666667,-0.5,0.54,-0.58,0.0049041645,0.45,0.0014561165,0.02,0.000684219,0.0089795599,0.02,-1.3,0.0009197793,0.14,0.08,3.7,0.67,-1.32,0.0025842824,0.0144675924,-0.09,0.0079961,1.4326943336220095e-06,S&P,0.0138711076,0.1428571429,-0.18,0.0074997771,4.1973235821970634e-05,-0.0056471651,-1.32,0.0037611684,-2.37,-0.000770525,5.153927356702298e-05,0.0078488081,0.21,0.51,0.0001613475958627463,0.58,0.0069261437,0.000763064,-0.68,0.78,0.0046171989,-0.0008781287,2.06,2.06,2.0,9.168729805598276e-05,0.06,0.86,2.48,4.48,4.54,4.54
2015-03-03,2107.780029,-0.0431706795,1.0,-0.0045385425,0.0061249195,-0.0029563044,-0.0014760281,-0.3639812748,0.3542255391,2.9823054857,4.3016579178,2104.74988374,2090.21457794,2065.11805516,1990.30753749,2.12,-0.00010339452008100869,-0.54,-0.87,-0.00015150747893356178,0.53,-0.0097756147,1.61,2.49,4.58,-0.0046475206,0.0303030303,0.025477707,-0.27,-0.44,0.62,0.0020916028,-0.55,0.0008148787,0.02,-0.0136737007,-0.005630917,0.01,-0.91,0.001957729,-0.94,0.08,3.73,-0.34,-0.73,-0.0074198134,-0.0027226546,-0.08,0.0032378339,-0.00011164484774065113,S&P,-0.001800144,1.969271706680871e-05,-1.36,-0.0063253328,8.571396954899358e-05,-0.0047705361,0.52,0.0031546243,0.9,-0.0030559165,-2.8951531218452898e-05,-0.0219504365,-0.21,0.3,-0.00021028793312981043,0.41,-0.0085255279,-0.0113931546,-0.97,-0.46,-0.0095748752,-0.0074201077,2.11,2.1,2.04,0.01,0.07,0.85,2.46,4.5,4.56,4.57
2015-03-04,2098.530029,0.0486803789,2.0,-0.0043885035,-0.0045385425,0.0061249195,-0.0029563044,-0.7252172435,-0.0547656327,1.4473597826,2.3658190033,2103.61900106,2091.00652566,2066.42832865,1991.3843782,2.12,6.029690728499882e-05,0.15,-0.98,-8.52817947889514e-06,0.53,0.0098783381,1.6,-0.77,4.58,-0.0042113034,-0.0294117647,-0.0062111801,-0.33,-0.39,0.03,-0.006338961,-0.29,7.063366141234652e-05,0.01,-0.0050831332,-0.0025622533,0.01,-0.77,-0.0044660659,0.74,0.08,3.73,-0.55,-0.31,-0.0096101914,-0.0049140274,-0.87,0.0025818944,6.638990706315048e-05,S&P,-0.0113616048,0.0001250575811715965,0.11,-0.0032638164,-8.448405141160708e-05,-0.0050217186,2.1,-0.0047169894,-1.69,0.0004915653,-8.734831441991146e-05,0.0050507798,-0.9,0.23,-6.0543762832264065e-05,-0.12,-0.0067421734,0.0097531929,0.94,-0.27,-0.0077339904,0.004369235,2.11,2.11,2.04,-1.9493380501732598e-05,0.07,0.85,2.46,4.5,4.57,4.57
2015-03-05,2101.040039,-0.0929756716,3.0,0.0011960801,-0.0043885035,-0.0045385425,0.0061249195,-0.4595521498,0.1711644179,1.5716479599,2.915980265,2103.15009887,2091.96209836,2067.78565062,1992.4754793,2.11,-3.113260042062338e-05,0.93,-0.85,-5.778690249203071e-05,-1.44,0.0093871022,1.57,-0.12,4.58,0.0008705458,-0.0151515152,-0.01875,-0.1,0.16,-0.45,-0.0165706326,0.3,-0.0004949151,0.02,0.0011611704,0.0031547171,0.02,-0.00017546734079406718,-0.0046943844,1.04,0.08,3.71,0.19,-0.12,-0.0111317211,0.013351761,-0.43,-0.002092403,0.00012544403676212625,S&P,0.0003648304,-0.00012010604622418167,-0.19,0.002908907,-0.00013084105011355114,-0.0050470521,2.6,0.0001170207,-3.08,-0.0066097686,0.00010779470653133667,-0.0094699109,0.59,1.16,-8.63321602657989e-05,0.06,0.0085587308,0.009975952,0.92,0.12,0.0062353858,0.0060555992,2.09,2.09,2.03,-2.152694913208799e-05,0.06,0.87,2.47,4.5,4.56,4.56
2015-03-06,2071.26001,0.2418732658,4.0,-0.0141739464,0.0011960801,-0.0043885035,-0.0045385425,-1.5794720836,-1.8499757425,-0.8245216696,0.4237529777,2097.35190089,2089.9904709,2067.92190001,1993.25940498,2.24,6.090879910255945e-05,-0.66,-0.13,9.364509543442055e-05,-1.59,0.000169302,1.7,-1.24,4.69,-0.0156242769,0.1230769231,0.0828025478,-2.62,-1.38,-0.82,0.0015029981,-1.14,-0.0005111331,0.01,-0.0173973552,-0.0111262403,0.02,-2.16,0.0046521361,0.53,0.08,3.81,-1.43,-1.97,-0.0012003065,-0.0199571752,-1.7,-0.0179032419,0.0002739270118860674,S&P,-0.0045587163,-4.49994130163117e-05,-1.61,-0.0136027726,1.8898121136366865e-05,-0.012796876,-0.07,0.0032928851,0.34,-0.001143787,0.00010413549304487289,-0.0022438404,1.23,1.2,-4.249754973251282e-06,0.53,-0.0235075699,0.0040820516,0.08,-1.0,-0.0154918668,-0.007082256,2.22,2.23,2.16,-0.01,0.06,0.88,2.45,4.61,4.68,4.67
2015-03-09,2079.429932,-0.1309123748,-0.00014426349166442074,0.0039444213,-0.0141739464,0.0011960801,-0.0043885035,-1.792771427,-1.4329314326,-0.8373935061,1.1656682578,2094.09336109,2088.98470529,2068.37319538,1994.11682316,2.2,3.0271667406514506e-06,-0.51,-0.16,0.00011505640897785343,-0.01,-0.0054689743,1.66,-2.01,4.66,0.0022551016,-0.0410958904,-0.0235294118,0.01,0.34,-0.21,0.0042654108,0.38,-0.0005753188,0.02,0.0115674454,0.0030583909,0.01,-0.56,0.0096777812,0.22,0.1,3.78,0.61,-0.76,-0.0016946374,-0.0040253572,0.07,0.010018082,0.0001305633710273105,S&P,0.0014654332,0.25,2.21,0.0049855,-2.0339842430328522e-05,-0.005488649,-5.67,0.0057811655,1.63,-0.0124524352,-5.161841809162069e-05,0.018888434,-1.05,-0.03,5.674274367875869e-05,-0.55,0.0054939866,0.0026959317,-0.54,0.19,0.0086545633,-0.0051071799,2.19,2.18,2.1,0.01,0.09,0.88,2.46,4.56,4.64,4.65
2015-03-10,2044.160034,0.0954916112,1.0,-0.0169613303,0.0039444213,-0.0141739464,0.0011960801,-3.0183412939,-3.3713363716,-2.6748074905,-0.1260519662,2085.01457435,2084.71568897,2067.42365964,1994.61476556,2.14,0.00022110081426524424,-2.43,-0.83,-2.0160357004956732e-05,-1.17,-0.0111905529,1.62,-3.66,4.59,-0.0173191105,-4.5289408348498725e-05,-0.0240963855,-0.46,-1.72,-1.01,-0.0206858347,-1.25,0.0001918833,0.02,-0.0191365003,-0.0167224899,0.03,-0.9,0.0014282314,-0.51,0.1,3.7,-1.69,-0.76,-0.0093715473,-0.0239063505,-1.42,-0.0250406667,-6.535319962803929e-05,S&P,-0.0252423093,1.9768102635034035e-05,-1.94,-0.0122998124,0.0001234062308246662,-0.0105683649,2.02,0.0055408692,0.77,0.0031266291,7.788372740162892e-06,-0.0049478575,-0.64,1.39,0.00010979076067996101,-0.47,-0.0112259582,-0.0070566129,-1.09,-1.86,-0.0183306949,-0.0252599716,2.11,2.12,2.04,-0.01,0.07,0.89,2.45,4.49,4.57,4.56
2015-03-11,2040.23999,-0.0715009948,2.0,-0.0019176796,-0.0169613303,0.0039444213,-0.0141739464,-2.7776604668,-3.4827336377,-2.8309048962,-1.3705034248,2076.87374083,2080.47990812,2066.35763338,1995.06874789,2.11,-9.958998559147909e-05,0.07,-0.94,7.424833522547945e-05,0.26,0.023719989,1.6,2.04,4.56,3.18253077218e-05,-0.00011005632959006247,-0.012345679,-0.61,-0.12,-0.38,-0.0182314992,0.66,-0.0004796163,0.03,-0.0011896027,-0.0020268567,0.03,-1.72,0.0042468901,2.48,0.1,3.67,-0.16,-0.96,-0.0074908948,-0.0084977806,-1.41,0.00466983,6.390782353210439e-05,S&P,0.007693751,3.5468909131006066e-05,-0.46,0.0059906911,1.740464624530259e-05,-0.0028483859,3.37,-0.003047534,0.96,-0.0015081269,0.00012323606801308161,0.0014703855,-0.11,0.97,-7.758688569106195e-05,-0.28,-0.0121571286,0.0265739353,2.29,-0.55,0.0007946365,0.002789908,2.08,2.08,2.01,-3.1565573009665514e-05,0.07,0.89,2.45,4.46,4.53,4.53
2015-03-12,2065.949951,-0.0002084208,3.0,0.0126014396,-0.0019176796,-0.0169613303,0.0039444213,-1.6701294287,-2.1220064628,-1.5018236781,-0.1247300239,2074.88759723,2079.09610268,2066.34164584,1995.77403349,2.1,-5.887387958651709e-05,0.81,0.46,-8.753173221404878e-05,1.29,-0.0020849226,1.59,-0.8,4.56,0.013307758,-0.0428571429,-0.00625,-0.1,1.2,1.49,0.0180791806,1.7,-1.5046998872434254e-05,0.03,-0.0228680324,0.0089382752,0.03,0.96,0.0050731384,-0.12,0.1,3.67,1.29,0.65,0.0033725581,0.0214810031,0.83,0.0187582497,2.3009729759113923e-05,S&P,0.0351955114,-0.00015481443360237818,1.98,0.0171576975,0.00012967449282423336,0.0023804333,-3.19,0.003081685,1.73,-0.009885924,-0.0001328400460616251,0.017752924,1.93,-0.68,1.454321469360865e-05,0.1,0.015358035,-0.0005590879,-0.18,0.54,0.0083366015,0.0058915566,2.07,2.07,2.0,5.630988786285136e-05,0.07,0.89,2.46,4.46,4.53,4.53
2015-03-13,2053.399902,0.0272177952,4.0,-0.0060747111,0.0126014396,-0.0019176796,-0.0169613303,-0.8622822781,-2.4281348539,-2.6963060076,-1.6796942435,2070.98074355,2076.64884547,2065.83412647,1996.34742522,2.13,7.11093642291488e-05,-0.36,0.03,5.97803687446625e-05,-0.64,0.0046377285,1.6,-4.22,4.6,-0.0064551728,0.0149253731,0.0062893082,0.5,-0.69,-0.92,-0.006910414,-0.37,-1.614788014600039e-05,0.03,0.0087762311,-0.0043999585,0.03,-0.1,-0.0037758362,0.89,0.11,3.7,-0.77,0.38,0.0010610153,-0.0097798287,-1.32,-0.0060289882,6.36691448461909e-05,S&P,-0.0044972117,0.1,0.15,-0.0036388924,0.0001284848327068702,-0.0041557587,-0.26,-0.0007660097,-1.18,-0.0026063169,-3.6514044855693714e-05,0.0070425847,1.0,0.25,-8.537072368190065e-06,0.34,-0.0062105879,0.0086632196,0.45,-0.51,-0.014173189,-0.003032051,2.1,2.1,2.02,-4.412398860948517e-05,0.08,0.9,2.47,4.49,4.57,4.57
2015-03-16,2081.189941,-0.0580124394,-0.00010132638560066145,0.0135336711,-0.0060747111,0.0126014396,-0.0019176796,0.0846390144,-1.7096497967,-1.3495052372,-0.7534632533,2072.83696127,2077.08133076,2066.43631528,1997.19162936,2.1,5.541705145825157e-05,1.0,0.8,-5.979120021542921e-05,0.4,0.0101188704,1.57,-2.25,4.58,0.0121067734,-0.0294117647,-0.01875,-0.42,1.31,0.05,0.011004135,1.05,-0.0005278311,0.05,0.0043499274,0.0118540328,0.02,0.1,0.0099126927,2.25,0.15,3.7,1.15,-6.163418646577368e-05,0.0053032248,0.0074748208,0.7,0.0139343934,1.4943011880271603e-05,S&P,0.0070473437,0.3636363636,-0.04,0.0062006054,-2.92110067032079e-05,0.0106116486,-0.4,0.0002060782,2.77,-0.0092815712,0.00019187062672767284,0.0226492918,0.26,0.29,1.963592915218274e-05,0.2,0.0186473039,0.0223591066,1.01,1.18,0.0163738013,0.0094205262,2.08,2.05,1.95,0.03,0.13,0.88,2.48,4.43,4.53,4.56
2015-03-17,2074.280029,-0.022381357,1.0,-0.0033201736,0.0135336711,-0.0060747111,0.0126014396,1.4734656044,-1.5893499103,-1.9475462491,-1.2407542545,2073.09933722,2076.81454012,2066.74391189,1997.95867811,2.06,4.658106248203982e-05,0.5,-0.34,-7.650977362558596e-05,-0.87,-0.0063681012,1.56,0.13,4.55,-0.0017221715,0.0606060606,-0.0063694268,-0.46,-0.1,-0.3,0.0167267231,0.36,0.0004961032,0.05,0.0033686236,0.0016067338,0.05,-0.25,-0.0033862335,-1.49,0.15,3.67,-0.42,-0.64,-0.0020067411,-0.0038301673,0.28,-0.0038803073,-6.144793162028693e-05,S&P,0.0032298582,0.00011233918880439276,-1.34,0.0019761175,9.412460309026829e-05,-0.008022652,5.12,0.0001977452,-2.23,0.0047445782,0.00011204311267248848,0.0155225453,0.78,-0.15,-9.492777898228821e-05,2.11,-0.0115772712,-0.0153578585,-0.61,0.42,-0.0055010607,0.0049235019,2.01,2.01,1.91,1.559976892588482e-05,0.1,0.88,2.49,4.4,4.5,4.5
2015-03-18,2099.5,0.2813206118,2.0,0.0121584215,-0.0033201736,0.0135336711,-0.0060747111,2.9045607522,0.0462214496,-0.6793309998,-0.0085694966,2077.89945772,2078.97506011,2068.02846437,1998.96903952,1.93,-0.00014453853591649276,1.52,1.1,1.202893522188621e-05,2.46,0.0008927835,1.41,4.49,4.48,0.0144791861,-0.1857142857,-0.0961538462,1.56,1.25,2.01,0.0112562971,0.93,-0.0019674334,0.03,0.0191846278,0.0091950469,0.02,-0.24,0.0010803871,-0.58,0.12,3.6,1.19,2.38,0.0091454483,0.0086577809,2.54,0.0022723421,3.082040372842779e-05,S&P,0.0046502951,-0.2,-2.08,0.007977617,-9.643419564027018e-05,0.0236679109,2.28,-0.0007168176,1.49,-0.0049717385,-6.916516889457116e-05,0.0212553111,0.41,-2.76,-9.502886720345752e-05,0.21,0.0157172892,-0.0048477428,0.05,1.13,0.0130383253,0.0157365297,1.91,1.9,1.81,0.01,0.1,0.88,2.55,4.36,4.45,4.46
2015-03-19,2089.27002,-0.1993575908,3.0,-0.0048725792,0.0121584215,-0.0033201736,0.0135336711,1.1287818947,-0.5601996526,-1.0171773928,-0.3899940972,2079.96683268,2079.95553248,2068.86146655,1999.86755674,1.98,8.395503433505627e-05,0.57,1.6,6.761379481869386e-06,-0.95,0.0007470575,1.48,-2.65,4.48,-0.008018296,0.1052631579,0.0496453901,0.35,-0.48,-1.57,-0.0075504086,0.14,-0.0033336004,0.03,-0.0049411529,0.0019165424,0.02,3.69,-0.0183232971,0.05,0.12,3.58,-0.57,1.38,0.0144614175,-0.0050648423,-1.9,-0.0089068664,-0.0002331978536770604,S&P,-0.0117500449,4.3569395606958436e-05,3.4,0.0021722571,-0.00012939442368497823,-0.0192865807,-3.66,-0.0100263523,0.05,0.0142291702,7.364402279912972e-05,0.0013893075,-0.21,1.19,4.234758952555154e-06,0.23,0.0022669328,-0.0019600429,0.11,0.05,-0.0120904451,0.0024620759,1.96,1.95,1.86,0.01,0.1,0.9,2.5,4.36,4.45,4.46
2015-03-20,2108.100098,0.6804085658,4.0,0.0090127546,-0.0048725792,0.0121584215,-0.0033201736,2.6638842218,1.7786317421,0.1710666667,-0.1042482561,2085.08197183,2082.63596729,2070.40023641,2000.94449745,1.93,0.00020284623182537591,-0.01,-0.43,-4.326906508113964e-05,2.05,0.0099877424,1.42,1.64,4.44,0.0127312536,-0.0476190476,-0.0405405405,0.97,0.41,1.63,-0.0125490039,0.52,-0.0052583337,0.01,0.0139512884,0.0068183992,-6.018306524610395e-05,4.78,0.0118141914,0.96,0.11,3.55,0.42,3.84,-0.0038273248,0.0140660169,1.52,0.0089869116,9.63778915237027e-05,S&P,0.0090073864,-0.0833333333,3.74,0.009172346,-2.237937008403357e-06,0.0015400663,-0.96,0.0058135493,3.67,-0.0133892528,0.0001953515552755858,0.0097834918,0.31,-1.48,1.951802625369099e-05,-0.17,0.006982004,0.0117627545,0.96,0.85,0.0027635215,0.0086465962,1.93,1.92,1.82,0.01,0.11,0.89,2.51,4.33,4.43,4.44
2015-03-23,2104.419922,-0.4116151614,-0.00013290690154316382,-0.0017457311,0.0090127546,-0.0048725792,0.0121584215,1.1161874533,1.2017711977,-0.6125452399,-0.2483807921,2088.59796277,2084.71062964,2071.73434173,2001.97410366,1.92,4.304564642643558e-05,-0.02,0.29,2.428898415158372e-06,1.14,-0.0064806442,1.41,1.08,4.46,3.2462311302e-05,-6.911127934406398e-05,-0.0070422535,0.56,-0.2,1.38,0.0104050594,-0.27,0.0016165535,0.03,-0.0004664179,-0.0030737,0.02,0.44,-0.0094716951,-1.05,0.11,3.54,-0.15,1.25,0.0048930608,-0.0089302362,1.16,-0.0098785587,0.0001574706248617286,S&P,-0.0041063919,2.886916764360587e-06,1.19,-0.0013108602,-3.0195721481748373e-05,0.010527549,-1.9,-0.0060863599,0.85,0.012298744,7.712874277059423e-05,0.0194646724,0.97,-0.94,2.5260788098784443e-05,0.04,0.0056640722,-0.0119217427,-0.6,-0.68,0.0027558661,0.0021644991,1.9,1.89,1.81,0.01,0.09,0.92,2.54,4.35,4.43,4.44
2015-03-24,2091.5,-0.0239109414,1.0,-0.006139422,-0.0017457311,0.0090127546,-0.0048725792,0.8301661665,2.3158639839,-0.772377989,-1.1335479526,2089.1256059,2085.35723634,2072.50946558,2002.8649086,1.88,0.00014077960470343574,0.11,-0.24,-4.8481111290452506e-05,0.00017146975571281155,0.0066791238,1.37,-1.45,4.41,-0.0046192898,-0.0333333333,-0.0283687943,0.32,-0.47,-0.06,-0.0040877054,0.1,0.00145255,0.02,0.0009332944,-0.0032409362,0.03,0.54,-0.0047453639,1.17,0.11,3.5,-0.37,-0.18,-0.0038747523,-0.0027191732,-0.19,-0.0111220152,-4.125724697966975e-05,S&P,-0.0077088743,3.3001184749346495e-05,0.25,-0.0009883689,4.993802070229136e-06,-0.0106520309,1.94,-0.0023078141,-2.1,0.000582873,-0.00015495922173423403,0.0009984155,-0.25,-0.82,-2.421666720668621e-05,0.08,-0.0099048744,0.00923437,0.72,-0.17,-0.0078523364,-0.0025576537,1.85,1.86,1.77,-0.01,0.08,0.91,2.53,4.3,4.39,4.38
2015-03-25,2061.050049,0.1038679299,2.0,-0.0145589056,-0.006139422,-0.0017457311,0.0090127546,-1.8313860919,1.0199809386,-1.7860111355,-2.4982759183,2084.02095919,2083.04226612,2072.0600767,2003.44386522,1.93,-0.00010520820796065622,-0.44,0.61,-0.00016228446232350712,-0.6,-0.0132244204,1.41,2.49,4.46,-0.0110928319,0.0172413793,0.0291970803,0.19,-1.5,-0.39,-0.0261268052,-2.39,-0.0015632554,0.04,-0.0335665019,-0.023666937,0.02,0.1,-0.0009583899,-1.03,0.11,3.52,-1.67,0.18,0.0052718431,-0.008366984,0.42,-0.0140588491,1.1891490521224186e-05,S&P,-0.0146340927,6.092435401314498e-05,-0.36,-0.0234356338,0.00012011948841251553,0.004022764,-2.26,0.00034238,-0.86,-0.0078919578,-0.0001304833597144661,-0.0083119626,0.05,0.16,-0.00011911788677216757,0.04,-0.0158886133,-0.0116919654,-1.34,-2.38,-0.0142461417,-0.0040885215,1.91,1.89,1.82,0.02,0.09,0.94,2.53,4.35,4.42,4.44
2015-03-26,2056.149902,-0.0029734688,3.0,-0.0023775002,-0.0145589056,-0.006139422,-0.0017457311,-1.5852483252,-0.4743604266,-2.1365674222,-2.5863009304,2078.95349425,2080.48108858,2071.43614828,2003.9683034,2.01,-8.120399215218617e-06,-1.58,-0.22,-5.630507165883712e-05,-0.11,-0.0029157866,1.47,4.8,4.56,-0.0029694284,0.0338983051,0.0425531915,0.75,-0.26,-0.22,0.0069703438,-0.32,0.0009200523,0.03,-0.0060299085,-0.0026986779,0.02,0.84,0.0014389639,-0.42,0.13,3.61,-0.26,0.77,-0.0012699812,-0.0097314672,-0.8,-0.0011742996,9.869400788778854e-05,S&P,-0.000733425,0.1818181818,0.57,-0.0015074653,0.00011095356221833084,-0.0063634338,-1.87,-0.0022789859,-3.9,0.0029311181,3.3764113589199404e-05,0.00583707,-1.83,0.32,-8.799965754669172e-05,-1.07,-0.0019931932,-0.0018238551,-0.3,-0.29,-0.0044159374,-0.0136890566,1.99,1.98,1.88,0.01,0.11,0.95,2.55,4.43,4.53,4.54
2015-03-27,2061.02002,-0.1430268296,4.0,0.0023685617,-0.0023775002,-0.0145589056,-0.006139422,-2.2332942371,0.3710976119,-0.4943845751,-2.0660479924,2075.69286257,2078.62765348,2071.02767266,2004.53598217,1.95,-0.00020570241015536013,-0.61,0.12,2.0696394017308008e-05,-0.41,0.0055349627,1.42,-4.7,4.48,0.0009193851,-0.0491803279,-0.0340136054,-0.42,0.2,-0.97,-0.0079684322,0.62,6.45057248829e-05,0.04,-0.0058237808,0.0057286223,0.02,-0.41,-0.0037997924,0.11,0.12,3.53,0.13,-0.76,-0.0004441696,0.0087382386,0.04,0.0001679207,3.1040474344755946e-05,S&P,-0.0069724954,-0.0769230769,-1.63,0.0068345068,-9.656115320657499e-05,-0.0087760674,-3.07,-0.0028029168,1.83,-0.0012777762,-4.243662804595694e-05,0.0024445258,0.16,-0.17,-0.00019012748761813254,-0.08,0.001997174,0.0020813118,0.53,0.35,0.0024194356,-0.0058445327,1.93,1.91,1.83,0.02,0.1,0.95,2.53,4.36,4.44,4.46
2015-03-30,2086.23999,-0.030200595,-5.134490290362241e-05,0.0122366448,0.0023685617,-0.0023775002,-0.0145589056,-0.8638927911,0.2426519992,0.3274963919,-1.4711462968,2077.6105221,2079.35263791,2071.62423412,2005.34895737,1.96,4.153088532731855e-05,0.68,1.31,9.60988854677663e-05,-0.71,0.0098250637,1.41,-0.21,4.51,0.0104845098,-4.273199246996593e-05,-0.0070422535,-1.09,1.12,-1.29,0.025314426,1.43,-0.0007901442,0.04,-0.0002441298,0.0114940084,0.02,-1.5,0.015537606,1.93,0.14,3.55,1.33,-1.65,0.0150664429,0.0108754264,-0.5,0.0236775823,9.402590282994284e-05,S&P,0.0120103661,0.1666666667,0.47,0.0140195698,0.0001260681241314808,0.0245273385,2.08,0.0069640889,4.46,-0.0033173155,-0.00011662933930263452,0.0258655341,0.57,0.62,1.952990409597965e-05,0.02,0.0120590696,0.0183412229,0.99,1.08,0.0104585676,0.0053099784,1.94,1.92,1.82,0.02,0.12,0.96,2.55,4.37,4.47,4.49
2015-03-31,2067.889893,0.1572682499,1.0,-0.0087957747,0.0122366448,0.0023685617,-0.0023775002,-1.1288600048,-0.3080652521,1.1608611168,-1.8925189276,2075.84313499,2078.26094792,2071.47778937,2005.97125524,1.94,0.00021049804227629086,-1.67,0.33,0.0001909650687267728,-0.59,-0.0098120756,1.37,-2.1,4.49,-0.0081871339,-0.0344827586,-0.0283687943,-0.23,-0.71,-0.59,-0.0153517683,-0.22,-0.0014524328,0.03,-0.0073241945,-0.0094109395,0.05,-0.46,0.0011599189,-0.89,0.14,3.52,-0.88,-0.24,0.0018415315,-0.0066472411,-0.95,-0.0062335467,-0.00011588833013473925,S&P,-0.0067554866,-5.645569060905227e-05,-1.47,-0.0039990689,0.00011021985213837416,-0.0073571998,-0.15,7.50168731721e-05,-3.3,0.001378881,-0.0001644749374716137,-0.0102121995,-1.13,0.55,-8.245805096453174e-05,1.9627667983065625e-06,-0.0093550465,-0.0099155839,-0.96,-0.98,-0.0123408435,-0.0171808201,1.89,1.91,1.8,-0.02,0.09,0.97,2.55,4.35,4.46,4.44
2015-04-01,2059.689941,0.0493758422,2.0,-0.0039653717,-0.0087957747,0.0122366448,0.0023685617,-0.0659910224,-1.8961685639,0.9533168203,-1.8508235509,2072.90619063,2076.49228059,2071.01552081,2006.50576953,1.87,0.00017440153918410679,0.33,0.61,2.6726012836376274e-05,-0.24,0.0056778151,1.32,3.61,4.42,-0.0006945757,-0.0178571429,-0.0364963504,1.74,-0.38,-0.09,-0.0014465965,0.03,-6.46464646465e-05,0.03,0.0014756763,-0.0042135093,0.02,2.79,-0.0061160151,0.2,0.12,3.45,-0.5,1.74,0.0073033281,-0.0049448965,0.31,-0.0103994879,0.00013688060629188573,S&P,-0.0084559372,-0.1428571429,0.33,-0.0008461721,2.60990235536187e-06,-0.0063529529,-1.33,-0.0037326989,3.12,0.0004895637,-3.6437422632888664e-05,0.0166479994,-0.47,-0.61,0.00018088087508975548,-0.74,-0.0144134794,0.0029424587,0.51,-0.38,0.0012092302,0.0053890447,1.85,1.84,1.75,0.01,0.1,0.97,2.55,4.3,4.39,4.4
2015-04-02,2066.959961,-0.1262421436,3.0,0.0035296672,-0.0039653717,-0.0087957747,0.0122366448,0.5257427481,-1.0678399052,0.048888406,-1.6220575223,2071.82505797,2075.58444063,2070.85647925,2007.10730377,1.92,5.888577444707032e-05,0.21,0.46,-5.026547544700586e-05,0.76,0.0023546826,1.35,-3.77,4.47,0.005650219,5.792181564882035e-05,0.0227272727,-0.13,0.32,-0.12,0.00861167,0.24,-1.61626610205e-05,0.02,-0.0105599212,0.0013749272,0.02,-2.01,-0.0038618918,-0.46,0.1,3.49,0.35,-1.18,0.0076901705,0.0053745745,1.11,0.0095079064,1.1862002043762631e-05,S&P,0.0079718207,-0.1666666667,-0.29,0.0031557414,0.00014766617499673612,-0.0018943405,4.15,0.0010286685,0.95,-0.0004151841,1.0271859488366483e-05,0.0040653008,1.2,-0.71,-4.446781274585713e-05,0.25,0.0049419767,-0.0028321939,0.26,-0.13,0.0040258052,0.0035244878,1.9,1.9,1.82,-3.773287286001385e-05,0.08,0.98,2.55,4.37,4.45,4.45
2015-04-09,2091.179932,-0.0284718543,3.0,0.0044574814,0.002682533,-0.002061904,0.006608815,1.5288704563,1.4618705167,-0.3962880686,2.4967622559,2078.26702414,2078.02724458,2072.60730066,2010.06564452,1.97,-2.6267820048363505e-05,1.13,3.16,3.607603842766523e-05,0.2,0.0140339301,1.4,1.84,4.5,0.0029365941,0.037037037,0.037037037,-0.65,0.47,0.13,0.0076433122,-0.29,0.0005329974,0.03,0.0014486239,0.0047952129,0.02,-4.3,0.0028385759,0.97,0.1,3.53,0.33,-2.0,0.0660220655,0.0061385019,-1.13,0.0068796398,2.733930049757555e-05,S&P,0.0035185,3.502945290280551e-05,-0.11,-0.002850992,5.275843519953502e-05,0.0070188439,-3.47,0.0037970339,-1.26,-0.0109923568,-3.143565172042158e-05,-0.0093313798,0.5,1.13,-3.666475254996836e-05,-0.17,0.0116812895,0.0108492517,1.4,0.56,0.0287884846,0.0112434055,1.95,1.94,1.87,0.01,0.08,0.97,2.53,4.4,4.47,4.48
2015-04-14,2095.840088,0.1350733388,1.0,0.0016297588,-0.0045812806,0.0052028651,0.0044574814,0.9396391357,0.4601626872,-0.4077054161,0.7039312804,2086.46492711,2082.83838425,2075.33146117,2012.62775371,1.9,5.262749349127308e-05,0.16,-1.62,-4.3251972013305155e-05,0.9,-0.0068631963,1.34,0.86,4.44,0.0046406495,-0.0185185185,-0.0289855072,-0.44,0.22,0.47,-0.0043357904,0.03,-0.0004190372,0.02,-0.002634004,-0.0021971555,0.02,-0.53,-0.0086006989,-0.97,0.1,3.47,0.3,-1.1,-0.0162351546,0.0071921752,0.81,0.0156275334,7.880267051942921e-05,S&P,-0.0073273676,-0.0909090909,-0.62,-0.000189627,8.123459079003785e-05,0.015116019,0.76,-0.0050141764,-0.97,0.0070903032,0.00017567860137251607,0.0033602754,-0.1,-0.52,-7.076091971509063e-06,0.53,-0.0002984187,-0.0090066689,-0.65,-0.12,0.0036192908,0.0015571253,1.88,1.88,1.8,9.528740283588418e-05,0.08,0.97,2.54,4.34,4.42,4.42
2015-04-15,2106.629883,0.2158230015,2.0,0.0051481957,0.0016297588,-0.0045812806,0.0052028651,1.1878563891,1.8734068062,0.7233986612,1.5595702387,2090.13128273,2085.10424127,2076.55885027,2013.56309828,1.91,1.1847104793169881e-05,0.36,0.17,-4.397738505366145e-05,0.93,0.0069546994,1.33,3.23,4.45,0.005670585,-0.0377358491,-0.0074626866,0.71,0.42,0.72,0.0038004433,0.69,-0.00135438,0.02,0.0146457616,0.0067767763,0.02,0.73,-0.0143947708,0.07,0.08,3.48,0.32,1.05,0.0020800791,-0.0043103868,0.3,0.0185596126,-5.016346627615397e-05,S&P,0.0114412624,-0.2,0.33,0.0079029519,-1.2497927163714704e-05,0.0167379089,3.16,-0.002628586,-1.38,0.0038261783,-0.00012975125841580587,-0.0124292221,-0.2,-0.85,9.589378034146093e-05,0.39,0.0007958715,0.0003058846,0.64,0.55,-0.0097367833,0.0030387405,1.89,1.89,1.83,-9.493450831674174e-05,0.06,0.97,2.54,4.37,4.43,4.43
2015-04-16,2104.98999,-0.1444132185,3.0,-0.0007784438,0.0051481957,0.0016297588,-0.0045812806,0.660395492,2.1993625399,2.1319201356,0.2614903548,2092.83286587,2086.9981221,2077.67379692,2014.4728186,1.9,-8.540696028514531e-05,-0.35,0.43,7.599174609318537e-05,1.05,-0.0056828844,1.31,6.07,4.45,-0.0001172288,-0.0196078431,-0.015037594,-0.37,0.05,1.59,-0.0048114924,-0.07,-0.0010978898,0.02,-0.0023662566,-0.0006445756,0.03,-0.29,-0.0083387516,-1.92,0.08,3.47,0.11,-0.24,0.0043771104,0.006754458,0.71,-0.0062295282,-8.246791385736548e-05,S&P,-0.0001408962048664276,0.0002469942830105384,2.05,-0.0019210037,8.411122698555495e-05,-0.0039736489,2.84,-0.0008309259,0.82,0.0062966839,0.00014365179105023604,0.0270949405,0.05,-0.89,6.494919900980605e-06,0.86,-0.0080516602,-0.0190068705,-0.55,-0.15,-0.0065549165,-0.0051149541,1.87,1.88,1.82,-0.01,0.05,0.98,2.55,4.37,4.43,4.42
2015-04-21,2097.290039,0.0810790091,1.0,-0.0014806052,0.0092351313,-0.0113112452,-0.0007784438,0.0691823297,1.0094715297,0.5296633682,-0.3388051465,2093.35062227,2088.67951265,2079.42625431,2016.79396806,1.92,-4.3393454345853e-05,0.24,2.73,-0.00022738018791627727,0.1,0.0009735336,1.35,-2.16,4.46,-0.0014573003,0.0001260607879516171,0.015037594,0.52,3.55620209527468e-05,-0.18,-0.0054074766,-0.1,6.443820501077131e-05,0.03,-0.0062922629,0.0039042165,0.02,0.46,0.0035588644,0.55,0.09,3.51,-0.33,0.44,0.0278856803,0.0042873943,-0.01,-0.0147058977,-0.0001145597620069909,S&P,-0.0014717071,-0.1,-1.13,-0.0006087499,9.682556110350347e-05,-0.004126559,1.54,0.003674676,0.38,0.0017324176,-0.00013160192821034053,0.0181514106,1.89,-0.19,-0.00016658093041502957,-0.02,0.0008981539,0.0040086009,0.25,0.48,-0.014803812,0.0015314309,1.9,1.89,1.83,0.01,0.07,0.95,2.54,4.37,4.43,4.44
2015-04-22,2107.959961,0.0323949177,2.0,0.0050874804,-0.0014806052,0.0092351313,-0.0113112452,0.0631377163,1.2517440908,1.9377273488,0.786993115,2096.00686567,2090.51574582,2080.5452232,2017.70109237,1.99,0.00012170980953779412,-0.53,-0.26,-6.02136198070389e-05,-0.08,0.0035530494,1.41,1.05,4.52,0.0039701625,0.0363636364,0.0444444444,-1.28,0.44,0.58,0.0134740442,0.22,-0.0010013082,0.03,0.0082083257,0.0042021148,0.01,-1.04,-0.0019973097,-0.63,0.1,3.58,0.35,-1.25,0.0029931026,-0.0035278006,-0.09,0.0101107044,0.00013463697760291777,S&P,0.0071849485,0.1111111111,-1.29,0.0010520555,9.977490646674562e-05,0.006675898,1.2,0.0026497203,-0.27,0.0068266287,0.00011538088347150366,0.0244248489,0.95,1.78,0.0002219786969781199,0.45,0.0012960817,-0.0060479481,0.35,0.38,0.0108940266,-0.0049129547,1.98,1.96,1.89,0.02,0.09,0.94,2.53,4.42,4.49,4.51
2015-04-23,2112.929932,0.0860659165,3.0,0.002357716,0.0050874804,-0.0014806052,0.0092351313,0.377196188,1.0400826666,2.5848546395,2.5171578451,2099.08378682,2092.65043022,2081.81521178,2018.64864301,1.96,-7.183340309243548e-06,0.36,-0.03,-3.867156621235378e-05,-0.93,-0.0061752319,1.37,3.38,4.5,0.0042200623,-0.0350877193,-0.0283687943,0.56,0.32,0.3,0.0081636063,0.37,0.0004849896,0.03,0.0081413813,0.0041488445,0.01,0.22,-0.0077683385,-1.33,0.09,3.56,0.2,0.44,-0.0038000631,0.0004874346,0.94,-0.0022243407,-4.997240260800945e-05,S&P,0.0034754528,-0.1,1.05,0.0047887435,-8.359175338969231e-05,0.0009147267,-2.88,-0.0031596333,-0.2,0.0009635853,0.000127522534697827,0.0036407169,0.05,-1.74,3.1084402772082473e-05,1.39,0.0002987056,-0.0121164199,-0.64,0.82,-0.0022296544,0.0036282404,1.95,1.93,1.87,0.02,0.08,0.94,2.54,4.41,4.47,4.49
2015-04-28,2114.76001,0.0312671756,1.0,0.0027692317,-0.004141314,0.0022528002,0.002357716,0.8329783042,0.9027369077,1.8508585127,1.3670536533,2105.66184674,2098.1101247,2085.42708528,2021.46023064,2.0,0.00014656484510638254,-1.06,0.08,-4.085919222834402e-05,0.95,-0.018130936,1.39,-0.29,4.55,0.0032031447,0.037037037,0.0220588235,0.84,0.34,2.11,-0.0157557188,0.62,-0.0020132066,0.02,0.0235269836,-0.0009545137,-0.02,1.46,-0.0046307781,-1.95,0.09,3.6,0.38,1.34,0.0003221597,-0.0210917549,0.85,0.0067372153,0.00015225632642288468,S&P,0.0080043477,-0.1,0.22,0.0053165437,-1.4841465434347737e-05,0.0090794274,1.08,-0.0025435338,0.53,0.0072997975,1.9702547894861972e-05,-0.0113047659,0.2,0.07,7.151619488571504e-05,-0.44,0.0015907337,-0.018896667,-1.74,-0.19,0.0089286462,-0.0103462838,2.02,1.98,1.91,0.04,0.11,0.95,2.55,4.46,4.53,4.57
2015-04-29,2106.850098,0.149086223,2.0,-0.0037403355,0.0027692317,-0.004141314,0.0022528002,-0.0526510475,0.0104534262,1.198433987,1.8840560676,2105.87789242,2098.94250311,2086.26720343,2022.30988106,2.06,1.5047030760845248e-05,-0.81,-0.33,-3.920169310174079e-05,-0.39,-0.0258998467,1.43,1.86,4.64,-0.0043710949,0.00015936332501486126,0.0287769784,-0.6,-0.62,-0.19,-0.0147058749,-1.5,-0.001016703,0.01,-0.0020341538,-0.00628628,-0.02,0.24,-0.0015452355,-3.02,0.07,3.69,-0.58,7.702345211542302e-05,-0.0014910709,0.0001397522,1.38,0.0133843217,0.00011770024232259385,S&P,0.0009023461,-0.2222222222,0.54,-0.0098542388,9.131047792565938e-05,0.0007972665,3.54,0.0012371595,1.57,0.0060007147,0.00014766365878482132,9.05392198821e-05,-1.16,-1.66,0.0002208233207051726,-0.44,-0.0034742804,-0.032081894,-2.63,-0.8,-0.0011062315,-0.0119764163,2.08,2.05,1.99,0.03,0.09,0.95,2.58,4.57,4.63,4.66
2015-04-30,2085.51001,0.106678086,3.0,-0.0101289067,-0.0037403355,0.0027692317,-0.004141314,-1.2977203638,-0.9254191275,-0.2711350618,1.2535900907,2102.17464107,2097.66321805,2086.23750957,2022.93873807,2.05,-3.104690360070809e-06,0.14,-0.82,6.456351790373276e-05,-0.92,0.0014089199,1.43,1.43,4.65,-0.0093570993,0.0357142857,-3.4356145916836666e-05,-1.7,-0.95,-1.31,-0.027129952,-1.95,0.0001292365,0.01,-0.0085609864,-0.016366661,-0.01,-3.28,0.0049590628,0.15,0.06,3.74,-1.09,-2.89,-0.0094132621,-0.0176770526,0.84,-0.0053459121,-2.487860832282389e-05,S&P,-0.006491183,-0.1428571429,3.26,-0.0215084382,-4.17803931993625e-06,-0.005690224,5.56,0.0040514583,-1.76,-0.0046827417,-3.5354960315232466e-05,-0.0078106543,-1.5,-0.75,9.993638413440614e-05,-0.32,-0.0118537903,0.001894576,0.41,-1.6,-0.0003691399,0.0020586922,2.06,2.04,1.99,0.02,0.07,0.91,2.6,4.59,4.64,4.66
2015-05-06,2080.149902,-0.0004586249,2.0,-0.004455725,-0.0118373835,0.0029407486,0.0109230015,-1.2673040206,-1.3192878192,-1.2569830711,-0.0840578357,2098.38663297,2097.34984258,2087.9099428,2025.88040626,2.25,-4.239342003834586e-05,-0.09,-0.37,0.00012485122743836525,-0.79,0.0015118445,1.58,0.37,4.89,-0.0030182446,0.0483870968,0.025974026,-0.13,-0.47,0.33,-0.006279817,0.31,-0.0010007748,0.02,-0.0277310726,-0.0039863586,0.02,-0.44,-0.0027007771,0.16,0.08,3.98,-0.48,-0.18,-0.0041299471,-0.0049621216,1.49,-0.007453478,-0.00017741505765387407,S&P,-0.0143575554,-0.00013525760310720188,-0.24,0.0032416291,9.451158702815356e-05,-0.00473986,-0.14,-0.0043777957,2.68,0.0044654507,-3.312835435071028e-05,-0.0161536846,-0.15,-1.08,6.313508203083057e-05,-1.78,-0.003316603,0.0019836987,0.15,-0.78,-0.0040862184,0.0008805498,2.23,2.23,2.17,2.18233617498248e-05,0.06,0.91,2.64,4.81,4.87,4.87
2015-05-07,2088.0,-0.0304756329,3.0,0.0037738136,-0.004455725,-0.0118373835,0.0029407486,0.1193947758,-1.1798749983,-0.8071292539,-0.1520640071,2096.49815425,2096.45938138,2087.91347446,2026.49851167,2.18,0.00011762332413834158,-0.45,-1.71,-4.109555309299452e-05,-0.64,-0.0028845468,1.55,-3.29,4.82,0.0018527755,-0.0307692308,-0.0189873418,-0.59,0.48,-0.78,0.00199984,0.48,0.0014541929,0.01,0.0090752379,0.0052645928,0.01,-1.29,0.0058149194,0.52,0.08,3.92,0.62,-1.09,-0.0126963783,0.018563586,-0.76,0.0090738739,-0.00018803638885676836,S&P,-0.0020028588,5.2984298944725895e-06,-0.24,0.0050682769,-0.0001527357033650288,-0.0066901461,-1.51,0.0026131058,-1.38,0.0108312273,-5.496451386683363e-05,-0.0276767276,-0.66,0.59,9.44341275996083e-05,-0.44,0.004941071,0.0050941471,-0.17,0.67,0.0085789634,-0.0067352487,2.17,2.17,2.1,-0.00012006534896602322,0.07,0.9,2.64,4.74,4.81,4.81
2015-05-12,2099.120117,0.0490698941,1.0,-0.0029496377,-0.0050895607,0.0134579013,0.0037738136,0.4623278828,-0.7395587644,0.0872591757,0.1565018733,2100.67452598,2099.00836984,2090.02953318,2028.87160738,2.28,2.175627610052268e-05,-1.3,-1.1,7.949416775827073e-05,0.35,-0.0105850417,1.58,3.0,4.93,-0.0024747289,-0.0161290323,-0.0062893082,0.79,-0.13,1.06,-0.0035623575,-0.02,-4.83933410763e-05,0.03,-0.0004222293,-0.0034804526,0.01,1.3,-0.0074915658,-1.64,0.09,4.01,-0.07,1.66,-0.0112207697,-0.0042278318,0.53,-0.0013750344,-0.00016501399146343068,S&P,-0.0007205369,7.889519797699557e-05,1.13,-0.0021847269,-0.00014271654308069308,0.0027655912,3.39,-0.0024639602,-0.05,0.0060332348,5.172505235707255e-06,0.0156072328,0.15,-0.54,0.00021166688142261605,1.1937815758103399e-05,-0.0055428883,-0.0172135214,-1.04,-0.24,0.0040862184,-0.0136701942,2.27,2.25,2.19,0.02,0.08,0.92,2.65,4.84,4.9,4.92
2015-05-13,2098.47998,0.0747693915,2.0,-0.0003049549,-0.0029496377,-0.0050895607,0.0134579013,0.8811902441,-0.3972811359,-0.4497230107,-0.3868692391,2100.27551762,2098.958047,2090.36092325,2029.564228,2.27,-2.8404762332211193e-05,0.12,-0.52,-6.470762277843194e-05,1.64,-0.002571043,1.57,-0.07,4.98,0.0003446432,-0.0327868852,-0.0063291139,1.86,-0.02,1.73,0.0011122507,-0.19,-0.0006936715,0.02,0.0059134744,0.0011052633,0.02,4.22,-0.0040823128,-1.18,0.09,4.05,-0.08,3.56,-0.0057612784,-0.0096283098,1.28,0.0024479192,-8.839746235015454e-05,S&P,0.002343555,-6.997048348381975e-05,8.946007522459951e-05,-0.0006892834,1.646455512899029e-05,-0.0052861298,1.31,-0.0056327033,0.05,0.0044074959,-1.2825187290245011e-05,-0.0057846407,0.56,-1.36,4.678809679391851e-05,0.55,0.0007962775,-0.0105427014,-0.28,0.07,0.0066591932,0.0022787351,2.25,2.25,2.18,-5.8349304876564715e-05,0.07,0.93,2.71,4.89,4.96,4.96
2015-05-14,2121.100098,-0.0440155767,3.0,0.010779287,-0.0003049549,-0.0029496377,-0.0050895607,1.5852537356,1.7065412215,0.3866747248,0.7653294351,2104.06180496,2101.06681376,2091.56638108,2030.47503268,2.23,-2.1540708909263957e-05,0.64,0.16,-4.0341017730256166e-05,0.19,0.0135937326,1.51,-0.33,4.97,0.0081254006,-0.0508474576,-0.0382165605,0.48,1.1,-0.41,0.0233314416,1.1,-0.0004842928,0.01,0.022884736,0.0138727751,6.989504571721497e-05,1.41,0.0024259662,2.12,0.08,4.04,1.04,1.81,0.0013677971,0.0126736572,0.47,0.008089225,-9.653741173736252e-05,S&P,0.0079137233,-0.1111111111,-0.14,0.0104115588,-0.00010718417789047634,0.0047366337,2.49,0.0002601376,6.85,0.0020342946,-4.094283892559516e-05,0.0005830459,-1.16,-0.43,-6.360055107564913e-05,0.06,0.0127299748,0.0183553792,1.38,1.5,0.0073502759,0.0033670861,2.23,2.22,2.15,0.01,0.08,0.93,2.74,4.89,4.96,4.97
2015-05-19,2127.830078,0.1412095465,1.0,-0.0006433745,0.0030479482,0.0007684135,0.010779287,1.3677140611,1.8363652674,0.6180402475,1.4561666928,2114.39502761,2107.72875616,2095.5345678,2033.3160853,2.27,0.00012821586119823202,0.31,0.61,2.102513637434979e-06,-0.6,0.020946379,1.6,-3.4,4.98,-0.0013136917,0.0862068966,0.038961039,-1.49,-0.07,-0.94,-0.0009216914,-0.06,0.000387453,0.02,-0.0089563845,-0.0016560511,0.02,-3.74,0.0069246604,2.44,0.07,4.07,0.14,-3.56,0.0037073008,-0.0083011925,-1.47,0.0088829271,3.099739049100799e-05,S&P,0.0116592287,-0.125,-2.35,-0.0014790906,0.0001271632367284545,0.0016119747,-2.06,0.0062718765,-2.16,-0.0094186101,4.5176119391079606e-05,0.0312970286,0.7,1.11,8.314148064839284e-05,0.61,0.005221437,0.0223428966,2.11,-0.13,0.0014647016,0.0037595885,2.25,2.25,2.2,4.850770746220702e-06,0.05,0.91,2.71,4.91,4.96,4.96
2015-05-20,2125.850098,-0.0819622394,2.0,-0.000930516,-0.0006433745,0.0030479482,0.0007684135,1.3042830173,2.1969664761,0.901820211,0.8486943458,2116.47776768,2109.45459824,2096.72341212,2034.23682174,2.26,-8.588851799961333e-06,0.22,-0.76,-2.578917974293447e-05,-0.52,0.0031266489,1.57,1.58,4.99,-0.0002595307,-0.0476190476,-0.01875,0.15,-0.09,-0.52,-7.69508684658e-05,0.11,-0.0004841286,0.02,0.0002091564165978816,0.0003373647,0.02,0.25,-0.0018562282,-0.16,0.08,4.09,-0.15,0.23,-0.0039174582,0.0050982762,-0.5,-0.0079092521,0.00011003433845956666,S&P,-0.0056737587,0.1428571429,-0.31,0.0016564643,-1.3552230422605176e-06,0.0016093689,-1.12,0.0046414316,0.37,0.0017253002,-0.00010302990297919388,0.0065050348,1.0,0.05,0.0001690847724294829,0.89,-0.00346288,-0.000410041,0.46,0.09,0.0106032541,0.0017440361,2.24,2.24,2.18,-0.0001197852837324016,0.06,0.9,2.73,4.91,4.97,4.97
2015-05-21,2130.820068,0.0147329041,3.0,0.0023378742,-0.000930516,-0.0006433745,0.0030479482,0.4582513578,2.0507695402,2.1726128277,0.8466980248,2119.08545865,2111.48940489,2098.06053588,2035.19784907,2.19,-0.00012499578297288667,0.24,0.46,-3.545235594061857e-05,0.63,0.0026104826,1.53,2.32,4.94,0.0026243793,8.269372478829053e-05,-0.025477707,-0.23,0.26,0.27,0.0102260574,-0.21,-0.0011140352,0.02,-0.0033628414,0.0037560687,0.02,0.11,-0.0008520121,0.08,0.07,4.06,0.01,0.29,-0.0022233085,0.0183315724,0.18,0.0025571449,-5.570462550572636e-06,S&P,-0.0012482881,-0.125,0.67,-0.0007950769,0.00011464607049882883,0.0009181912,1.17,-0.0014272267,1.56,0.0077855434,4.612424121903868e-06,0.0186973465,-0.25,-0.06,8.597944081562117e-06,-1.24,-0.0113899616,0.0013605231,0.24,0.52,0.0028943561,0.0008848194,2.17,2.17,2.12,-6.980075416779193e-05,0.05,0.88,2.75,4.87,4.92,4.92
2015-05-27,2123.47998,-0.0640818879,2.0,0.0091626411,-0.0102819805,-0.0022338859,0.0023378742,-0.204438223,1.1604797078,1.6281728119,0.412338514,2118.51898901,2113.13919598,2100.30228645,2037.64223362,2.14,8.923370930006919e-06,1.26,-0.81,-8.26350636127063e-05,0.46,0.0194726008,1.53,-2.61,4.85,0.0070516979,-0.00017489805606158172,-0.0064935065,0.07,0.76,-0.1,0.0186699436,1.15,-0.0004197678,0.01,0.0218931316,0.0146718681,0.02,-0.57,0.0023824088,1.37,0.09,3.94,0.49,-0.36,-0.0059698859,0.0139845629,0.29,0.0112581465,0.00011778941971350597,S&P,0.0073661516,-0.00015488419683001744,-1.3,0.0125932181,4.73945416882547e-05,-0.0028119157,-0.25,0.0061307629,-0.89,-0.003146392,6.975341013543441e-05,0.0062752068,0.05,-0.41,6.736091517093092e-05,-2.19,0.003074757,0.0125589995,1.91,1.4,-9.231651340212946e-05,0.0121312138,2.12,2.13,2.05,-0.01,0.07,0.91,2.71,4.76,4.84,4.83
2015-05-28,2120.790039,-0.0471905012,3.0,-0.0012667607,0.0091626411,-0.0102819805,-0.0022338859,-0.2380252025,1.0631532925,1.9537119398,0.6616484492,2118.93190719,2113.8678477,2101.10572773,2038.46957497,2.13,-3.121128468841284e-05,0.05,-1.64,-7.047637421419999e-05,-1.22,-0.0086250748,1.51,0.84,4.88,-0.0009520813,-0.03125,-0.0130718954,0.03,0.04,-1.04,-0.0019690549,-0.00016860254777470844,-1.61516967357e-05,0.01,-0.0033606385,-0.0016860301,0.01,0.09,-0.0023205396,-0.91,0.08,3.95,-0.04,2.6720690009515943e-05,-0.0223245498,-0.0112419588,0.4,-0.004062043,-5.280921382984717e-05,S&P,0.0024968611,-0.1111111111,-0.82,-0.0010045035,-8.660128996580397e-05,-5.0713540804418934e-05,-3.87,0.0006465331,-0.18,-0.0020221314,0.00010513964091082369,-0.0650478281,0.44,-0.61,-5.366117939359084e-05,0.29,0.0001978147,-0.0079482234,-0.79,0.01,0.0039970567,0.0010805877,2.12,2.12,2.05,0.00010987430416238244,0.07,0.93,2.75,4.8,4.87,4.87
2015-06-02,2109.600098,0.0124978833,1.0,-0.0010085958,0.0020594609,-0.0063184689,-0.0012667607,0.25663659,-0.9205266509,0.202819503,-0.2312563324,2114.75904039,2112.77214994,2102.0666273,2040.57124225,2.27,6.752796358396722e-05,-0.26,-0.19,0.0001591759941011225,1.08,-0.0041469852,1.61,0.94,5.02,0.0017375935,7.431671170717146e-06,0.0387096774,0.36,-0.12,2.17,-0.0044429756,0.16,-0.0002100331,0.01,-0.0065636672,-0.0012611143,0.02,0.81,-0.0088387468,-0.94,0.07,4.11,-0.12,0.3,-0.0047265535,0.0001623898,2.08,-0.000908066,7.278428796131262e-06,S&P,0.0024981977,0.00018666532153292377,0.62,0.0017445736,-2.363836453671833e-05,0.0001174909,1.85,-0.006495927,3.61,0.00920402,9.790627619581262e-05,0.0169379796,-0.15,-1.34,-3.8321476629087965e-06,-0.75,-0.0005997401,-0.0093782383,-0.38,-0.41,0.0018328079,-0.0036384452,2.25,2.26,2.2,-0.01,0.05,0.91,2.75,4.95,5.01,5.0
2015-06-03,2114.070068,0.0166035385,2.0,0.0021188708,-0.0010085958,0.0020594609,-0.0063184689,-0.4431363652,-0.6466686481,0.712200835,1.1778214208,2114.63377269,2112.89576118,2102.53735046,2041.30257385,2.38,0.00015411193675823472,0.41,0.7,0.00014823600883506405,-0.42,0.0059366967,1.69,-2.58,5.1,0.002439269,0.078125,0.049689441,-0.66,0.44,0.18,0.0012310556,1.11,-6.46391519343e-05,0.02,-0.0014919012,0.0044735291,0.02,-1.99,0.0034075256,0.78,0.07,4.19,0.53,-1.37,0.0069447679,0.0129933551,1.08,0.0102999096,7.388752952687877e-05,S&P,0.012993948,-3.7692409020063246e-05,-0.25,0.0102092239,-0.00018169579325716316,-0.002231642,-2.37,0.0021606469,-0.68,-0.0008585521,5.902919982481341e-05,-0.0001117656,-0.24,0.08,5.866460891788097e-05,-0.88,0.00110015,0.0080167638,0.6,0.54,0.0073180022,0.0032042775,2.36,2.36,2.31,4.12448638047716e-05,0.05,0.91,2.72,5.03,5.08,5.08
2015-06-04,2095.840088,0.0322808534,3.0,-0.0086231674,0.0021188708,-0.0010085958,0.0020594609,-1.1764460669,-1.4116710312,-0.1258001994,0.7542815056,2111.21673911,2111.27141135,2102.27471272,2041.84523568,2.31,4.336024544636887e-05,-1.2,0.3,8.449230598514796e-05,-0.32,-0.00934415,1.65,-2.77,5.03,-0.0096813756,-0.0434782609,-0.0236686391,-0.78,-0.8,-1.23,-0.0058407165,-0.96,0.0005333075,0.02,-0.0104588478,-0.0078658666,0.02,-2.28,0.0030507386,-0.51,0.08,4.12,-0.94,-2.78,-0.0038174162,-0.0133076732,-0.32,-0.0055471517,-4.443910114613652e-05,S&P,-0.0135301529,0.1428571429,-1.27,-0.0105093529,-7.642622580129505e-05,-0.0085932434,-0.3,0.0006113721,2.75,0.0025047939,-0.0001379156359615901,0.0075609349,0.05,-0.04,-0.0001218140784837377,0.18,-0.0085921974,-0.0069197142,-0.9,-0.68,-0.0098075187,-0.0131357176,2.29,2.29,2.23,-5.697174080200176e-05,0.06,0.91,2.72,4.95,5.01,5.01
2015-06-09,2080.149902,0.0402550434,1.0,0.000418353,-0.0064745099,-0.001436183,-0.0086231674,-1.3960084676,-1.1429545462,-2.3036844885,-1.196020342,2098.57941207,2104.11311991,2100.19878543,2043.09242216,2.42,0.00019454092080257876,-0.65,-1.11,-3.249372470953014e-05,-0.14,-0.0015315894,1.74,3.49,5.15,-0.0001997345,0.0285714286,0.011627907,0.23,0.08,-0.14,-0.002973435,-0.11,1.61404867972e-05,0.02,-0.0017493549,-0.0015452684,0.01,-0.01,-0.0056406124,-0.9,0.08,4.23,-0.01,1.3768204791247092e-05,-0.0119620891,0.0046753506,-0.07,0.0043354912,1.2205772664263382e-05,S&P,0.0103350323,-0.1111111111,0.88,-0.0032223954,6.314370718186042e-05,-0.003182039,5.21,-0.0017983429,0.97,0.0031402524,0.00011149491887867008,-0.0035750399,-1.96,0.42,6.837470008837156e-05,-0.2,0.0025520621,-0.0057505959,-0.14,-0.02,0.0033039648,-0.0053313984,2.41,2.4,2.34,0.01,0.07,0.92,2.73,5.07,5.13,5.14
2015-06-10,2105.199951,0.1251375808,2.0,0.0120424249,0.000418353,-0.0064745099,-0.001436183,-0.4195753553,-0.8608524296,-1.0635307412,0.2896372604,2099.78314642,2104.21662763,2100.39490957,2043.71040752,2.5,-0.00015001265253032997,1.05,-1.32,-2.840106565482861e-05,1.07,0.0174610507,1.8,1.26,5.2,0.0130409752,0.0416666667,0.0344827586,0.83,1.3,0.9,0.0114582249,1.26,1.61402262859e-05,0.02,0.02102955,0.0125292085,0.01,0.06,-0.0053484603,2.64,0.1,4.26,1.41,0.38,-0.0111850419,0.0124329648,0.37,0.0160762429,2.6891981099212844e-05,S&P,0.0089946736,0.25,1.17,0.0138197746,8.769023267311746e-05,0.0074485338,1.58,-0.0118466453,-3.78,0.0066791866,3.397248055559598e-05,-0.001466314,0.3,0.03,0.00011993114878591493,-0.71,0.0068220956,0.02400624,1.78,1.29,0.0109769118,0.011326957,2.49,2.48,2.4,0.01,0.09,0.94,2.7,5.1,5.18,5.19
2015-06-11,2108.860107,-0.0836828417,3.0,0.0017386263,0.0120424249,0.000418353,-0.0064745099,0.6212315088,-0.5625230117,-0.7992092677,0.4946497989,2101.43350289,2104.65886376,2100.7268781,2044.35866323,2.39,1.541830125323135e-05,0.47,1.39,0.00015543328190977115,-2.75,0.0073881712,1.74,-0.9,5.1,0.0020364941,-0.0266666667,-0.0333333333,-0.35,0.11,-0.06,-0.0022502249,0.11,0.0001291197,0.01,-0.0036473288,0.0011463818,0.01,-0.04,0.0015479876,0.38,0.1,4.17,0.14,0.19,0.008251347,0.0051071617,-0.6,0.0038088924,0.000159507938771007,S&P,0.0008739556,-0.00011692223044805122,-2.85,0.0015707181,7.04927479879147e-05,-0.0014083206,-2.28,0.0058193806,-1.46,0.0007756385,7.22641341963852e-05,0.0030467156,1.69,0.2,9.209066521617681e-05,0.38,0.0036407869,0.0059820945,0.74,0.04,-0.0043430693,0.002401123,2.38,2.38,2.29,6.30749379596704e-05,0.09,0.93,2.71,5.0,5.09,5.09
2015-06-16,2096.290039,-0.0462736439,1.0,0.0056898564,-0.0046225721,-0.0069942999,0.0017386263,0.7759122064,-0.6309280613,-0.3759106636,-1.5456468513,2097.07751834,2101.29635503,2099.69932227,2045.75538181,2.32,0.0002452792725452564,-0.05,-1.21,-3.0226425904498157e-05,-0.16,0.0050878856,1.68,1.74,5.06,0.0043947158,-0.0138888889,-0.0175438596,-0.38,0.65,-0.18,0.0053577057,0.84,-6.45265365381e-05,0.01,0.0076957344,0.0050854357,2.3047468085900134e-05,-0.45,-0.001672621,0.42,0.11,4.15,0.65,-0.62,-0.0109862784,0.0084735688,-0.32,0.0055891309,-9.064355299595172e-05,S&P,0.0042120218,8.519850761851015e-05,-1.2,0.0067325301,-2.5686915496166338e-05,0.011466782,0.17,0.0001539864,-0.05,0.0027994358,-0.00013446103329487394,-0.0346753451,-0.54,0.3,-0.00010759377824094216,-1.13,0.0089240232,0.0053746201,0.47,0.53,0.000367512,-5.95934729156e-05,2.32,2.31,2.21,0.01,0.11,0.91,2.74,4.95,5.05,5.06
2015-06-17,2100.439941,0.1035446419,2.0,0.0019796411,0.0056898564,-0.0046225721,-0.0069942999,-0.2261072635,-0.6447339285,-1.0850132432,-1.2872332844,2097.68886792,2101.21479179,2099.72836614,2046.29950677,2.32,-2.3841590022740858e-05,-0.35,0.99,-8.221367026389203e-05,-0.01,-0.0101737958,1.63,0.27,5.08,0.0014548549,-0.0563380282,-0.0297619048,0.3,-3.6879623326919017e-06,-0.05,-0.002351058,-0.29,0.0001613268,0.01,0.0030547457,0.001845512,4.57112337254037e-05,-0.12,-0.0054003936,-0.7,0.1,4.15,0.00013376251761596582,0.62,0.0070422691,0.0012872443,0.79,-0.0033641069,-1.3415148636880284e-05,S&P,-0.0008738728,-0.0909090909,-0.15,-0.0009452892,-1.885241042536551e-05,0.0005904936,-1.35,0.0007371738,0.61,0.0133282949,0.0001386048963404417,0.0164638235,0.05,-1.02,4.636323089868882e-05,0.48,0.003761712,-0.0059760903,-1.0,0.05,0.0018369214,-0.0043963577,2.32,2.31,2.22,0.01,0.1,0.93,2.76,4.98,5.07,5.08
2015-06-18,2121.23999,0.0925194895,3.0,0.0099027107,0.0019796411,0.0056898564,-0.0046225721,0.5870414523,1.2119198476,0.0212161973,-0.216859505,2101.97089011,2103.12195352,2100.57195923,2047.04518322,2.35,-0.00023530259883906528,0.25,-0.18,7.9907173060219e-05,-0.86,0.0026843838,1.65,0.61,5.17,0.0078819911,-0.0149253731,0.0122699387,1.35,1.22,0.65,0.0045561193,1.43,-0.0002742112,0.01,0.0163149877,0.0134396696,-0.01,1.29,-8.17728350642e-05,1.21,0.08,4.22,1.19,0.37,-0.0022101134,0.0270681308,0.2,0.0093924275,3.4622647098144405e-06,S&P,0.0092706493,-0.2,0.19,0.0128910446,0.00015628609133690145,0.0088516461,-2.73,-0.0042742654,-0.76,0.0019371395,0.0001111274700534559,-0.036744312,-1.38,-0.16,-4.9133610769136295e-05,-0.02,0.0165096521,0.0111395455,0.3,1.72,0.00366707,0.0040864299,2.36,2.34,2.27,0.02,0.09,0.95,2.82,5.09,5.16,5.18
2015-06-24,2108.580078,0.0036523151,2.0,-0.0073532969,0.0006358683,0.0060948668,-0.0053035018,0.3875443825,0.1605608531,-0.2596881761,-0.7016737685,2109.81920299,2107.48049916,2102.91029365,2049.76468879,2.38,4.647480458857188e-05,0.1,-0.02,8.084606016729093e-05,0.51,-0.002437892,1.69,-1.49,5.19,-0.0074641685,-0.0285714286,-0.0116959064,-0.27,-0.8,-0.41,0.0085019445,-0.87,4.84120836561e-05,0.01,-0.0058810934,-0.007302138,-0.01,0.74,0.0049337834,-0.55,0.08,4.22,-1.02,0.95,0.0026161987,-0.0115473309,0.33,-0.0104659928,4.780707664069881e-05,S&P,-0.0060459148,-0.1111111111,0.49,-0.009168085,6.906869162410759e-05,-0.0045844599,1.21,-7.26869039828e-05,-0.86,-0.0019795325,2.1185655816489396e-05,0.0248351159,-0.05,-0.06,-0.00010949229966059216,-0.25,-0.0045098918,-0.0061754408,-0.22,-0.56,-0.0105262799,0.0014484342,2.39,2.37,2.3,0.02,0.09,0.97,2.81,5.11,5.18,5.2
2015-06-25,2102.310059,0.0361420541,3.0,-0.002973574,-0.0073532969,0.0006358683,0.0060948668,-0.8923993084,-0.3105966099,0.3087053749,-0.8713724442,2108.45390408,2106.98807629,2102.88675503,2050.28752829,2.4,1.716365233364271e-06,-0.5,-0.51,3.548697480554848e-05,0.32,-0.0007214835,1.7,-0.46,5.2,-0.0027479482,-0.00011364966050689412,0.0059171598,-0.16,-0.26,0.43,-0.0047615408,-0.01,0.0003711413,0.01,0.0002191718,-0.0019951965,-0.01,-0.04,-0.0041908915,8.264724718863842e-05,0.07,4.23,-0.4,-0.44,-0.0094588936,-0.0016785909,-0.03,-0.0053606928,-4.595834499083022e-05,S&P,-0.0064303614,-0.125,-0.04,-0.0004984851,-5.054965118864503e-05,-0.0088568729,3.3,-0.0020427611,2.75,0.0022361653,-3.712958288543029e-05,-0.0346195956,-0.29,0.33,-8.710483325340845e-05,-0.06,-0.0021141548,0.0001630263,-0.02,-0.14,-0.0080703962,-0.0054055635,2.41,2.39,2.33,0.02,0.08,0.97,2.8,5.13,5.19,5.21
2015-06-30,2063.110107,0.1086122165,1.0,0.0026584895,-0.0208661936,-0.0003900799,-0.002973574,-2.8758989459,-1.5827930001,-0.8191618779,-2.2037347763,2091.8028694,2098.12835947,2099.57152028,2050.98693488,2.35,-9.975993027821574e-05,-1.27,0.77,2.0974017192856787e-05,-1.27,-0.0163496047,1.63,2.55,5.18,0.0013780966,7.396235244995706e-05,0.0061728395,-0.66,0.2,0.39,0.0072271823,0.39,-0.0012583081,0.01,-0.0049582377,0.0057275532,0.02,-0.72,0.0052449665,-0.87,0.11,4.19,0.02,-0.06,0.0109003366,0.0098404391,-0.87,0.0083334081,-1.642446813883157e-05,S&P,0.0032108633,5.2682397183633816e-05,-0.61,0.0057749757,-2.065835558198931e-05,0.0045882275,0.96,-0.0023151219,5.56,-0.0028553394,8.852678351624693e-06,0.0553146997,0.6,1.15,1.1206990839657095e-05,0.22,-0.0022522625,-0.0124720717,-1.7,0.28,-0.0026275902,-0.0150290764,2.33,2.34,2.24,-0.01,0.09,0.99,2.83,5.07,5.17,5.16
2015-07-06,2068.76001,0.1634618593,-1.915763274662578e-05,-0.0038617566,-0.0003080229,0.0069360404,0.0026584895,-1.5574654248,-1.9540367583,-1.2105426986,-1.1501205116,2083.62786425,2091.87737752,2096.70259864,2051.67568211,2.3,0.00010357651300737805,-0.87,-2.79,0.00013307464967512057,-0.13,-0.0256474986,1.56,-6.27,5.14,-0.0075602378,-0.0625,-0.0487804878,0.19,-0.08,-0.15,-0.0034799272,1.37,0.0007264274,0.02,-0.0002252928,-0.0034476534,0.01,0.26,0.0091916454,-1.53,0.09,4.14,0.02,0.25,-0.0398001776,-0.0038152705,-0.51,-0.0028139071,-0.00012808098748886898,S&P,-0.005287328,-0.1,-2.85,-0.0010414889,-6.505426371554891e-05,-0.007337022,-0.72,-0.003640514,1.13,-0.0007026174,9.51971336636204e-05,-0.0349765212,-1.66,0.22,-0.00014831419560634777,-2.59,-0.0024380841,-0.0188046808,-1.98,0.13,-0.0175504848,-0.0142975349,2.29,2.28,2.21,0.01,0.08,1.0,2.84,5.05,5.12,5.13
2015-07-07,2081.340088,0.2788868619,1.0,0.006080975,-0.0038617566,-0.0003080229,0.0069360404,1.1518145172,-1.9553905403,-0.1482344862,0.0990755921,2083.21190493,2090.87382614,2096.10014724,2051.97085033,2.27,3.6833983995116546e-05,-1.5,-1.02,0.00017955142328610266,-0.57,-0.0226889512,1.55,0.55,5.11,0.0043255134,-0.0333333333,-0.0064102564,-1.25,0.45,-0.63,-0.0024603016,-0.1,0.0001290489,0.02,-0.0020274837,0.0011057865,0.02,-4.93,0.0045421153,-1.93,0.08,4.09,0.3,-4.25,-0.0103410153,0.0015594716,-0.41,-0.0078716617,-3.081540456213207e-05,S&P,-0.0033663891,-0.1111111111,-3.62,0.0008741965,-0.00013558189452865798,0.0041197626,-1.45,-0.0009868772,-1.77,-0.0089218873,-0.00013536849318420983,-0.0129206156,1.09,0.41,-1.3740501969667937e-05,0.24,0.007331986,-0.0196361103,-2.3,-0.01,0.0060813381,-0.0158360997,2.25,2.25,2.19,-7.20693287643547e-05,0.06,1.02,2.84,5.03,5.09,5.09
2015-07-08,2046.680054,-0.1906133233,2.0,-0.016652749,0.006080975,-0.0038617566,-0.0003080229,-0.7963730556,-3.6493691172,-2.3665611188,-1.609011349,2076.56975022,2086.66489546,2094.16210437,2051.91820559,2.22,4.167561804957852e-05,0.8,-7.39,2.3134972596946623e-05,1.2,0.0074663561,1.5,0.35,5.09,-0.0177777093,-0.0517241379,-0.0322580645,0.24,-1.66,-0.31,-0.0248229927,-1.5,-0.0001612903,0.02,-0.0013543341,-0.017548954,0.02,1.32,0.0009593608,0.78,0.08,4.07,-1.35,0.53,-0.0584076821,-0.0160743474,0.59,-0.020509026,0.00014406130388054927,S&P,-0.0177777778,0.0001625198755466343,2.16,-0.0152959315,-9.593879190761153e-06,-0.0108604075,-1.14,-0.0132908648,-1.05,-0.0060092298,2.443212076169492e-05,-0.0590087816,-3.72,-0.12,-2.262205240612694e-05,-1.43,-0.0116255663,0.0066049436,0.73,-1.71,-0.0219115989,0.0090948662,2.2,2.2,2.14,1.8952005046701844e-05,0.06,1.02,2.87,5.01,5.07,5.07
2015-07-09,2051.310059,-0.044882204,3.0,0.0022622026,-0.016652749,0.006080975,-0.0038617566,-1.2568408882,-2.7160466703,-2.3390281741,-2.559846725,2071.97707909,2083.29776818,2092.481632,2051.91215438,2.32,-0.00015223094332468057,1.4,5.53,2.064128225665132e-05,0.21,0.0254795613,1.58,2.73,5.2,0.0049554341,0.0909090909,0.0533333333,0.12,0.1,0.24,-0.0203965081,0.15,-3.2263268269e-05,0.03,0.0063290684,0.0025744917,0.02,1.31,-0.0015240789,2.44,0.08,4.18,0.06,1.52,0.0372600625,0.0109145983,-0.35,0.0103928015,4.567316610984715e-05,S&P,0.0045248869,-2.7196276484234306e-05,2.16,0.0042231343,-6.6648434394422866e-06,-0.0045138831,1.53,0.0069335027,-0.15,0.0002608985,7.420878591011397e-05,0.0576353359,1.02,0.25,2.3543613935048468e-06,0.86,0.0064437457,0.023178878,2.51,-0.16,0.0050212825,0.0140046374,2.3,2.29,2.24,0.01,0.06,1.02,2.88,5.12,5.17,5.18
2015-07-14,2108.949951,-0.0305515818,1.0,0.004453159,0.0110660495,0.0123384848,0.0022622026,1.3265426039,2.4936364315,-0.6547870249,1.1763417241,2083.37374692,2086.62497046,2092.8214658,2053.19046225,2.41,0.00016319743580804798,0.28,-0.66,6.312371871627698e-05,0.33,0.0068766364,1.67,1.14,5.32,0.0044230993,-0.0434782609,-0.0233918129,-0.21,0.36,0.59,-0.000397923,0.53,8.0666e-05,0.01,0.0017566535,0.0065819396,0.03,-0.91,-0.0010979531,0.22,0.1,4.26,0.34,-0.97,-0.0040873601,0.0219505232,0.07,0.0139521964,-5.936025185652234e-05,S&P,0.0089883324,-8.632075763726365e-05,-0.39,0.0063065398,-2.3071194175792968e-05,0.008371791,-0.84,-0.0020231448,-0.8,0.0099920748,0.00016074323952892862,-0.0115608043,1.69,-0.58,-0.00014865828709309693,-0.06,-0.0048867858,0.0028317165,0.69,0.66,0.0071779753,0.0023448805,2.38,2.4,2.31,-0.02,0.07,1.06,2.91,5.22,5.31,5.29
2015-07-15,2107.399902,0.0865022051,2.0,-0.0007349861,0.004453159,0.0110660495,0.0123384848,2.966748412,2.1467489714,-0.7908883056,0.5299773788,2087.74213875,2088.60353536,2093.39316918,2053.72985966,2.36,-9.20327533849055e-06,0.13,0.09,2.6035064168423783e-05,-1.88,0.0029349441,1.63,-2.5,5.27,-0.0031318907,-0.0303030303,-0.0239520958,-0.51,0.11,-0.97,0.009632983,-0.41,4.83956831051e-05,0.02,0.0030688076,-0.0011655875,0.03,-1.75,0.0149171704,0.37,0.11,4.2,0.17,-1.69,-0.0025934725,-0.0094078333,-0.57,0.002172668,0.00011122253471162386,S&P,0.0092576245,0.1,-0.59,-0.0069188163,5.7524353214427576e-05,-0.0042112742,2.75,0.0044599659,-0.66,-0.0001873765,-4.9607167458482026e-05,-0.0302674409,0.1,0.75,-0.00016272334750370114,0.2,0.0064141011,0.0019762058,0.3,0.42,0.0041260315,0.0001603833554771819,2.33,2.34,2.25,-0.01,0.08,1.07,2.91,5.16,5.25,5.24
2015-07-16,2124.290039,-0.0106474626,3.0,0.0080146805,-0.0007349861,0.004453159,0.0110660495,3.5577254487,2.2561696123,0.7450492947,1.135481074,2094.38721153,2092.00225,2094.60481113,2054.431951,2.36,-0.00018633463667015897,0.49,0.15,-2.5882879039651057e-05,-1.17,0.0147129446,1.66,0.81,5.24,0.0060261943,0.046875,0.018404908,-0.39,0.61,0.35,0.0133259344,0.54,4.83933410762e-05,0.02,0.0196678767,0.0125987432,0.03,-0.43,0.003179392,1.53,0.1,4.19,0.16,-0.79,0.0042712547,0.0309850798,-0.68,0.0053475356,-0.00010065485427610659,S&P,0.0067497232,-0.0909090909,0.04,0.0065716128,5.9924340111776556e-05,0.0018124939,-2.19,0.0022523532,-0.79,-0.0013425832,1.8595452018290556e-06,0.0045913054,0.54,0.61,-6.532791117464254e-05,0.74,0.0068711712,0.0153470386,1.44,1.35,0.0100859544,0.0063223957,2.33,2.34,2.26,-0.01,0.07,1.05,2.88,5.14,5.22,5.21
2015-07-21,2119.209961,0.0301367584,1.0,-0.0042616892,0.0007712335,0.0011061832,0.0080146805,0.4864985058,1.8194947197,2.9922664413,-0.1714740482,2107.86791598,2100.41983417,2097.99820577,2056.50826342,2.35,-0.0001545168664952307,-0.43,0.51,-8.650549734364697e-06,0.9,-0.0069850225,1.69,0.69,5.22,-0.0046027876,-5.073650754673089e-05,-0.0174418605,0.41,-0.35,0.64,-0.0099947523,-0.52,-3.22591051323e-05,0.03,0.0076726559,-0.0020578721,0.04,0.16,-0.0040551875,-1.25,0.13,4.18,-0.76,1.23,0.0051808747,-0.0002048883,1.02,-0.0023101934,0.00011476572253611277,S&P,-0.0017226185,-0.0714285714,-0.24,-0.0044833641,0.00024175503513006863,-0.0012230675,2.09,-0.0034917052,-2.03,-0.0011512852,-9.193717031125999e-05,0.006403867,0.37,-0.61,-4.0237613705610014e-05,0.24,-0.0002989638,-0.011155679,-0.7,-0.1,-0.0106852988,-0.0028871649,2.31,2.32,2.22,-0.01,0.09,1.04,2.87,5.09,5.19,5.18
2015-07-22,2114.149902,0.1047884224,2.0,-0.0023877101,-0.0042616892,0.0007712335,0.0011061832,0.3202999105,3.296550815,2.4739249169,-0.4731216096,2109.01009526,2101.72745967,2098.63160562,2057.08181206,2.33,-9.822650044965041e-05,-1.45,-1.12,6.820680100598865e-05,-0.82,-0.004699828,1.69,-1.6,5.18,-0.0017528755,0.0563380282,-2.8186863142267273e-06,-0.72,-0.31,-0.59,-0.0422944474,0.36,-3.22601458159e-05,0.04,-0.0368019889,-0.0069795043,0.04,-0.26,0.007556208,-0.76,0.13,4.13,-0.45,-0.34,-0.0099391556,0.0005532561,-0.03,0.0141824027,-2.9086792793523205e-05,S&P,0.0098360481,-1.3578705839706654e-05,-1.86,0.0030130086,7.647075742932674e-05,0.0015919299,0.52,0.0016793153,-1.43,0.0037316863,-4.254872914370158e-05,0.0020832628,-1.34,0.08,-1.4277173289383566e-05,-0.88,-0.0015945386,-0.0072495764,-0.46,-1.06,-0.0081937058,-0.01503897,2.29,2.29,2.2,-0.00018339572852275998,0.09,1.05,2.85,5.05,5.14,5.14
2015-07-23,2102.149902,0.0213152431,3.0,-0.0056760403,-0.0023877101,-0.0042616892,0.0007712335,-1.0422370107,2.4784085067,1.1904179669,-0.3049528954,2107.76278739,2101.76769228,2098.76957803,2057.53025077,2.28,0.000126416830393389,-0.26,0.6,6.342324903538282e-05,0.56,0.0008205318,1.65,-1.53,5.13,-0.0054248294,-0.0533333333,-0.0236686391,-0.24,-0.45,-0.26,-0.0004791327,-1.11,1.61305932832e-05,0.03,0.0125164688,-0.0049035173,0.04,-0.32,-0.0017100178,-0.15,0.13,4.08,-0.61,-0.88,0.0045972479,-0.0124725995,0.45,-0.0062785814,-5.5440221760940656e-05,S&P,-0.0052973513,1.7164582541617975e-06,-1.93,-0.0106329759,0.00022429191699120335,-0.0079472062,-2.8,-0.0015475546,1.19,-0.006052253,-0.00010666978245465336,0.0243111868,0.54,0.03,1.3502511122425899e-05,-0.06,0.0001996107,-0.000742975,0.1,0.06,-0.0138940674,-0.0018447955,2.24,2.25,2.15,-0.01,0.09,1.05,2.85,5.0,5.1,5.09
2015-07-28,2093.25,0.0732364632,1.0,0.0123861544,-0.0057750148,-0.010703328,-0.0056760403,-1.2249829643,-0.7444439823,0.572223255,1.7306287228,2095.73370019,2096.29143345,2096.68808829,2058.20100149,2.26,-7.059975948353321e-05,0.67,0.51,-0.00012672213322683057,1.32,0.0100900489,1.61,-0.32,5.17,0.012533942,0.0147058824,0.0189873418,0.08,1.1,0.95,0.0049686407,0.68,-1.61303330913e-05,0.05,-0.0002204631,0.0098080031,0.05,0.25,-0.0083679762,0.8,0.14,4.06,0.86,0.89,0.0062409149,-0.0101239048,-0.32,0.0005881635,-0.0001203691596902974,S&P,-0.0032991492,-0.0666666667,2.26,0.008224855,8.976553535338229e-05,0.0406258001,1.15,0.0027263714,1.99,0.0030133255,-0.00011015264428111934,-0.0167910821,-0.25,-0.04,0.00027318989529126605,0.04,0.0075294873,0.0106282118,0.99,0.74,0.0057803081,0.0077169769,2.21,2.21,2.12,0.00012634016912253793,0.09,1.11,2.91,5.03,5.12,5.12
2015-07-29,2108.570068,-0.019146425,2.0,0.0073187952,0.0123861544,-0.0057750148,-0.010703328,-0.2639280211,0.0555265282,3.0239222725,2.2034675147,2098.06758524,2097.46082722,2097.15404828,2058.70218623,2.29,4.192636637586799e-05,1.05,0.57,4.2716570543427745e-05,-0.39,0.0080605865,1.62,0.15,5.19,0.0086866457,0.0144927536,0.0062111801,0.12,0.68,-0.59,-0.0031609581,0.34,-6.45223731329e-05,0.06,0.0209528231,0.0044250521,0.05,0.7,0.0014695986,0.39,0.14,4.09,0.78,0.48,0.0047139264,0.0056460104,-0.66,0.0130786034,-6.8235565775137565e-06,S&P,0.009756045,-7.810180950589613e-05,0.21,0.0040829659,-7.734369041594083e-05,0.0080018911,2.3,0.0029456044,-3.15,-0.000577794,-6.61535328178486e-05,0.0344433384,2.6118440381873112e-05,0.57,6.542123881798773e-05,0.51,0.0071703294,0.0033953605,0.79,0.2,0.0061302682,0.0115479379,2.24,2.23,2.15,0.01,0.09,1.1,2.9,5.05,5.13,5.14
2015-07-30,2108.629883,-0.1137661244,3.0,2.83675657297e-05,0.0073187952,0.0123861544,-0.0057750148,0.3082549438,-0.7371948139,2.7943032673,1.502342433,2099.98800302,2098.52454682,2097.60408101,2059.19897923,2.28,0.0002307901751324613,0.76,0.19,1.387796374153409e-05,-0.95,0.0057758501,1.62,-0.13,5.16,-0.0001984724,0.0285714286,0.0001001624514067942,-0.7,0.11,-0.04,-0.0050410197,0.44,0.0001129214,0.07,0.0127457331,0.0033354275,0.05,-0.29,0.0044718367,0.34,0.15,4.05,0.02,-0.47,-0.0049338533,0.014669206,-0.48,0.0014505222,-2.8798371461792872e-05,S&P,0.0032781747,0.0714285714,-1.12,0.002008759,6.425397327644598e-05,-0.0015635916,-4.09,0.0010569388,0.28,0.0001410068,9.508819546176187e-05,-0.0220105988,1.28,0.18,2.5430433345711175e-05,-0.93,0.0011029078,0.0040404379,0.57,0.66,-0.0053312643,0.0057155636,2.23,2.21,2.13,0.02,0.1,1.11,2.88,5.01,5.09,5.11
2015-08-04,2093.320068,0.0201163724,1.0,-0.0022497049,-0.0027568868,-0.00227152,2.83675657297e-05,0.0033473307,-1.2216766378,-0.7411215706,0.57558974,2098.95472024,2098.40153992,2097.67825149,2060.35651972,2.23,-7.439273020307432e-05,-0.01,-0.06,-3.342917445079788e-05,-0.35,-0.0016365297,1.6,0.95,5.11,-0.0015274582,0.0882352941,0.0526315789,0.09,-0.38,1.26,-0.0320837803,-0.46,-1.61298127328e-05,0.08,0.015594958,-0.0019216712,0.05,0.23,0.0025763598,0.19,0.18,4.02,-0.33,0.69,-0.0002171435,-0.0058501483,-0.63,-0.0010214505,-0.00020147401768612024,S&P,-0.0015541357,0.0588235294,0.72,-0.0023868215,4.955732971137191e-05,-0.0114014863,2.33,0.0026544193,-1.42,-0.001370073,6.419595906996471e-05,0.0368874955,-0.24,0.94,-8.825205589042695e-06,0.39,-0.0021995002,0.0010792458,-0.2,-0.46,0.0011596057,-0.0002990162,2.18,2.15,2.05,0.03,0.13,1.09,2.88,4.93,5.03,5.06
2015-08-05,2099.840088,0.1189750501,2.0,0.003114679,-0.0022497049,-0.0027568868,-0.00227152,-0.4140237089,-0.6768590054,-0.3587270737,2.5973788085,2099.11569619,2098.5385445,2097.76302939,2060.74939104,2.28,-0.00018501467874454776,0.97,0.84,3.524965973771705e-05,-0.43,0.0165468553,1.65,-0.8,5.18,0.0021385732,-0.0135135135,0.03125,-0.22,0.52,-0.31,0.0066294749,0.47,1.61300729079e-05,0.08,0.0008414177,0.006735834,0.05,0.02,-0.0017434809,1.65,0.19,4.08,0.12,-0.14,0.0044268003,0.0096070422,0.22,0.0039439673,-4.744752949216807e-05,S&P,-0.0029401245,0.0555555556,-0.51,0.0023599496,-0.00017727240445738807,-0.00010693321798241267,-0.5,0.0036693193,1.8,0.0023720137,-7.299556832517174e-05,-0.0164970539,0.73,0.07,-5.888420361859945e-05,0.21,0.0072143685,0.0157322264,1.68,0.92,0.0077220077,0.0098405472,2.23,2.2,2.09,0.03,0.14,1.1,2.9,4.99,5.1,5.13
2015-08-06,2083.560059,0.0700207626,3.0,-0.0077529851,0.003114679,-0.0022497049,-0.0027568868,-1.1889153332,-0.8843252797,-1.917345525,1.572166034,2096.28739852,2097.11202207,2097.20605016,2060.97636286,2.23,-0.00014625760994591897,0.1,-0.65,0.00018039251554937818,0.65,-0.0008890431,1.62,-0.14,5.15,-0.0044625599,-0.0273972603,-0.0181818182,0.4,-0.68,-0.14,-0.0023397313,-1.42,2.7026991991928896e-05,0.04,-0.020176607,-0.016245326,0.04,0.85,-0.0042372238,-0.52,0.19,4.06,-0.57,0.21,-0.0056653321,-0.0140593059,0.17,-0.0069838932,-0.00014667959702764126,S&P,-0.0020815784,0.0526315789,-0.21,-0.0129084831,-0.00012372010842307752,0.0119217056,0.54,3.20532342167e-05,0.9,-0.0058797974,0.00011002153702519675,-0.0089412051,0.24,0.17,9.940893411749203e-06,-1.44,-0.0144249606,-0.004400041,-0.05,-1.5,-0.002681954,-0.0007848771,2.19,2.19,2.04,-0.00014548536026104156,0.15,1.09,2.92,4.96,5.11,5.11
2015-08-11,2084.070068,0.0553200207,1.0,-0.0095571028,0.0128081668,-0.0028748828,-0.0077529851,-0.4418817811,-0.4385492416,-1.6581600524,-1.1797284705,2092.96201918,2094.95544047,2096.24284669,2061.7936018,2.15,-5.758571161780719e-06,-0.97,-0.05,-0.0001567157196466467,-1.28,-0.0185510611,1.53,-2.44,5.09,-0.0095323204,-0.0684931507,-0.0555555556,0.41,-0.95,-1.46,-0.0520381135,-0.84,0.0185815443,0.1,-0.01943803,-0.0127425161,0.06,-0.05,0.0068248893,-2.69,0.23,3.96,-1.13,0.46,-0.0009342234,0.0066030954,0.19,-0.0095804327,6.13764413337558e-05,S&P,-0.0125992408,-0.0416666667,-2.78,-0.0094302049,-7.203173841782404e-05,-0.0160000254,0.07,0.0036673622,-3.15,-7.82788407802e-05,3.256081242404906e-05,-0.00012908,-0.58,0.42,0.00012136516863168205,-0.42,-0.0078164044,-0.0268104931,-1.8,-1.21,-0.0201982088,-0.0106440119,2.09,2.05,1.92,0.04,0.17,1.13,2.94,4.86,4.99,5.03
2015-08-12,2086.050049,0.1510563836,2.0,0.0009500549,-0.0095571028,0.0128081668,-0.0028748828,-0.656718532,-1.0680232705,-1.3291324789,-1.0130897785,2091.70529733,2094.10730795,2095.84312913,2062.03495948,2.14,7.76174457797917e-05,-1.49,-2.75,-3.193663628983841e-06,1.29,-0.0340456158,1.52,0.98,5.11,-0.0020949542,-0.0147058824,-0.0065359477,1.47,0.22,1.01,0.0154198611,-0.15,0.0098338849,0.1,0.0071105796,0.001508917,0.06,1.26,-0.009389313,-3.03,0.22,4.0,0.07,1.44,-0.0237646499,-0.0029387042,1.06,-0.0145098191,8.402955021346083e-05,S&P,-0.0085649014,-0.0434782609,0.85,-0.0017834726,-0.00016285729854324793,0.0167763974,3.06,-0.0065163748,-2.64,0.0020456761,-1.837728128969281e-05,-0.0105877967,-1.6,-1.25,2.127676833921604e-05,-0.86,-0.0030300272,-0.032676772,-3.42,0.5,0.0058343837,-0.0139995206,2.08,2.04,1.92,0.04,0.16,1.11,2.97,4.89,5.01,5.05
2015-08-13,2083.389893,-0.245443451,3.0,-0.001275212,0.0009500549,-0.0095571028,0.0128081668,-0.0081670792,-1.1969853128,-0.8924201353,-1.925356013,2090.19340563,2093.08660177,2095.35476693,2062.24744638,2.19,-0.00011880489703490432,0.53,1.35,0.00024427791513794865,-0.73,0.012469961,1.58,-0.89,5.17,-0.0031680985,0.0746268657,0.0394736842,-0.91,-0.18,-0.26,-0.0007809441,-0.37,0.0018660812,0.1,-0.0002139923,-0.0021469549,0.06,-0.16,0.0067812283,0.51,0.23,4.04,0.01,-0.51,0.0042975902,0.007130498,-0.07,0.0046104255,2.681457944216556e-05,S&P,0.0029971438,0.0909090909,0.17,-0.0035070804,-0.0002313480063561314,-0.0017768625,-4.91,0.0008691964,1.95,0.0001248722,2.4107302336632558e-05,0.0175579568,1.43,0.09,-0.00013300265662925947,0.82,-0.0023300172,0.0082400679,1.21,-0.36,-0.0027068831,-0.000441379,2.13,2.09,1.96,0.04,0.17,1.13,2.98,4.94,5.07,5.11
2015-08-18,2096.919922,0.0286990574,1.0,-0.0026255299,0.005211424,0.0039119639,-0.001275212,0.616574951,0.1719686375,0.1753217246,-1.051808901,2093.40211004,2094.13706444,2095.54500532,2063.27408917,2.2,-4.91216639899095e-05,-0.28,-1.46,7.382058805094109e-05,0.43,-0.002724281,1.6,0.14,5.21,-0.0023820623,0.0277777778,0.0126582278,0.03,-0.25,-0.42,-0.0056333559,-0.89,-0.000140962,0.07,-0.0010566357,-0.006353496,0.05,-3.35,-0.0027491409,-0.32,0.25,4.04,-0.13,-2.93,-0.0142634757,-0.0003735866,-0.54,0.0020566916,3.585166581807996e-05,S&P,0.0033130428,0.0416666667,-1.54,-0.0083258791,-0.00013098621241999,-0.011044751,-0.88,-0.0005384368,-1.02,0.0051228548,-0.00016644972256790822,-0.0614732892,-0.34,-0.2,-3.888280659944963e-05,-0.34,-0.0050065083,-0.0022312084,-0.27,-0.45,-0.0053414348,-0.0036639544,2.15,2.13,1.95,0.02,0.2,1.17,3.01,4.96,5.14,5.16
2015-08-19,2079.610107,0.1908243757,2.0,-0.0082548765,-0.0026255299,0.005211424,0.0039119639,-0.3087146448,-0.9634057905,-1.3734407711,-1.6337438971,2090.89447313,2092.75354468,2094.92010735,2063.43663661,2.12,-0.00018618856250545105,-1.98,-1.56,-1.0420507608634102e-05,0.02,-0.0175307824,1.5,-3.38,5.18,-0.0098000087,-0.0945945946,-0.0625,1.47,-1.01,0.12,-0.0127896824,-1.16,0.000313293,0.05,-0.0139623228,-0.0079655079,0.05,2.62,0.0049774102,-2.11,0.22,4.0,-1.13,2.89,-0.013082917,-0.0039251559,0.89,-0.008942985,-4.039153058266696e-05,S&P,-0.0083420228,-0.12,-0.61,-0.0098033854,-2.1564632158949084e-05,-0.0214377273,0.44,-0.0038111697,0.15,0.0011605564,8.802245450400322e-05,0.0122579544,-1.61,-1.23,-0.00019719702851831762,-0.81,-0.0006038543,-0.0214154677,-1.77,-0.89,-0.0130418105,-0.0188161452,2.07,2.07,1.9,-4.8622134572441274e-05,0.17,1.18,3.06,4.96,5.13,5.13
2015-08-20,2035.72998,0.1165839245,3.0,-0.0211001701,-0.0082548765,-0.0026255299,0.005211424,-2.2876137184,-2.2955939664,-3.4572166309,-3.1596187283,2080.86456528,2087.322729,2092.59892589,2063.16094849,2.09,-1.89666093217756e-05,-0.53,-1.77,-3.855124041970778e-05,0.44,-0.0205872711,1.5,-1.15,5.13,-0.0197697833,0.0298507463,-1.8769632313360282e-07,1.65,-2.28,-0.15,-0.0205199544,-2.59,-0.0010648627,0.02,-0.0203819133,-0.0282044563,0.01,1.94,-0.0036117037,-2.4,0.21,3.97,-2.13,1.7,-0.0177132929,-0.0321623406,1.11,-0.0245561546,-1.5268936410956914e-05,S&P,-0.0164739219,-0.00016700476397043105,1.75,-0.0253204214,7.511123503325543e-06,-0.0217762421,1.44,-0.0038500124,1.59,0.0005018147,-4.0595965638204286e-05,-0.0342156419,-0.94,-0.68,-5.455180111200669e-06,-0.9,-0.0052360992,-0.0233997792,-2.09,-3.05,-0.0209871356,-0.005559475,2.08,2.07,1.88,0.01,0.2,1.16,3.04,4.92,5.11,5.12
2015-08-25,1867.609985,-0.21611931,1.0,-0.0135219952,-0.039413693,-0.0318509653,-0.0211001701,-10.9355600371,-10.3864110101,-10.7823971332,-10.7794107249,2000.79011207,2040.59418472,2071.8573958,2058.64100095,2.12,4.473431399020265e-05,3.13,2.12,-0.0002162014102025177,-0.11,0.0413828126,1.48,1.22,5.29,-0.0099643897,0.1355932203,0.0647482014,-1.25,0.08,-0.39,0.0060123641,0.91,0.0013292881,0.07,-0.0290306862,-0.0043655932,0.04,-1.27,0.0045916447,5.52,0.19,4.08,0.06,-0.61,0.007217849,0.0064743079,-0.89,-0.0056431535,8.944133416348407e-05,S&P,-0.024,-0.05,2.38,-0.0068274118,5.24134997864297e-06,-0.0001455471,1.32,-0.0028935937,-1.54,-0.0042536508,9.027360187637178e-06,-0.0763069268,-4.02,0.93,2.978764450139365e-05,1.06,-0.0225166667,0.049716943,4.1,0.63,-0.025136195,0.0309210032,2.08,2.05,1.93,0.03,0.15,1.21,3.17,5.1,5.22,5.25
2015-08-26,1940.51001,0.0298424249,2.0,0.0390338591,-0.0135219952,-0.039413693,-0.0318509653,-6.6887584616,-6.9768239295,-7.5877243658,-7.9703330969,1989.83009352,2031.06235856,2066.70651793,2057.4655682,2.18,7.418455378729766e-05,-1.51,-2.14,3.559302095738848e-05,-0.54,-0.013978536,1.49,-0.16,5.38,0.0296397776,0.00020306191860310828,0.0067567568,-1.32,3.48,-0.11,0.0573549654,1.82,-0.0002967405,0.06,0.0553495909,0.0423943679,0.03,-3.87,-0.0034467256,-1.27,0.2,4.17,3.37,-4.01,-0.0151633219,0.0737611647,-1.75,0.0500751127,0.00018763430692897456,S&P,0.0455817473,0.0526315789,-3.1,0.0254415049,-0.00015626145533360945,0.0551593808,0.3,0.012805787,-1.11,-0.0136245945,-2.6180525830481818e-05,-0.0127080519,4.36,1.6,-4.014968068886329e-05,1.75,0.0482750783,-0.0129037203,-1.36,4.62,0.0318006016,-0.0167891098,2.15,2.12,1.98,0.03,0.17,1.21,3.2,5.18,5.32,5.35
2015-08-27,1987.660034,-0.0621664403,3.0,0.0242977484,0.0390338591,-0.0135219952,-0.039413693,-2.3613124762,-4.5949084865,-4.6027002959,-5.7368934195,1989.43553724,2026.92880384,2063.60665581,2056.77098577,2.18,-4.056677592262347e-05,3.39,3.23,0.00015026063365999057,0.48,0.0349097161,1.49,10.25,5.33,0.0251350842,0.0149253731,-1.9863946343239973e-05,0.01,2.64,0.63,0.0294465853,2.12,-0.0008904859,0.06,0.0278623982,0.0245170709,0.02,2.68,-0.0082706767,2.99,0.21,4.14,2.47,2.69,0.0359646295,0.0351458881,-0.62,0.0249563344,-8.538002349723936e-05,S&P,0.0330783945,0.1,3.69,0.0189191259,7.464721503921997e-05,0.0324137655,-2.04,0.0078711873,-1.27,-0.0043928348,7.011764277154703e-05,0.0533951471,0.7,1.24,-9.295425637129831e-05,0.46,0.011670697,0.0318272235,3.46,2.69,0.0416493128,0.0355900117,2.16,2.12,1.97,0.04,0.19,1.19,3.15,5.12,5.27,5.31
2015-09-02,1948.859985,-0.1439276279,2.0,0.0182929746,-0.0295764466,-0.0083916702,0.0006087364,0.4302979607,-6.2872420922,-6.5765470999,-7.1900762283,1968.65749584,2002.79710488,2047.55522676,2052.80859758,2.2,0.00010785055724497668,0.75,-0.86,0.0001341579943921494,0.25,0.0030300112,1.52,1.9,5.37,0.01404507,0.0285714286,0.0201342282,-0.53,1.62,0.27,0.0428889246,1.38,-0.0013533716,0.03,0.0368245098,0.0245637237,0.01,0.33,0.0009054554,0.72,0.25,4.16,1.51,0.82,-0.0118237033,0.0282152067,-0.81,0.0182261836,0.0002202837941019479,S&P,0.0196116878,-0.0384615385,1.3,0.0159389914,4.519802426410382e-05,0.0159545084,-2.0,0.0072255442,-1.34,0.000183597,-8.441429815058238e-05,-0.0020390899,0.77,1.07,3.674104322231905e-05,0.28,0.0136822897,0.0032428999,0.3,2.45,0.0288945154,0.0040933903,2.19,2.17,1.95,0.02,0.24,1.21,3.17,5.12,5.34,5.36
2015-09-09,1942.040039,0.029157567,2.0,-0.0138975605,0.0250830533,-0.0153295956,0.0011647938,1.4729505109,3.9853103484,-7.3860656945,-6.8150313745,1956.41069624,1984.12955027,2032.54593697,2048.61960482,2.21,-4.3227177747458656e-05,1.07,3.12,9.03641658565981e-05,0.8,0.0144250393,1.53,-3.92,5.31,-0.0119459306,0.0135135135,-6.1619229712520734e-06,-1.4,-1.17,0.03,-0.0192324463,-1.0,0.0016674007,0.03,-0.018683049,-0.0115131328,0.02,-1.23,0.0059924242,0.24,0.26,4.09,-1.11,-1.35,0.0410306167,-0.0012558701,0.06,-0.0155161495,0.00015741115915776145,S&P,-0.0139807482,-0.037037037,0.16,-0.0116461488,-0.00012674607408499157,-0.0204081633,-2.18,0.0015738578,-0.53,-0.0028561393,0.00024115556203136733,0.0229106794,6.41,-0.38,-6.699698320486498e-05,2.93,-0.0183095695,0.00309207,1.46,-1.01,-0.0164262827,0.0134882121,2.19,2.18,1.95,0.01,0.24,1.22,3.1,5.05,5.28,5.29
2015-09-10,1952.290039,-0.00706439,3.0,0.005277955,-0.0138975605,0.0250830533,-0.0153295956,0.1760031006,0.607058399,-6.1223047326,-6.4121189261,1955.66148583,1981.09721587,2029.39864685,2047.66110168,2.23,-0.0001181618252380349,-0.9,-2.26,0.00010523994205892893,-1.66,-0.0145907917,1.55,2.75,5.35,0.0030513331,-0.00016685454518329396,0.0130718954,0.49,0.35,0.74,0.0219700223,0.29,-9.42240648261e-05,0.02,0.005107987,0.0083506709,0.02,0.45,-0.0033887839,-0.88,0.25,4.13,0.22,0.34,-0.0257016206,0.010350316,0.65,0.007719524,0.00010750634158309682,S&P,0.0070895192,-0.0384615385,0.49,0.0041803899,2.555724786558695e-07,0.0072221806,1.21,0.0028351236,1.16,0.0054818621,-0.0001693881096781615,-0.0139361095,-1.67,-0.15,-3.575130286825971e-05,-0.32,0.0054218173,-0.008995303,-1.43,0.94,0.0052953566,-0.0117515163,2.21,2.21,1.98,-0.00011417500663881093,0.23,1.22,3.12,5.1,5.33,5.33
2015-09-15,1978.089966,0.0798813412,1.0,0.0128313117,-0.0040896559,0.0044870433,0.005277955,0.4407376753,0.299663917,4.4833909999,-5.914555397,1960.00379311,1976.8294193,2022.03490231,2045.19188147,2.28,-3.6119366990107795e-05,0.83,-0.65,-2.8011276524819664e-05,0.38,0.0113365462,1.61,0.56,5.44,0.0117414244,0.1232876712,0.0662251656,-0.31,1.32,0.07,0.0084121153,1.23,0.0003302977,0.07,0.021840125,0.0113947131,9.311355031824582e-05,-0.26,-0.000528262,0.45,0.27,4.18,1.47,-0.14,-0.0049471484,0.0018987878,-0.48,0.0192369506,-0.00010959217277926193,S&P,0.0132651317,0.0384615385,0.91,0.0108365843,-7.303800265890549e-05,0.0051041938,-1.09,0.0006147973,-1.3,-0.0053250449,-8.507170632155101e-05,-0.0351952113,0.34,0.52,-5.853569288211679e-05,0.28,0.0115731033,0.005565643,1.13,1.18,0.0213968107,0.0087105149,2.28,2.21,2.01,0.07,0.27,1.26,3.16,5.17,5.37,5.44
2015-09-16,1995.310059,0.1206286691,2.0,0.0087054145,0.0128313117,-0.0040896559,0.0044870433,2.7429928802,4.2563463188,6.8376200077,-4.8456720705,1966.42311418,1978.58948023,2020.98686924,2044.69554493,2.3,3.429552561387775e-05,1.5,3.03,-2.1962018390994495e-05,0.24,0.0167352885,1.62,6.69,5.45,0.0129478816,0.00014209724115045653,0.0062111801,1.28,0.93,0.78,0.0011180341,0.83,0.0001415094,0.06,0.0072760118,0.0059088768,-0.01,3.9,-0.0057384476,0.25,0.24,4.18,0.87,3.4,0.0238370633,0.0096100849,0.2,0.0088077537,-0.00011798572946084144,S&P,0.0046755189,-0.1111111111,1.07,0.007890181,0.00012732737091371177,0.019763958,-2.49,0.0007390355,-1.21,0.0112818875,-0.0001046645238930141,0.0489458887,1.45,-0.24,-0.0001637560504167007,2.62,0.0022245656,0.0038358441,1.7,0.7,0.0249012263,0.014924416,2.31,2.24,2.06,0.07,0.25,1.27,3.15,5.21,5.39,5.46
2015-09-17,1990.199951,0.1523433627,3.0,-0.0025610596,0.0087054145,0.0128313117,-0.0040896559,1.9418176215,2.1212383813,2.5606639875,-4.2993711032,1970.74617542,1979.69523935,2019.77953911,2044.15330022,2.21,8.709075230396422e-06,-0.67,-1.14,-6.180553237011173e-05,-0.31,0.002001854,1.5,-1.35,5.39,-0.0020689917,-0.1463414634,-0.0740740741,1.06,-0.53,-0.33,-0.0213899658,-0.01,-0.0007703312,0.01,-0.0011286456,0.0009633319,-0.01,0.65,0.0005315917,0.06,0.16,4.09,-0.64,1.54,-0.0050999695,0.0217675338,1.3,-0.023230387,-1.8987294715461245e-06,S&P,-0.0281087485,-0.3333333333,-7.54174996293905e-06,0.004671537,-1.1087296866804194e-05,0.0021533781,-0.3,-0.0039577922,-1.64,0.0032852023,-4.8348197994600396e-05,-0.0210013902,1.21,-1.16,-1.816005059803373e-05,0.29,0.0024309798,0.0002317462,0.23,-0.26,-0.0223679136,-0.0067745768,2.22,2.2,2.05,0.02,0.17,1.3,3.18,5.23,5.38,5.4
2015-09-23,1938.76001,-0.1622079375,2.0,-0.0020486426,-0.0123184295,0.0045657839,-0.0161641658,-2.8341484445,-0.1688960544,1.3015667013,3.8096832621,1959.03836981,1970.09202741,2009.64021359,2040.52115673,2.16,5.331459448324514e-07,1.6,-1.29,-4.129402078655317e-06,-0.32,0.0009755679,1.47,-2.71,5.31,-0.0045093336,0.0144927536,0.0208333333,0.5,-0.18,-1.21,0.008112857,-0.45,0.0012095507,0.01,-0.0006834396,-0.000836707,-0.03,0.2,0.0039177277,0.54,0.09,4.0,-0.26,0.14,-0.0226489624,-0.0043276688,0.6,-0.0044327861,6.896187151485753e-05,S&P,0.0017754982,-0.1,-0.09,-0.0026070881,0.0001484607809759561,-0.0060488729,-0.31,0.0009992921,2.47,-0.006634792,-4.833106608878909e-05,-0.0218892966,0.54,0.47,0.00019901582283276655,-1.22,-0.0026812527,0.0043842285,0.1,-0.11,0.0011946634,0.0162405056,2.19,2.15,2.07,0.04,0.12,1.31,3.15,5.22,5.3,5.34
2015-09-24,1932.23999,0.2823982222,3.0,-0.0033629846,-0.0020486426,-0.0123184295,0.0045657839,-2.9122682357,-1.027001552,-0.852806006,-0.4261776521,1954.16593712,1966.48707147,2006.6049107,2039.44373219,2.13,-3.9909638453433046e-05,-1.33,-0.62,5.9540290216862534e-05,1.32,-0.0193081716,1.44,0.88,5.29,-0.0030493641,-0.0428571429,-0.0204081633,2.09,-0.51,0.3,0.0059482155,-0.21,-6.27578957277e-05,0.01,0.0009118076,-0.0038420476,-0.03,2.33,0.0010506567,-2.13,0.09,3.99,-0.54,2.43,-0.0097136816,-0.004327806,0.38,-0.0069260885,-0.00015277492158275648,S&P,-0.0045293423,0.00017620766264105474,0.3,-0.0022016665,1.2318204093782777e-05,0.005947441,0.86,0.000332787,-2.07,-0.0016443702,3.086938301672857e-05,0.008600782,-0.82,-0.47,0.0001412223506042435,-0.3,-0.005484407,-0.0192435014,-1.96,-0.39,-0.0091487275,-0.0117204656,2.16,2.12,2.04,0.04,0.12,1.3,3.16,5.2,5.28,5.32
2015-09-30,1920.030029,0.0950249129,2.0,0.0190755557,0.0012328531,-0.0256660903,-0.0004657931,-0.9660804279,-3.772848719,-1.1333448105,0.3229120922,1926.4502727,1945.87880659,1991.45690416,2034.14341389,2.06,6.589037287707512e-05,2.18,1.55,0.00011807290434065434,0.76,0.0256830097,1.37,0.29,5.35,0.0184596569,-4.828998711869129e-05,-0.00017188029742852348,-1.11,1.83,0.49,0.0113699342,1.62,-0.0010230421,-0.01,0.0188765888,0.022765785,-0.02,-0.38,-0.0076011625,2.04,0.08,4.0,1.4,-0.75,0.0140928547,0.0318906763,-0.64,0.0188837066,-7.976657067223023e-07,S&P,0.0090390845,-0.1111111111,4.08,0.0154809038,-4.342895182875068e-06,0.0189118402,-2.4,-8.34306684171e-06,1.66,-0.0022384293,-2.153518715168624e-05,0.0048200733,2.66,0.17,-4.272976355765966e-05,0.66,0.003331868,0.0222255175,2.58,2.17,0.0264549858,0.0257902758,2.08,2.07,1.98,0.01,0.1,1.35,3.29,5.27,5.36,5.37
2015-10-13,2003.689941,0.1758126674,1.0,-0.0068254242,0.0012754771,0.0007251114,0.0088184356,1.2005483288,6.3478908735,3.1373190089,1.2941764753,1986.99667257,1974.31762095,1991.05433466,2030.18606928,2.06,-2.5952802132410374e-05,-0.5,-0.64,0.00012909692139761932,-1.13,-0.0096658584,1.36,-1.24,5.34,-0.0090329641,-3.7074444675467724e-05,9.84368128569629e-05,0.41,-0.85,-1.6,0.0017025359,-1.58,0.0030571836,0.01,-0.0023404468,-0.0086863815,-0.00015629935759367943,0.26,0.0005380063,-1.11,0.08,3.93,-0.39,0.57,-0.0057397014,-0.0023446046,0.21,-0.002754407,-0.00011686088052629798,S&P,-0.0061325987,-6.214567716285637e-05,-1.16,-0.0142219664,1.7260798352862566e-05,-0.001765435,-1.46,-0.002424786,2.37,-0.0052028017,3.9749717040297745e-05,0.0016935655,-0.64,-0.44,0.0002607405872884951,-0.26,-0.0056255965,-0.0085979472,-0.92,-0.77,-0.0078319331,-0.0045360982,2.06,2.05,1.98,0.01,0.08,1.41,3.28,5.26,5.33,5.34
2015-10-14,1994.23999,0.0713332471,2.0,-0.0047162741,-0.0068254242,0.0012754771,0.0007251114,-0.079664402,3.8650416858,2.8616218466,-0.0536292089,1988.31363938,1976.21498943,1991.17926232,2029.82839685,1.99,0.0001177995943128211,-0.99,-0.2,-3.2211690072731285e-05,2.21,-0.0073976497,1.29,-0.18,5.3,-0.0032418105,-0.109375,-0.0514705882,1.4,-0.5,0.77,-0.0141336612,-1.07,0.0008527707,-6.837653708572218e-05,-0.0044785456,-0.0028686438,-4.5833432756492154e-05,1.29,-0.0075280381,-0.91,0.08,3.9,-0.89,1.38,-0.007103872,-0.0074148421,0.83,-0.0253451994,-1.0218082686821512e-05,S&P,-0.0069417854,-8.554652342754486e-06,1.17,-0.0094699569,4.930489843230139e-05,0.0126326421,0.8,-0.0074340043,-2.02,0.0145516247,-0.00021945666515055509,-0.0093491989,-1.48,-0.92,-0.00013685167758094552,-0.16,-0.0096385336,-0.0116588058,-0.72,-0.34,-0.0096878719,-0.0114626727,1.99,1.99,1.91,7.561181776985027e-05,0.08,1.4,3.31,5.22,5.3,5.3
2015-10-15,2023.859985,0.0279043733,3.0,0.0148527736,-0.0047162741,-0.0068254242,0.0012754771,0.5180180448,5.2000728659,4.7416467662,1.6912890578,1994.77661131,1980.75260806,1992.46085929,2029.76900966,2.04,4.604848534262755e-05,1.01,1.98,6.21746997569221e-05,0.93,0.0143761826,1.34,-0.9,5.33,0.0145263347,0.0701754386,0.0387596899,-0.18,1.76,0.4,0.0149714365,2.79,-0.0002366789,0.01,0.0070693659,0.018242261,-6.709410904711385e-05,0.31,-0.0051857585,1.32,0.08,3.93,1.47,-0.25,0.0199760054,0.0323219802,-0.78,0.0316718943,-9.178903944854618e-06,S&P,0.0231067767,7.233501667050464e-05,0.25,0.0226919353,-7.2616739948657665e-06,0.0164670526,-2.58,0.0018513927,-1.23,-0.0005264817,-7.153773146149469e-05,0.0231826666,0.89,0.19,0.00015797584982065363,1.22,0.027716101,0.0150214255,1.41,1.97,0.0155797464,0.0110214521,2.04,2.03,1.96,0.01,0.08,1.4,3.29,5.25,5.32,5.33
2015-10-20,2030.77002,0.0134395191,1.0,-0.00142109,0.0002705456,0.0045704743,0.0148527736,1.3515104531,2.5682843181,7.7851937353,4.5312306564,2011.77084807,1994.15693906,1996.98698296,2029.84988665,2.08,-4.871752442277438e-05,0.09,-0.48,-5.108682929618087e-05,-0.59,-0.0064326777,1.4,0.21,5.37,-0.0007871442,0.0819672131,0.037037037,0.48,-0.35,0.12,0.0182582471,-0.32,-0.0018424907,0.02,0.0031499581,-0.0049944244,0.08,0.48,-0.0026420891,-0.03,0.12,3.95,-0.06,0.38,-0.0037437222,-0.0214080406,0.16,0.0048215846,5.105046603823523e-05,S&P,0.0098934739,0.00012567589929787028,-0.13,-0.0008846766,-5.2296127388361146e-05,-0.0019755032,1.39,0.0023179418,1.08,-0.0014826813,-3.2605876176328654e-06,0.0114064215,0.44,-0.06,2.4895461896311436e-05,0.34,-0.0035736777,-0.0016361054,-0.66,-0.67,-0.0072438427,-0.0011334016,2.0,2.06,1.96,-0.06,0.04,1.42,3.29,5.25,5.35,5.29
2015-10-27,2065.889893,0.2454604525,1.0,-0.0025541185,-0.0019131003,0.0110303443,0.0166275719,1.7293870135,3.1042703129,4.342086907,9.6492168782,2042.80350504,2019.63750857,2007.97872519,2031.17197688,2.05,-0.00011676015373852407,-0.8,0.12,-3.6430546078324556e-05,-0.35,-0.0102223262,1.38,-1.54,5.3,-0.0061579329,-0.0151515152,-0.0212765957,0.32,-0.08,-0.79,-0.0063323734,-1.13,0.0006467795,0.03,-0.0103225991,-0.0009037863,0.01,-0.3,-0.0012298629,-0.88,0.18,3.89,-0.1,0.13,0.0011455348,0.0039434532,-0.07,-0.0040689044,-1.803099593104244e-05,S&P,-0.0031313685,0.125,0.04,-0.0122552488,-2.7634861135119216e-05,-0.0016006525,1.45,-0.0028607786,-0.05,0.0026420847,7.160288831014804e-05,0.0013864326,-0.53,0.23,4.718418448324035e-05,0.12,0.0025015009,-0.0101051736,-0.95,0.35,-0.0030456854,-0.0080567547,2.04,2.02,1.87,0.02,0.17,1.41,3.25,5.12,5.27,5.29
2015-10-28,2090.350098,0.114119918,2.0,0.0118400332,-0.0025541185,-0.0019131003,0.0110303443,3.5370124465,4.8193852536,4.7358815172,8.8706981884,2051.44834013,2026.37204089,2011.20897511,2031.7608139,2.1,7.414954540139222e-05,1.16,-0.4,-0.00017513396096304756,-0.93,0.0089766097,1.47,4.79,5.3,0.0132709733,0.1230769231,0.0652173913,-0.93,1.16,-1.06,0.0412046606,2.96,0.00026268713833160464,0.04,0.005401397,0.0130294405,0.03,2.71,0.0086652478,1.19,0.21,3.91,1.08,0.38,-0.0080440014,0.0099670478,-1.16,0.0292269175,9.085064043279997e-05,S&P,0.0245750559,0.1666666667,-0.17,0.0291890533,4.163411286764137e-05,0.0146750901,-2.82,-0.0039024714,-0.64,-0.0029248752,-0.00010113507448362169,-0.0172201829,0.48,0.79,0.00010325563162276157,-0.00014110794196302038,0.0028945104,0.0130721139,0.85,0.9,-0.0023761033,0.0113898799,2.07,2.06,1.89,0.01,0.18,1.39,3.2,5.09,5.26,5.27
2015-10-29,2089.409912,-0.1466909034,3.0,-0.0004497744,0.0118400332,-0.0025541185,-0.0019131003,1.7977940093,3.2388568125,3.7736527201,8.6073525927,2058.3504441,2032.37564766,2014.27567852,2032.33443677,2.19,-9.916494562305373e-06,-0.86,-0.36,0.0001635180926858019,-0.1,-0.0009733516,1.53,-0.51,5.4,-0.003799514,0.0273972603,0.0408163265,-0.88,-0.07,-0.63,0.010564283,-1.26,0.0009616597,0.07,-0.0114857169,-0.004203537,0.02,-4.57,-0.0059532781,-0.48,0.21,4.04,-0.1,-2.2,-0.0059517105,0.0153135835,0.51,-0.0044274962,5.60983673027295e-05,S&P,-0.0064923534,7.850218778981625e-05,-1.61,-0.0111052382,-0.00010854286066997135,-0.0006076325,11.02,0.0031790633,1.88,-0.0026879122,2.510615175489086e-05,0.0035905754,-0.16,-0.43,3.4640924171093027e-06,-0.64,0.0088574838,-0.0028729904,-0.12,-0.26,-0.001701225,-0.006523968,2.17,2.12,1.98,0.05,0.19,1.36,3.21,5.19,5.33,5.38
2015-10-30,2079.360107,0.0616771516,4.0,-0.0048098772,-0.0004497744,0.0118400332,-0.0025541185,0.2028867889,2.2748460409,3.1996829365,6.5595340165,2062.17038281,2036.85035808,2016.82800905,2032.80235389,2.16,-1.2501028874569154e-05,-0.74,-0.92,6.620844524363231e-05,1.24,0.0024234074,1.52,1.56,5.35,-0.0035434966,0.00012408164425042767,-0.0065359477,-0.31,-0.44,0.96,-0.0085455821,-0.22,-0.000409494,0.08,-0.0134932906,-0.0040439354,0.01,0.14,-0.0024258964,0.28,0.22,3.98,-0.51,-0.32,-0.0078834736,-0.0010373697,0.27,-0.0147216533,1.0653716235448862e-05,S&P,-0.0172445271,0.0952380952,-0.13,-0.0032343196,-0.00013046275661692024,0.006202055,2.84,0.0011583568,1.31,0.0034016857,1.328868701202676e-05,-0.0014034438,1.01,-0.14,3.008535052161117e-05,0.68,-0.0033540889,0.0045644417,0.23,-0.4,-0.0143149284,-0.0054253898,2.15,2.08,1.94,0.07,0.21,1.37,3.19,5.13,5.27,5.34
2015-11-02,2104.050049,-0.1165781683,0.00013337016519547606,0.0118738173,-0.0048098772,-0.0004497744,0.0118400332,1.5870237294,3.4612478892,4.292035018,5.8881254682,2069.78486757,2043.25032864,2020.2484812,2033.51128618,2.2,-0.00012964375639313582,0.3,-1.44,3.7711343674501176e-05,-0.49,0.0037874831,1.57,-1.55,5.38,0.0113670405,0.0266666667,0.0328947368,-0.76,1.05,0.1,0.0140585774,2.35,-0.0060819008,0.08,0.0113982335,0.014523849,0.01,-0.63,-0.0065658485,1.26,0.27,4.01,0.8,-0.77,-0.0119257745,0.0039142865,0.08,0.0200778366,-0.000181121805493498,S&P,0.0131141303,0.1739130435,0.13,0.0208544759,2.3182488829126106e-05,0.0306985867,-2.8,-0.0041735289,-2.73,0.0076900036,0.0002162304472312378,-0.0169918808,-1.83,-0.11,-4.4103363841474115e-05,-0.22,0.0112837673,0.0092653438,0.4,1.09,0.0165975104,0.0001099978,2.19,2.12,1.93,0.07,0.26,1.37,3.18,5.11,5.3,5.37
2015-11-03,2109.790039,0.1361801267,1.0,0.0027280672,0.0118738173,-0.0048098772,-0.0004497744,2.1249993114,3.891135787,5.295235347,6.5593555353,2077.05853511,2049.58744391,2023.75991484,2034.27027874,2.23,0.0001367639644322003,0.18,1.0,0.00012502623899195706,-1.19,0.004062116,1.59,3.59,5.42,0.0028402811,0.038961039,0.0127388535,-1.42,0.36,0.57,0.0114705397,0.64,0.0030595583,0.06,0.0170924111,0.0035068179,0.07,-1.06,0.0015605159,-0.13,0.26,4.06,0.6,-0.84,0.0088685864,-0.0048380331,-0.43,0.0036618553,3.901149341595198e-05,S&P,0.0014585598,-0.037037037,0.47,0.0046286455,1.3288937836971296e-05,0.0184099322,-0.13,0.0024316278,1.67,-0.0011410712,-0.0001229086283894137,-0.0025232116,1.55,0.43,0.00010889846439099766,1.08,-0.0020553881,4.38757631654e-05,0.4,0.38,0.006462585,0.0034267493,2.16,2.17,1.97,-0.01,0.19,1.36,3.19,5.16,5.36,5.35
2015-11-04,2102.310059,-0.0452217431,2.0,-0.003545367,0.0027280672,0.0118738173,-0.0048098772,0.5721510962,4.1294005982,5.4191105154,5.3351290114,2081.64972127,2054.60864535,2026.84031265,2034.94729148,2.25,-0.00011715217155630256,0.61,2.37,-0.00017536904668702987,-1.07,0.0024532863,1.64,-3.88,5.41,-0.004330871,0.05,0.0314465409,-0.91,-0.39,-0.54,-0.0046504039,-0.16,-0.0002054556,0.05,0.004616805,-0.0005150313,0.07,-1.19,-0.0021843733,-0.93,0.27,4.05,-0.3,-1.5,0.0214964281,0.0250116167,-0.96,0.0010641381,-0.0002050759818660427,S&P,-0.0063717094,0.0384615385,-0.3,-0.0010070252,-4.4589000631984654e-05,-0.0100172138,0.4,0.0025416349,1.94,-0.0003086098,-4.290536563655874e-05,0.0430985731,-0.68,0.18,-0.0001033013364123929,-0.16,-0.0001961259,-0.0096711444,0.24,-0.05,-0.0016897263,0.0045898558,2.18,2.2,1.98,-0.02,0.2,1.36,3.16,5.14,5.36,5.34
2015-11-05,2099.929932,-0.0066145771,3.0,-0.0011321484,-0.003545367,0.0027280672,0.0118738173,0.5034923947,2.3103381601,3.7586566049,4.2961451692,2084.97339595,2058.92495836,2029.70657223,2035.59388492,2.26,-9.143194748522054e-05,-0.7,-0.64,6.05497471065843e-06,0.3,0.0064163579,1.65,-1.24,5.44,-0.001477605,0.0119047619,0.006097561,-0.32,-0.04,-0.06,-0.0088524754,0.1,-3.16150550893e-05,0.05,-0.0003676654,-0.0028662719,0.04,-0.53,0.0069272221,0.49,0.27,4.05,0.08,-0.53,-0.0001097986,0.0229347246,0.19,0.008959818,-9.960073645475754e-05,S&P,0.0051300658,-7.462514955852612e-06,-2.89,0.0002603673,-6.169061564774099e-05,-0.0136078734,4.51,0.003261877,-0.09,-0.0018930882,-4.996009449199193e-05,0.0182617847,1.27,0.23,1.4423184494375605e-05,-0.16,0.0038257798,0.0039187698,0.64,-0.3,0.0033851725,-0.0074849133,2.22,2.21,1.99,0.01,0.23,1.39,3.18,5.17,5.39,5.4
2015-11-06,2099.199951,0.078267179,4.0,-0.0003476216,-0.0011321484,-0.003545367,0.0027280672,0.9541321839,1.1589547809,3.250683263,4.1843443251,2087.56004232,2062.76067195,2032.43180277,2036.2267811,2.34,0.000197522567919702,-0.18,-1.0,5.841399241082727e-05,-1.35,0.0008252671,1.73,-1.17,5.51,-0.0033180512,0.0588235294,0.0484848485,-1.39,-0.01,-1.34,0.0011577903,0.98,0.0016282268,0.08,0.009930066,0.0037794198,0.04,-1.92,0.0005397228,0.86,0.31,4.1,0.23,-1.47,-0.0079696618,0.0056737144,-1.31,0.0304033254,-8.897100024746268e-05,S&P,0.0180458801,0.1851851852,-0.53,0.0076090833,-0.00015892683296103239,-0.0040089259,0.3,0.0014816034,-0.57,-0.0116965106,-0.00020108309430881346,0.0190792908,0.63,1.18,-5.941363314826216e-05,-0.67,-0.0040066842,0.0092112814,0.08,0.17,0.0094467277,-0.0017439547,2.3,2.26,2.03,0.04,0.27,1.41,3.17,5.2,5.43,5.47
2015-11-09,2078.580078,-0.1113911129,-0.00021273460466090925,-0.0098227294,-0.0003476216,-0.0011321484,-0.003545367,-1.2105211571,0.3572913143,2.208827594,3.0295578689,2085.92732153,2064.26728205,2034.24153906,2036.64820694,2.36,-0.00033078457334865526,-0.91,-0.57,6.578564729962667e-05,0.12,-0.0146424127,1.75,-0.49,5.51,-0.009337635,-0.0111111111,0.0115606936,0.32,-0.99,-0.03,-0.0040475633,-1.58,0.0010889808,0.14,-0.0138382744,-0.0100678264,0.05,-2.02,0.0101808236,-1.6,0.34,4.12,-0.94,-1.36,-0.0061467844,-0.0058844124,0.1,-0.0156295649,-8.412149167953299e-06,S&P,-0.0068038857,0.0625,-0.49,-0.0127692819,5.368800677115879e-05,-0.0298331238,-2.99,0.0125749899,-4.06,-0.0101919455,0.00019111330205132888,0.015835269,1.87,-0.39,-2.067330300317841e-05,-0.24,-0.0105965661,-0.0157061888,-1.46,-1.07,-0.0056818182,-0.0092227662,2.31,2.22,2.02,0.09,0.29,1.39,3.15,5.17,5.37,5.46
2015-11-10,2081.719971,-0.0156889513,1.0,0.0015105952,-0.0098227294,-0.0003476216,-0.0011321484,-1.3304673679,0.7662595211,2.5088981272,3.8943166008,2085.16234871,2065.9294429,2036.10343835,2037.0966822,2.32,0.00017502314866891107,-0.38,-1.04,-9.111801305452403e-05,-0.06,0.0002016289,1.72,0.53,5.5,0.0016475147,-0.0224719101,-0.0171428571,-0.2,0.24,-0.21,-0.031516986,0.56,0.0014346298,0.13,-0.012001514,-0.002366803,0.08,-0.4,-0.0022638387,0.19,0.34,4.11,0.23,-0.89,-0.0143034104,0.0063921693,-0.26,0.004303324,-9.095936720629087e-05,S&P,0.0079321974,5.3364642876417715e-05,-0.63,0.0027607346,-9.499061453101547e-05,0.0048810374,0.87,-0.0009983279,-2.04,0.0043845811,6.485773975206325e-05,-0.0017538266,0.41,0.31,5.4617121732612294e-05,-1.74,0.006049197,0.0015782363,0.05,-0.21,0.0124370084,-0.0031612005,2.24,2.19,1.98,0.05,0.26,1.39,3.18,5.16,5.37,5.42
2015-11-11,2075.0,-0.0337647588,2.0,-0.003228086,0.0015105952,-0.0098227294,-0.0003476216,-1.2990500085,-0.7343314412,2.7767076108,4.0496635513,2083.31464894,2066.79330548,2037.62879371,2037.47382964,-5.603046675297392e-06,8.16371730887524e-05,0.38,-0.06,0.0002599465389832467,0.47,0.0082142293,8.771979771025058e-05,-3.44,8.677746383186964e-05,-0.003110442,-1.0,-1.0,-0.35,-0.43,0.43,-0.0056521026,-1.04,-6.29703094991e-05,6.576662814108604e-05,0.0026164082,-0.0031909202,-7.734528944681574e-05,-0.65,-0.0003090631,0.72,6.669497206212824e-05,0.0001390329241423779,-0.34,-0.83,-0.0022109616,0.0205705905,0.19,-0.0048759161,-0.0002517608112762588,S&P,-0.0019674656,-1.0,2.007858295317391e-05,-0.0081081127,4.95139785898591e-05,-0.0088645418,-2.46,5.68505880826e-05,0.76,0.0011811357,-0.0001792823143135254,0.0026820371,0.2,-0.12,3.335671984637235e-05,0.04,0.0040414393,0.0069559612,0.81,-0.24,0.0182602584,0.0034899353,3.357780021128322e-05,-0.0001161550697279117,7.545828491671444e-05,-6.319803056555118e-05,2.793840725012833e-05,-6.268020055726511e-05,-0.00010056017683127896,1.4833462237690881e-05,-7.975765629510421e-06,0.00013585521236721555
2015-11-12,2045.969971,0.0877367356,3.0,-0.0139903754,-0.003228086,0.0015105952,-0.0098227294,-2.5696076892,-2.0790530738,-0.3186361561,1.0924661866,2076.5247075,2064.81013077,2037.9558987,2037.55836836,2.32,-1.2467272147616875e-05,-1.55,2.46,0.00017238315547227404,-0.26,-0.0193558152,1.73,-3.82,5.51,-0.0157645929,6.912323572926297e-05,-0.00010240054767848894,-0.1,-1.38,0.93,-0.0033588838,-1.84,0.0008973834,0.14,-0.0061510156,-0.012224136,0.08,-0.27,-0.00066356,-1.13,0.34,4.11,-1.46,-0.07,0.0240133285,-0.0113628281,0.68,-0.0200445143,-2.980375975869318e-06,S&P,-0.0112903407,7.604275932821893e-05,-1.94,-0.0197440628,0.00012238296207418554,-0.0270766836,-0.13,-0.0026566897,0.5,0.0056939408,2.6947728091141707e-05,-0.0047522574,-0.3,-0.47,-7.387056906159867e-05,-5.890932619082833e-05,-0.0156096994,-0.0114816396,-1.94,-1.0,-0.0166286273,-0.0188178867,2.24,2.18,1.98,0.06,0.26,1.4,3.19,5.17,5.37,5.43
2015-11-13,2023.040039,0.0653276466,4.0,-0.0112073649,-0.0139903754,-0.003228086,0.0015105952,-3.6280446731,-2.7085288311,-2.5111372894,-0.4952976511,2066.80022232,2060.83202679,2037.37096302,2037.41390737,2.28,1.4617473397836972e-05,-1.12,-2.58,6.588229103746366e-05,0.09,-0.010027428,1.67,-1.02,5.48,-0.007901551,-0.0337078652,-0.0346820809,-0.13,-1.08,0.06,-0.0292084771,-0.88,0.0002831302,0.13,-0.0090022506,-0.0154243676,0.03,-0.14,0.0021881838,-0.87,0.3,4.09,-1.1,-0.28,-0.0215291634,-0.0349308907,-0.35,-0.006666697,0.0002001898516844995,S&P,-0.0108754399,-0.1142857143,-0.14,-0.0071527001,-3.650359913965855e-05,-0.0164967376,4.47,-0.0016048453,-0.3,0.0006246264,-7.072914651073478e-05,-0.0143309639,-0.25,0.65,-0.00011895169743151904,-1.3,-0.0038894985,-0.0068841732,-1.0,-1.82,0.003978813,-0.0097755819,2.25,2.15,1.98,0.1,0.27,1.39,3.2,5.18,5.35,5.45
2015-11-16,2053.189941,-0.1256231376,3.2843925262865244e-05,0.0149032651,-0.0112073649,-0.0139903754,-0.003228086,-1.2215135356,-2.4172480129,-0.868586583,0.9603329305,2064.32562571,2060.1042091,2037.9913151,2037.57088283,2.27,-0.00034923555419880044,0.32,-1.25,-8.156294584024928e-05,-0.84,-0.0007571077,1.66,2.18,5.51,0.0142126124,0.023255814,-0.005988024,-0.07,1.46,-0.48,0.0163788861,1.51,0.0007076251,0.15,0.0176003028,0.0115141268,0.04,-1.0,0.0028610149,-0.06,0.33,4.11,1.25,-0.07,-0.0172047639,0.0085000735,-0.86,0.0144906045,1.5221493331339603e-05,S&P,0.0128275609,0.064516129,-2.4,0.0083118107,-1.077074224317364e-06,0.0358515246,1.02,-0.0015992167,-0.45,-0.0010955318,0.00018083092005996532,0.0072937988,-1.12,0.25,-0.00015985958245227076,-0.99,0.0134161398,0.000451055,-0.05,1.28,0.0026420078,0.004592795,2.23,2.12,1.94,0.11,0.29,1.4,3.24,5.18,5.36,5.47
2015-11-17,2050.439941,0.1833910682,1.0,-0.0013393792,0.0149032651,-0.0112073649,-0.0139903754,-1.5026050783,-2.813080776,-0.7478594117,0.9685942183,2061.80095577,2059.18380261,2038.47949651,2037.69893316,2.25,-0.00010474619520321087,2.03,1.04,-1.6579201905017497e-05,-0.32,0.0276834755,1.66,-2.22,5.48,-0.0013244096,-0.0227272727,-5.0168188162845464e-05,-1.15,0.05,0.2,-0.0042914521,-0.15,-0.0004085609,0.14,-0.0148781663,0.0002808445,0.07,-0.36,0.0007507508,2.54,0.34,4.08,0.2,-0.35,0.0115138683,-0.0069619333,-0.39,-0.0057135016,0.00010556628080543462,S&P,-0.0056088475,0.0303030303,-0.57,-0.0024825229,8.068031175892474e-05,-0.0116193199,-0.59,0.0073714574,-1.24,-0.0008516276,-4.544905867559435e-05,-0.0005994274,1.39,0.5,2.1628558666176868e-05,0.56,0.0027662418,0.0240645966,2.76,0.21,-0.001317556,0.0199140806,2.18,2.11,1.91,0.07,0.27,1.4,3.23,5.14,5.34,5.41
2015-11-18,2083.580078,-0.1131512078,2.0,0.0161624519,-0.0013393792,0.0149032651,-0.0112073649,0.4134977349,-0.8909238159,-0.3238701501,3.2016869689,2065.76079617,2061.50725741,2040.24814676,2038.15546197,2.27,7.582980517543598e-05,0.35,-0.6,-4.139069574847134e-05,-0.06,-0.0061956498,1.69,1.31,5.48,0.0139843673,0.0465116279,0.0180722892,0.07,1.5,-0.01,0.0316650447,1.69,0.0011633025,0.12,0.0166131203,0.0178860443,0.07,-0.64,-0.0009302326,0.05,0.31,4.08,1.33,-0.07,-0.0034131055,0.0314627551,0.14,0.0199606844,0.00011498731102640801,S&P,0.0129184682,-0.0882352941,-1.33,0.0160768981,0.00022070316893631043,0.0097548651,-1.01,0.0014521523,-0.9,0.0009898086,0.0001732777718037524,-0.0100773844,0.05,0.56,-6.323615304598513e-05,-0.08,0.0115270739,-0.0010108289,-0.66,1.82,0.0065963061,0.0016271368,2.2,2.15,1.96,0.05,0.24,1.4,3.21,5.17,5.36,5.41
2015-11-19,2081.23999,-0.0759680011,3.0,-0.0011231092,0.0161624519,-0.0013393792,0.0149032651,1.7238776473,-0.8900269345,-0.3910157578,1.3997485937,2068.57519505,2063.38656528,2041.85567003,2038.58416374,2.24,-0.00010708165994372014,0.96,1.57,0.00018811385236633992,1.5,0.001707838,1.68,0.09,5.44,0.0001783723,0.0111111111,-0.0059171598,1.05,-0.02,1.18,0.0127035381,-0.57,0.0009892284,0.11,0.0016713278,-0.0003073885,0.06,1.01,-0.001396648,1.14,0.3,4.04,0.1,0.49,0.0140597298,-0.0034209815,0.7,0.0031135213,5.30617355052085e-05,S&P,0.005388953,4.446043835623593e-07,-0.1,-0.0042842074,4.578542950736703e-05,-0.0054495295,-3.03,0.0006480781,1.45,0.0012647823,-9.118968726678466e-05,0.0136176067,0.96,-0.7,2.1735285715377502e-05,1.41,-0.0017531899,0.011449891,0.18,0.16,-0.0081913499,0.0081063708,2.18,2.13,1.94,0.05,0.24,1.4,3.2,5.14,5.33,5.38
2015-11-20,2089.169922,0.0830983625,4.0,0.0038101959,-0.0011231092,0.0161624519,-0.0013393792,3.2688370831,-0.4778024597,0.4717708571,0.6756148067,2072.31969086,2065.84212306,2043.71113089,2039.08750462,2.26,-0.00010812272303631747,-0.01,1.23,-1.8075502006981315e-05,0.03,-0.0008402439,1.7,1.09,5.46,0.001221328,0.021978022,0.0119047619,-0.4,0.46,0.65,0.0043778751,0.79,-0.0002980439,0.11,0.0046347795,0.0061651564,0.05,-0.68,-0.000270697,0.33,0.3,4.04,0.53,-0.42,0.0113110002,0.0108578822,-0.82,-0.001773618,1.0379014166933223e-05,S&P,-0.002680025,9.275654426635844e-05,-1.06,0.0072167889,0.0001760070206387962,-0.0063512077,-5.76,-0.00496255,-0.25,0.0032101296,0.00012630649145360724,0.0037151666,0.05,0.58,-6.890991344165267e-05,0.04,-9.75217113381e-05,0.0031022356,0.25,0.63,0.0128840436,0.0007425388,2.21,2.15,1.96,0.06,0.25,1.42,3.2,5.16,5.35,5.41
2015-11-23,2086.590088,-0.086935057,0.00015657907229737504,-0.0012348608,0.0038101959,-0.0011231092,0.0161624519,1.6267441377,0.3853597023,-0.8298263156,0.7440278733,2074.91430852,2067.81811972,2045.39265862,2039.56016714,2.25,-8.214113443174732e-05,-0.32,-0.29,-4.140069066761089e-05,-0.7,-0.0044492426,1.7,0.38,5.44,-0.002182076,0.0107526882,6.61559373684863e-05,-0.81,-0.22,-0.64,-0.0129924808,0.39,0.0003138239,0.14,-8.688930613130343e-05,-0.0004779589,0.05,-0.59,0.0045730102,-0.12,0.35,4.01,-0.22,-0.42,-0.0039033796,0.0157677879,-0.09,-0.0097720461,8.520199756421265e-06,S&P,-0.0039412755,0.1290322581,-1.7,0.0044334433,0.00013779447878779915,0.0061410953,3.03,8.94461056012e-05,1.69,-0.0064252252,-3.6135055298561e-05,-0.0055598565,-0.23,-0.02,-0.0002015870146155387,0.8,0.0028297618,-0.0024749036,-0.79,-0.29,-0.002283105,-0.0045938335,2.2,2.11,1.9,0.09,0.3,1.43,3.19,5.09,5.3,5.39
2015-11-24,2089.139893,0.0827624457,1.0,0.0012219961,-0.0012348608,0.0038101959,-0.0011231092,1.887397491,0.3564322821,-0.978777301,1.1254229995,2077.50077843,2069.84876479,2047.10823644,2040.05349774,2.24,-3.8253803239883686e-05,-0.62,-0.75,-2.349497143098394e-05,0.52,-0.014080311,1.66,2.88,5.44,0.0027164818,-0.0106382979,-0.0235294118,0.58,0.02,0.85,0.0095965775,0.64,0.0006745098,0.16,0.0011072338,6.46899157457e-05,0.13,0.9,0.0003069735,-1.74,0.36,4.01,0.02,0.5,-0.0034531843,-0.0115465119,0.05,-0.0014951855,-4.9614388262465286e-05,S&P,-0.0057553779,0.0285714286,1.73,0.0071588957,9.49735293951392e-05,0.0199302195,-0.45,-6.50488533077e-05,-1.86,-0.0040092298,0.00012000823498852151,0.0016059807,0.31,-0.17,-1.9391885989482346e-05,0.24,-0.0071032015,-0.014272892,-1.43,-0.21,0.0022883295,-0.0044881143,2.11,2.08,1.88,0.03,0.23,1.43,3.2,5.08,5.28,5.31
2015-11-25,2088.870117,-0.2656392779,2.0,-0.0001291326,0.0012219961,-0.0012348608,0.0038101959,0.2538918017,0.6684393735,-0.6392939967,-0.0708006282,2079.56793089,2071.66032215,2048.74595724,2040.53923525,2.23,0.00014760116104101199,0.94,-0.13,4.421592475398167e-05,0.37,0.0150842798,1.66,0.11,5.44,6.13054719874e-05,-4.421153060220288e-05,0.0002115515484568042,-0.38,0.16,-0.07,-0.0071500507,0.84,7.83785054788e-05,0.19,-0.0103225991,0.0026123014,0.14,1.65,-0.0042888258,2.25,0.38,4.0,0.21,-0.21,-0.003968139,0.00624302,-0.13,0.0011979934,0.00024082301102318473,S&P,-0.0010853473,0.0833333333,-0.44,0.0077472099,7.037016758316758e-05,-0.0076941503,0.27,-0.003335671,-0.1,-0.0028514679,-9.273929352822054e-06,0.008798645,-0.55,0.5,6.486954723478862e-05,-0.1,-0.0007840259,0.0215428951,1.54,0.24,-0.0097847032,0.0096221088,2.09,2.04,1.85,0.05,0.24,1.44,3.21,5.06,5.25,5.3
2015-11-27,2090.110107,-0.4858496849,4.0,0.0005936176,-0.0001291326,0.0012219961,-0.0012348608,0.4261938576,2.1574185656,-0.467626317,0.0335116147,2081.48469019,2073.41744451,2050.36808076,2041.03247775,2.22,9.908655817025469e-05,-0.26,-1.39,8.93430139284883e-05,-0.56,0.0075924744,1.64,-1.32,5.44,1.62598220805e-05,-0.0107526882,-0.0120481928,-1.25,-0.27,-0.46,-0.0018639414,0.33,-3.13489451081e-05,0.17,0.0044701249,0.0022243103,0.13,-1.56,-0.0006464707,-0.19,0.37,4.0,-0.27,-1.26,-0.0190985726,-0.0030799552,-0.16,0.0046365091,-4.536660046821724e-05,S&P,0.0030785584,-0.0256410256,-1.75,0.0036393257,-1.2248337522355299e-05,-0.0002461169,-1.38,0.0010530672,-1.77,0.0009213896,5.873332465063854e-07,-0.0580128887,-0.4,0.69,0.0001288020364976159,-0.24,0.004021224,0.011121293,-0.32,-0.31,1.8924870403099155e-05,0.0059328605,2.09,2.05,1.85,0.04,0.24,1.44,3.22,5.07,5.27,5.31
2015-11-30,2080.409912,1.914448747,5.49489219596589e-05,-0.0046409971,0.0005936176,-0.0001291326,0.0012219961,-0.4193057687,2.835824892,-0.8951047751,0.0504869261,2081.28927597,2074.0833938,2051.54619179,2041.42429302,2.21,6.987085964539838e-05,-0.43,-1.36,-0.00014035867942277841,0.77,0.0055698135,1.65,-0.56,5.41,-0.0039175456,0.0217391304,0.006097561,0.53,-0.49,0.47,0.004159282,-0.44,0.0008464481,0.22,0.0077878361,-0.0036762602,0.1,0.11,0.005460946,0.75,0.42,3.99,-0.49,-0.07,-0.0032580817,-0.0125657575,-0.27,-0.0072948938,-4.849967510784192e-05,S&P,-0.0052356202,0.1052631579,-0.24,-0.0035513066,-3.271370261154017e-05,0.0052936229,1.04,0.0015982435,-0.7,-0.0040305143,0.0003022164384937876,0.0026487915,-0.55,-0.2,2.5019247765935243e-05,-1.94,-0.0110384387,0.0078335917,0.56,-0.29,-0.0138339916,-0.0029959996,2.11,1.99,1.79,0.12,0.32,1.42,3.2,4.99,5.19,5.31
2015-12-01,2102.629883,-0.1316739298,1.0,0.0106805735,-0.0046409971,0.0005936176,-0.0001291326,0.7687084824,2.4079575403,1.1570304774,-0.0674967784,2085.16938634,2076.80210706,2053.5494738,2042.03330387,2.15,0.00010458199396249149,0.72,2.19,4.80532578394674e-05,1.4,-0.0086877344,1.59,-0.38,5.36,0.0105671791,-0.0319148936,-0.0363636364,0.48,0.97,1.33,-0.0081150209,0.69,0.0005011746,0.21,0.0160074155,0.0093253504,0.19,0.04,-0.0013615621,-0.98,0.41,3.92,0.84,0.78,0.0174996517,0.0214500756,0.63,0.0139472256,-1.6912744793723392e-05,S&P,0.0110707989,0.00012600170897070594,1.08,0.0050496608,-4.213860589719457e-05,0.0028164951,-0.18,0.0030936823,-0.89,0.001264716,0.0001333653300745129,0.0031648102,1.37,-0.27,-0.0002678104225172193,1.49,0.0110628509,-0.0106297474,-0.85,1.02,0.0076819971,0.0062302507,1.96,1.94,1.74,0.02,0.22,1.44,3.21,4.95,5.15,5.17
2015-12-02,2079.51001,0.0642543883,2.0,-0.0109956931,0.0106805735,-0.0046409971,0.0005936176,-0.4609496488,1.41774789,-0.10616034,-1.4352152793,2084.14040882,2077.06000257,2054.56753404,2042.40620641,2.18,0.00013839366620842572,0.45,0.42,0.00015514951980887418,-0.54,-0.0017845083,1.63,-4.39,5.35,-0.0123949366,0.032967033,0.0251572327,-1.48,-0.88,-0.2,-0.0090335524,-0.86,9.39231708462e-05,0.21,-0.00018113,-0.0064173495,0.19,-0.54,0.0008390267,-0.67,0.41,3.89,-0.58,-1.27,0.0043938299,-0.0044914853,-0.15,-0.0140511313,2.7068682317468587e-05,S&P,-0.0113085085,-7.124361295844384e-05,-1.84,-0.0103558436,7.550418614928197e-05,-0.0285748691,-2.96,-0.00239427,-0.9,0.0013268721,-0.0001273734250576419,0.0233185011,-0.35,-0.73,7.781055916554473e-05,-0.68,-0.0030285072,-0.0063244102,-0.17,-0.46,-0.0066291349,0.0039401014,1.99,1.97,1.77,0.02,0.22,1.46,3.17,4.94,5.14,5.16
2015-12-03,2049.620117,0.0900740133,3.0,-0.0143735269,-0.0109956931,0.0106805735,-0.0046409971,-1.8790062475,-1.6298850886,-1.2231268916,-2.5062878701,2077.86399213,2074.44668014,2054.37351769,2042.47798662,2.33,5.695453432817541e-05,-2.1,-0.29,-3.524109626739918e-05,0.72,-0.0357844276,1.74,3.18,5.51,-0.012688206,0.0212765957,0.0674846626,0.84,-1.45,0.44,-0.009287943,-1.96,3.636043970022222e-05,0.21,-0.0182937515,-0.0167258924,0.18,0.53,-0.0009056886,-3.25,0.44,4.06,-1.53,0.64,-0.0027882808,-0.0144376708,3.07,-0.0129013044,-1.0392929215176656e-05,S&P,-0.0159767787,0.0714285714,1.33,-0.0177227266,-1.289067392402974e-05,-0.0143305966,0.74,0.0025301794,2.41,-0.0085508972,-2.9385069504791863e-05,0.0135482705,-0.05,-2.45,3.585082677783714e-05,-0.89,-0.012346908,-0.0358157817,-3.61,-1.78,0.0020020688,-0.0227226564,2.15,2.12,1.89,0.03,0.26,1.45,3.18,5.07,5.3,5.33
2015-12-04,2091.689941,-0.0212655782,4.0,0.020525669,-0.0143735269,-0.0109956931,0.0106805735,0.0755861615,0.5021021627,2.2346354369,-0.3923936163,2080.37780101,2076.08889546,2055.83690684,2042.96765781,2.28,-0.00010294341900543731,-0.97,-1.18,1.4986089078499954e-06,0.9,-0.0032598811,1.71,-1.92,5.43,0.0147679496,-5.7486386179984665e-06,-0.0172413793,2.3,1.82,0.01,0.033246546,1.13,-0.0002034811,0.22,0.0315497965,0.0207919833,0.17,3.22,-7.4918151919e-05,-0.68,0.48,3.99,1.9,3.12,-0.0080795406,0.0095910169,-0.5,0.0317628557,1.026966341795678e-05,S&P,0.0271217154,0.0888888889,0.88,0.0109605394,-8.694679440066187e-05,0.0057390253,0.23,-0.0046499765,1.31,0.0124409493,-0.00015194291084722004,-0.0166903682,-2.41,0.35,-3.4965781659658204e-06,-2.21,0.0214306576,-0.0034423763,-0.35,2.22,0.0153179815,-0.0058486367,2.11,2.06,1.8,0.05,0.31,1.44,3.15,4.95,5.21,5.26
2015-12-07,2077.070068,-0.0405916141,4.372411808835915e-06,-0.0069895029,0.020525669,-0.0143735269,-0.0109956931,-0.1605377854,-0.5791704099,2.6707345361,-1.0542055791,2079.77639501,2076.18234046,2056.66957983,2043.30698527,2.23,0.00015215524859435347,-0.24,0.58,-0.00013469268656458205,-1.54,0.0088275653,1.67,-5.28,5.38,-0.010023199,-0.0208333333,-0.0233918129,-1.53,-0.36,-1.01,-0.0063009326,-1.52,0.0005636008,0.29,-0.0017885709,-0.0078681129,0.2,-1.13,0.0030793667,1.07,0.56,3.95,-0.35,-2.13,-0.0014692428,-0.0041775659,-0.47,-0.0131094272,-7.130666303275387e-05,S&P,-0.0044907492,0.1632653061,-1.4,-0.0161399143,2.52719636367593e-06,-0.0261222163,-5.44,0.0043782215,-0.36,-0.0014806739,5.5903590312505485e-05,0.0033858401,1.49,0.33,-9.594034568739454e-05,-0.1,0.0035940069,0.012461774,0.91,-0.26,-0.0039356838,-0.00237241,2.03,1.94,1.67,0.09,0.36,1.43,3.15,4.82,5.09,5.18
2015-12-08,2063.590088,0.0320859979,1.0,-0.0064899014,-0.0069895029,0.020525669,-0.0143735269,-1.856712649,-1.1022768742,0.506536039,-0.7211649028,2076.8334301,2074.98307832,2056.9409723,2043.50880719,2.24,2.2122278936719608e-05,-1.17,-2.05,-7.158364536660739e-05,0.03,-0.0156736468,1.68,-1.15,5.43,-0.01030228,-0.00011497877465210896,0.005988024,0.4,-1.07,-0.72,-0.0004226919,-0.81,0.0011109199,0.27,-0.0003583587,-0.0006997173,0.23,-1.51,0.0089931282,-1.67,0.57,3.95,-1.25,-0.56,-0.0134255227,0.0111968706,0.54,-0.015522403,4.782294191812262e-05,S&P,-0.0184048365,0.0175438596,0.15,-0.0042085586,0.00015180401123779621,-0.0282552854,0.15,0.0007305544,-0.31,-0.0041237141,9.209542588811787e-05,-0.0189025484,-1.32,-0.82,4.7895386681568955e-05,-0.63,-0.0087108208,-0.0195194269,-1.56,-0.29,-0.0059269014,-0.0141881265,2.01,1.97,1.67,0.04,0.34,1.48,3.19,4.86,5.16,5.2
2015-12-09,2047.619995,0.0507191685,2.0,-0.0077389851,-0.0064899014,-0.0069895029,0.020525669,-1.5335350562,-1.9874158805,-0.137528827,-1.6380673902,2071.52189645,2072.37707039,2056.57544378,2043.54971453,2.22,3.365243888882616e-05,-0.13,-0.21,0.0001907023546744171,1.11,-0.0094854757,1.64,-0.37,5.4,-0.0035299758,-0.0106382979,-0.0238095238,-0.14,-0.81,0.18,-0.0220756148,-1.21,0.0014066456,0.26,-0.0145187486,-0.0147835554,0.19,0.52,0.0052559889,-0.72,0.52,3.96,-0.44,9.984460409348854e-05,-0.0046277328,-0.0185139278,1.2,-0.0075803518,0.0001111029893489233,S&P,-0.0051471138,-0.0862068966,0.59,-0.011669854,0.00022059768818997143,0.0133994378,-0.39,-0.0029850422,1.71,-0.0026717129,0.00010663907918990249,0.0006826655,-0.97,-0.89,-0.00018606602239010553,0.02,-0.0026361649,-0.0075990648,-0.95,-1.52,0.0092745277,-0.0013854479,2.03,1.96,1.7,0.07,0.33,1.44,3.18,4.88,5.14,5.21
2015-12-10,2052.22998,-0.1528077077,3.0,0.002251387,-0.0077389851,-0.0064899014,-0.0069895029,0.1273339864,-1.7540648747,-1.5046264999,-1.0973503615,2068.01427527,2070.45829987,2056.40503344,2043.63608533,2.24,-3.514607644622481e-05,-0.61,-0.69,-5.72123060137764e-05,0.51,-0.0005153987,1.68,-0.95,5.43,0.000951542,0.0215053763,0.0243902439,-0.16,0.36,0.73,0.0047569191,0.46,0.0016856037,0.24,0.0052746453,0.0044396539,0.19,-0.56,-0.0009131479,0.03,0.54,3.96,0.63,-0.28,-0.0045473988,-0.0037154155,-0.76,0.0022915063,-4.5719091616636987e-05,S&P,0.0040650592,0.0377358491,0.24,0.0027490248,0.00013813589201255833,0.0007934021,-2.28,-0.0098607619,1.17,0.0115848971,1.778768559157075e-05,-0.0048795236,-1.45,0.45,9.684677996443901e-05,0.36,0.0047968379,0.0006079264,-0.05,0.61,0.005907483,-0.0063003078,2.05,2.0,1.7,0.05,0.35,1.47,3.19,4.89,5.19,5.24
2015-12-11,2012.369995,0.1577083025,4.0,-0.0194227671,0.002251387,-0.0077389851,-0.0064899014,-3.7921464575,-3.719426634,-3.3090847442,-1.6422516692,2057.89713341,2064.92608036,2054.67816918,2043.32497996,2.13,5.245435109625022e-05,-2.19,-1.11,1.8587575647052415e-05,-0.46,-0.0184463629,1.56,-4.53,5.37,-0.0192085017,-0.0736842105,-0.0714285714,0.31,-1.93,-1.29,-0.0257381256,-2.13,0.0015269554,0.22,-0.0218925095,-0.0221399296,0.15,-1.6,0.0048647453,-2.45,0.51,3.91,-1.74,-1.35,-0.0110832953,-0.0334732195,0.44,-0.0234720466,-3.8470077398513674e-05,S&P,-0.0189547111,-0.0545454545,2.08,-0.0221145276,2.3278595653266975e-05,-0.0178359884,-1.24,8.21857045732e-05,-1.01,-0.0015160745,-4.7859752730612125e-05,-0.0060524068,1.0,-0.43,3.721000826641307e-05,-0.15,-0.0093530691,-0.0244241754,-1.83,-2.26,-0.0127243067,-0.02222373,1.98,1.91,1.62,0.07,0.36,1.46,3.24,4.86,5.15,5.22
2015-12-14,2021.939941,0.072396107,-3.873283739442349e-05,0.0047555599,-0.0194227671,0.002251387,-0.0077389851,-2.6542256734,-2.8105024237,-3.2180235936,-0.0543784591,2051.35946206,2060.83216233,2053.3943171,2043.1121935,2.23,-1.1936335272587148e-05,-1.5,-0.36,-6.348585430576409e-06,0.54,-0.0168126663,1.66,-0.03,5.46,0.0010133035,0.1022727273,0.0641025641,-1.12,0.44,0.79,-0.0061848118,-0.62,0.0027225489,0.26,0.0199777651,0.0038025496,0.12,-1.97,0.0075551969,-2.02,0.53,4.01,0.43,-1.58,-0.0071841599,0.0277434169,0.03,0.0031215389,6.110404260571031e-06,S&P,-0.0020634027,0.0384615385,-0.19,-0.0068974111,-2.2015354745614525e-05,0.0227334287,-4.82,-0.0067126859,0.61,0.0025084213,-5.610950785505671e-05,0.0250647496,-1.93,0.19,-0.00015350918514806354,-0.71,0.0046223643,-0.0194118539,-1.68,0.6,-0.00013485808318932608,-0.0132206205,2.11,1.97,1.7,0.14,0.41,1.45,3.23,4.93,5.2,5.34
2015-12-15,2043.410034,-0.0561308115,1.0,0.0106185612,0.0047555599,-0.0194227671,0.002251387,-0.9779100083,-2.8164656785,-2.0694076066,-0.4763274359,2049.9141115,2059.17291201,2053.00277659,2043.11515708,2.28,9.458079199876263e-05,2.52,0.1,-0.00011901526605901599,0.16,0.0315957684,1.71,1.4,5.49,0.01243453,0.0103092784,0.0301204819,-0.2,1.34,-0.73,-0.0176920781,1.9,0.0005740617,0.25,0.0010881756,0.0087091842,0.21,0.54,-0.0006624927,3.04,0.53,4.0,1.24,0.44,-0.0016649797,0.0011096381,-0.58,0.0284736438,-1.3533094270458594e-05,S&P,0.0321428377,0.00011581751922398867,-2.52,0.0140609612,9.273602571642851e-05,0.0447192035,-3.8,0.0016295237,0.1,-0.0025172775,0.00015361657775424698,-0.0029295478,-1.54,0.61,3.0263871359332326e-05,0.23,0.0193832106,0.0306765572,3.15,0.86,0.0019828156,0.0244632718,2.07,2.03,1.75,0.04,0.32,1.49,3.21,4.96,5.24,5.28
2015-12-16,2073.070068,0.0647542,2.0,0.0145149693,0.0106185612,0.0047555599,-0.0194227671,1.2429099668,-0.3096855494,-0.7692077038,1.1036717803,2054.12428541,2060.49645068,2053.78972919,2043.4132159,2.3,-0.00016545774097282903,0.56,1.91,0.00011291116309856803,0.41,0.0022256459,1.75,-3.28,5.51,0.0155168205,0.0408163265,0.0233918129,1.15,1.3,0.57,0.0076929859,1.38,0.0003101256,0.27,0.0168478258,0.0151680804,0.2,3.48,0.0001092745,0.1,0.5,4.01,1.05,2.98,0.0200636641,0.026008145,-0.14,0.0216339038,-6.641709511168524e-05,S&P,0.0171188854,-0.0555555556,0.49,0.0153947428,-7.129324272446566e-05,-0.0035250913,-1.76,0.0048311753,-2.13,-0.0077173218,1.4247701862019503e-05,0.0016616581,2.91,-0.13,4.409376966294669e-05,2.13,0.0107558152,0.0018066217,0.23,1.24,0.02176781,0.007212003,2.1,2.03,1.8,0.07,0.3,1.5,3.21,5.01,5.24,5.31
2015-12-17,2041.890015,-0.0664574097,3.0,-0.0150405206,0.0145149693,0.0106185612,0.0047555599,-0.5038404614,-0.3771480352,-2.2490676475,-2.0008860442,2051.89987261,2058.72440918,2053.32307373,2043.39805967,2.24,5.4272552248557076e-05,0.99,0.4,-4.639382844970912e-05,-1.43,0.0114321925,1.73,-0.35,5.45,-0.0151151893,-0.0196078431,-0.0114285714,-1.98,-1.82,-1.45,-0.0211962734,-1.58,0.0019066811,0.23,-0.0076607873,-0.0135236288,0.18,-3.76,0.0044870487,2.78,0.47,3.94,-1.65,-3.31,0.0078728145,-0.0075765362,-0.81,-0.018510292,0.0001601047931072941,S&P,-0.0068038857,-0.0588235294,-1.31,-0.0118453801,-0.00010190283508001675,-0.0150347817,-1.96,0.0064762193,0.1,-0.0043732592,4.613852448204369e-05,0.0181480708,1.31,0.53,-0.00011650800790178624,-0.37,-0.0152969216,0.0256809323,1.14,-1.83,-0.0138799548,0.0068137999,2.06,2.01,1.77,0.05,0.29,1.51,3.21,4.98,5.22,5.27
2015-12-18,2005.550049,0.5443650792,4.0,-0.0177972201,-0.0150405206,0.0145149693,0.0106185612,-0.3389011969,-4.1181960247,-4.0457226496,-3.6367714134,2043.47263195,2053.6601844,2051.44962178,2043.02146255,2.19,9.018999228582192e-06,-0.71,-0.17,-6.115322483440621e-05,0.39,-0.0111768734,1.67,-0.49,5.44,-0.01433754,-0.03,-0.0346820809,1.37,-0.22,0.62,-0.027069223,-0.04,0.0016090851,0.19,-0.028186714,-0.0158858442,0.16,2.9,0.0097171864,-1.44,0.46,3.91,-0.32,2.77,-0.00532643,-0.0097070137,0.4,-0.0283644693,0.0002938843208979864,S&P,-0.0302866409,-0.0208333333,3.39,-0.0126303245,-1.3762583043858198e-05,-0.0087224219,0.68,-0.0001061545,0.46,-0.003224749,-3.7870767685455317e-06,-0.0002890816,-2.02,-0.22,-2.078049711244275e-06,0.17,-0.0163064648,-0.0120998541,-0.86,-0.04,-0.0088379054,-0.0082097662,2.03,2.0,1.73,0.03,0.3,1.53,3.25,4.98,5.25,5.28
2015-12-21,2021.150024,-0.437342419,-3.9395744069037244e-05,0.0077784022,-0.0177972201,-0.0150405206,0.0145149693,-0.0390672831,-2.6922560226,-2.8484717198,-3.2558336823,2039.41397596,2050.56397865,2050.26140226,2042.8038363,2.2,-9.327400313933187e-05,-1.23,-0.01,-6.103233900265469e-05,0.55,-0.012991669,1.67,-1.44,5.47,0.0055570453,-0.0103092784,6.486617697670444e-05,1.15,-0.73,0.25,0.0122607093,0.68,-0.0003398366,0.24,0.012931849,0.0093112123,0.13,1.71,0.0015800057,-0.57,0.5,3.93,-1.2,1.28,0.0016602257,0.0005571039,0.43,0.0177018473,2.5505789113517003e-05,S&P,0.004275869,0.085106383,1.24,0.0059945138,2.2119522215222097e-05,-0.0002587604,8.15,-0.0093915396,-1.44,-0.0014313837,-0.00012734471536732293,0.0177447471,-0.58,-0.07,-2.4506793600535136e-06,0.04,-0.0036291811,-0.0104090231,-1.52,-0.29,0.0039629787,-0.0029079534,2.07,1.96,1.7,0.11,0.37,1.54,3.27,4.97,5.23,5.34
2015-12-22,2038.969971,-0.0636707905,1.0,0.0088167364,0.0077784022,-0.0177972201,-0.0150405206,-0.2172869334,-1.193072071,-3.0276328,-2.2821979877,2039.33324779,2049.45978745,2049.81860103,2042.76568838,2.24,-0.00021850562098318723,0.48,0.15,-6.24785564811336e-05,0.62,0.0005323298,1.71,-0.66,5.5,0.0089164769,0.03125,0.0239520958,-0.56,1.04,0.65,-0.0009316966,1.04,-0.0001081666,0.21,0.0094837859,0.0064782571,0.19,0.01,0.0004158899,-0.59,0.46,3.97,1.04,-0.07,0.0017593799,-0.0020465997,0.37,0.0021360848,0.00017938827669973897,S&P,0.005923732,-0.0784313725,-1.5,0.0088229123,4.8009147177127875e-06,0.0050478901,-1.2,-0.0007749546,-1.57,-0.0007599824,-3.776921534048474e-05,0.002551884,0.16,-0.56,-5.30846579561309e-05,0.33,0.0111242073,-0.0008591855,0.03,0.61,0.0029605263,0.0080036281,2.05,2.03,1.78,0.02,0.27,1.53,3.26,5.04,5.29,5.31
2015-12-23,2064.290039,-0.0104434712,2.0,0.0124180681,0.0088167364,0.0077784022,-0.0177972201,-0.4235278458,0.8141180512,-0.7319017907,-1.1894777407,2043.87084619,2050.87219236,2050.38610841,2042.97986103,2.27,4.236809084409288e-06,2.79,1.3,-4.5842918370112514e-05,-0.18,0.0234104748,1.74,3.46,5.53,0.016205834,0.0202020202,0.0175438596,-0.19,0.83,-0.07,0.0128695138,0.86,-0.0003090808,0.2,0.0084914547,0.0089620733,0.19,-0.17,-0.0023509511,2.54,0.46,3.99,0.66,0.35,0.0096459058,0.0008293568,-0.42,0.0159866474,9.944116652616883e-05,S&P,0.0128818734,-2.1114076053923245e-05,0.67,0.0132988826,8.483685407609952e-05,0.0327108813,5.03,-0.0014520898,-0.42,-0.004935923,8.938067171890432e-05,-0.0042932582,1.02,0.42,4.443481980039921e-05,1.01,0.0075941876,0.0227757977,2.36,0.34,0.0150869465,0.0259571435,2.08,2.07,1.81,0.01,0.27,1.54,3.26,5.07,5.33,5.34
2015-12-30,2063.360107,-0.0686742722,2.0,-0.0072172286,0.0106297627,-0.0021785598,-0.0015986363,1.1961988821,0.9763127648,-0.0111447037,-1.8676504276,2055.78689606,2055.58251571,2052.53902603,2043.83696266,2.31,-6.756554057179755e-05,-0.43,-0.63,2.8224840977621962e-05,-0.39,-0.0051516427,1.8,-3.52,5.54,-0.0078366808,-0.0091743119,-0.0055248619,-0.71,-0.88,-0.14,-0.0130586539,-1.43,-0.0006019726,0.21,-0.0042439965,-0.0082400818,0.08,-0.74,-0.0043184108,-0.68,0.46,4.03,-0.73,-0.57,-0.0053395811,-0.0070607724,0.14,-0.0071567616,-1.9478524303325363e-06,S&P,-0.0072346173,-0.06,0.56,-0.0093751119,0.00014766795963316867,-0.0132643121,-6.66,0.001487337,-1.31,-0.0048173664,-0.00011651643811802724,0.0025646941,0.26,-0.43,-0.00010312451058852522,-0.8,-0.002403153,-0.0107853016,-0.53,-0.95,-0.0073530049,-0.0064137078,2.23,2.1,1.85,0.13,0.38,1.51,3.23,5.08,5.33,5.46
2016-01-05,2016.709961,-0.1389725149,1.0,0.0020122261,-0.015303731,-0.0094119131,-0.0072172286,-1.9348426453,0.5564514336,0.2156644161,-3.5846603519,2040.8245041,2047.27416104,2049.32012226,2043.26091517,2.25,4.285026658688977e-05,0.83,0.08,-0.00012735312123323978,-0.7,0.0033565186,1.73,-2.15,5.5,0.0026495868,0.0196078431,9.145743597306646e-05,0.28,0.14,-0.42,-0.025059317,0.17,0.0064315129,0.2,0.0045620439,-0.0023780245,0.2,3.03,0.0050344405,0.21,0.48,4.02,-0.02,0.72,-0.0064893171,-0.0050236457,-0.77,0.0017290318,-4.833347756454637e-05,S&P,-0.0003780193,4.3418986304097195e-05,0.82,0.0016416319,-6.53018151913369e-05,0.0085205785,-0.39,-0.0070151027,0.65,-0.0015600095,-0.00012502031249895804,-0.0025929763,-0.11,0.64,3.7336610864538027e-05,0.6,0.0041799262,0.0025924377,0.33,-0.46,0.0009769131,0.0071881534,2.05,2.05,1.77,2.8485730425339014e-05,0.28,1.48,3.25,5.02,5.3,5.3
2016-01-06,1990.26001,0.1699769601,2.0,-0.0131153966,0.0020122261,-0.015303731,-0.0094119131,-4.2389235967,-1.528338502,-1.5668087047,-4.1794477393,2031.63095972,2041.84424189,2047.00403942,2042.73354298,2.18,4.5135231768749274e-05,-0.99,-1.32,-0.00010792591011097391,-0.98,-0.0125968114,1.65,-6.01,5.44,-0.0159352667,-0.0480769231,-0.0462427746,1.56,-1.28,-1.24,-0.0195696818,-1.51,-0.0019768903,0.21,-0.0181653046,-0.0113812133,0.21,-1.95,0.0035667382,-0.65,0.46,3.94,-1.42,0.21,-0.0098123034,-0.0017986305,0.31,-0.0144358858,0.0001930173297566028,S&P,-0.0190962,-0.0408163265,-0.38,-0.0144716931,-3.223097629508063e-05,-0.0083205578,-2.49,-0.0030552872,0.27,-0.0027293548,9.47119581378951e-05,0.0225473442,-0.98,-0.11,1.1154714693975337e-05,-0.4,-0.005054539,-0.0093190252,-1.28,-0.83,-0.0159401431,-0.0103956676,1.97,1.97,1.72,6.611708806437123e-05,0.25,1.5,3.26,4.98,5.23,5.23
2016-01-07,1943.089966,0.1706220917,3.0,-0.023700443,-0.0131153966,0.0020122261,-0.015303731,-5.8288488079,-4.7023745501,-4.909443838,-5.8393439037,2015.53259723,2032.43907276,2042.92897772,2041.7420646,2.16,0.00014024506394671923,-1.95,-2.45,-3.197286485893109e-05,-0.18,-0.0171611758,1.61,-1.4,5.44,-0.0220747983,-0.0303030303,-0.0242424242,1.35,-2.67,-0.86,-0.0422045693,-3.06,0.0052514395,0.2,-0.0347826278,-0.0302598965,0.2,2.71,0.0059782609,-2.4,0.45,3.95,-2.49,2.14,-0.0308601377,-0.0390579642,1.44,-0.0404394358,1.3209389410000383e-05,S&P,-0.028527351,-0.0212765957,-3.12,-0.0272303235,1.5771043262757307e-07,-0.0160061699,5.07,-0.0041308795,1.24,-0.002998513,1.2941712248052212e-05,-0.0704489591,-2.86,-1.4,6.492292135776262e-06,-1.25,-0.0116545275,-0.0229263241,-1.7,-3.54,-0.0423140826,-0.0196430016,1.96,1.96,1.71,-0.00013784608503051064,0.25,1.49,3.28,4.99,5.24,5.24
2016-01-08,1922.030029,-0.0810878956,4.0,-0.0108383746,-0.023700443,-0.0131153966,0.0020122261,-5.9644566631,-6.891473936,-7.2858144706,-6.133460618,1998.53213028,2021.92392574,2038.18784248,2040.55090007,2.13,1.2574294911448456e-05,-0.37,0.25,0.00014834663319445322,-1.22,-0.015855352,1.57,-0.59,5.44,-0.0126057096,-0.0208333333,-0.0248447205,-0.45,-1.11,-0.83,0.0052877347,-1.57,0.0055295034,0.2,0.0030669735,-0.0097667075,0.2,-2.98,0.0024453354,-1.14,0.44,3.95,-1.12,-2.52,0.005919888,-0.0014639833,-0.04,-0.0223992368,-0.00013518718563780492,S&P,-0.0166666858,-0.0217391304,0.1,-0.0172557896,-6.650734092855141e-05,-0.0202020325,3.78,-0.0090211617,2.14,-0.0002050589,-0.00014306361227805982,0.0196512376,0.17,0.17,-4.5355061424158696e-05,0.56,-0.0106832996,-0.0130773278,-1.59,-0.65,-0.0179495346,-0.0070036102,1.93,1.93,1.69,-0.0001409525537759205,0.24,1.49,3.31,5.0,5.24,5.24
2016-01-11,1923.670044,-0.0123581439,3.2574330062968e-05,0.0008532723,-0.0108383746,-0.023700443,-0.0131153966,-4.4215112586,-6.6628147961,-5.7897325582,-6.2644020043,1984.92084186,2012.56641319,2033.69694842,2039.38790648,2.17,6.315295219772683e-05,-0.71,-2.24,6.047821513862063e-05,0.21,-0.0048501839,1.58,-5.96,5.47,-0.0001164237,0.00010564326675666048,0.0063694268,-0.9,0.14,0.62,0.0161922444,0.46,0.0005468714,0.21,-0.0005733422,-0.0012144915,0.19,-0.65,0.005814778,-0.03,0.47,3.99,0.32,-0.65,-0.0276336622,0.0176097557,-0.66,-0.0015274271,0.00018808686926462758,S&P,0.0106940878,0.0666666667,-2.43,-0.0041100432,0.00013724600618597534,-0.0133886728,-3.07,-0.0039135528,-1.93,-0.0069720666,6.395704586918822e-05,-0.0532599052,1.6,0.69,-0.0001503495211692034,-0.88,-0.0060106355,-0.0024640769,-0.47,0.27,0.0045693847,-0.0068669403,1.98,1.96,1.7,0.02,0.28,1.48,3.3,5.0,5.26,5.28
2016-01-12,1938.680054,0.0607667414,1.0,0.0078027986,0.0008532723,-0.0108383746,-0.023700443,-3.8691685224,-5.7291488451,-3.3342471325,-3.661848526,1976.51342589,2005.52961708,2029.9707957,2038.38583829,2.12,1.7323866757064725e-05,0.76,-1.22,-4.911511226373117e-05,-0.34,0.0153057598,1.55,-2.19,5.41,0.005128161,-0.0106382979,-0.0189873418,-0.66,0.56,-0.14,0.0145133463,-0.12,-0.004099294,0.21,0.0091778204,0.0103341503,0.22,-0.83,0.002679075,1.39,0.46,3.92,0.47,-0.43,-0.0088865542,0.0002428611,-0.03,0.0022097059,-4.022922861251477e-05,S&P,0.0253543821,-0.0208333333,-0.76,0.0026873279,-5.712550697313382e-05,0.0204911787,-5.8,0.0048684659,2.61,0.0013087816,2.1127183910486652e-05,0.0020409632,-1.88,0.02,4.594549049175883e-06,-0.58,0.0068668443,0.0163214481,1.54,0.93,0.0020993352,0.0097756041,1.9,1.91,1.66,-0.01,0.24,1.49,3.29,4.95,5.2,5.19
2016-01-13,1890.280029,0.0408756645,2.0,-0.0249654526,0.0078027986,0.0008532723,-0.0108383746,-5.0234632911,-9.049446117,-6.4750262695,-6.5115639357,1960.83462645,1994.55346583,2024.49272641,2036.91214865,2.08,-7.306308601620115e-05,0.29,1.83,-0.00016827036891176356,-0.37,0.0030122617,1.51,-1.78,5.36,-0.0211234427,-0.0215053763,-0.0258064516,0.59,-2.26,-0.43,-0.0257102844,-2.88,0.0004573519,0.22,-0.021599091,-0.034114937,0.22,2.95,0.0023203488,-0.45,0.45,3.89,-1.88,2.46,0.0113191869,-0.0583922966,0.18,-0.0274762386,0.00022645222522872196,S&P,-0.031736779,-0.0212765957,-0.15,-0.0330333595,0.00012469843063058197,0.0059841093,0.53,0.0015299617,-0.73,-0.0074058184,-0.00012527500426834956,-0.0242366943,3.57,0.4,-6.302900120507453e-05,1.78,-0.0124185772,-0.0024505432,0.3,-3.18,-0.013966446,0.0053632537,1.86,1.86,1.63,8.265960654941994e-05,0.23,1.47,3.28,4.91,5.14,5.14
2016-01-14,1921.839966,0.0302887933,3.0,0.0166959056,-0.0249654526,0.0078027986,0.0008532723,-1.0936189457,-6.8587223587,-5.7445674368,-5.9493721758,1953.74468819,1987.62837061,2020.46712797,2035.76715181,2.1,5.722255839166911e-06,-0.26,-1.24,0.00010851171641962144,-0.63,-0.0179988354,1.52,2.38,5.46,0.0151819754,-0.010989011,0.0066225166,-1.42,1.75,0.42,0.0218708083,1.35,0.0004419048,0.25,0.0284663445,0.0196506321,0.22,-2.81,0.0067344791,-1.33,0.42,3.96,1.4,-2.05,-0.0058927216,0.0192330865,-0.11,0.0149982735,0.00017989738037720309,S&P,0.0182987935,-0.0652173913,1.08,0.0153238915,-0.0001310095648943501,0.0458691462,-5.73,-0.0034371467,-1.88,-0.0019589561,-4.2394078530108036e-05,0.0196813339,-2.2,-0.11,8.452132597619803e-05,-0.6,0.0192743976,-0.0167413348,-1.79,1.96,0.0290367918,-0.0071799706,1.88,1.85,1.68,0.03,0.2,1.5,3.36,5.04,5.21,5.24
2016-01-15,1880.329956,0.0433782157,4.0,-0.0215990981,0.0166959056,-0.0249654526,0.0078027986,-2.1695848853,-8.0046375981,-8.9115424444,-9.2973274264,1940.39655506,1977.40947398,2014.97155259,2034.22051304,2.03,-0.00012464930521586582,-2.4,-1.73,-0.00011842681584017159,-0.11,-0.02381929,1.46,-6.74,5.41,-0.0227949932,-0.0555555556,-0.0394736842,1.03,-2.06,-1.66,-0.024015274,-1.43,0.0022542419,0.23,-0.0399171335,-0.0274279692,0.19,1.08,-0.000445962,-3.14,0.36,3.99,-2.27,0.58,-0.0149686878,-0.0384823052,0.48,-0.0199312711,7.561253740918018e-05,S&P,-0.0359399494,-0.1395348837,-1.57,-0.017500826,0.00016050915703995038,-0.0194641171,-1.82,0.0066255055,0.96,0.0013270424,1.501268231320711e-05,-0.0354692179,-0.92,-0.26,-0.00013633338537840688,-1.74,-0.0191121349,-0.0254161299,-2.55,-2.74,-0.0196145568,-0.0192795264,1.84,1.8,1.67,0.04,0.17,1.42,3.38,5.05,5.18,5.22
2016-01-19,1881.329956,-0.098768209,1.0,0.0005318216,-0.0215990981,0.0166959056,-0.0249654526,-2.2010057355,-6.5251992776,-8.7171715958,-7.863305948,1929.65717342,1968.2590437,2009.73070567,2032.69921397,2.06,5.355729551025601e-05,1.53,1.82,-1.2393723934913989e-05,-0.65,0.0147499401,1.49,0.74,5.41,0.0002279789,0.0352941176,0.0205479452,-0.16,-0.07,0.61,-0.0048388038,-1.57,-0.001717273,0.26,-0.0084330454,-0.0025554042,0.2,1.51,0.0139355576,1.38,0.37,4.0,-0.07,0.43,0.0058932623,0.0075414554,0.16,-0.0005259993,-0.00019670398475261954,S&P,-0.0124948996,-2.3267730545328668e-05,0.53,-0.0127515345,6.0332764975654e-05,-0.0152101053,-0.64,-0.006928758,0.21,-0.0120578633,1.9827311807450334e-05,0.0368046012,1.19,-0.19,3.204459722721854e-05,0.59,0.0051546392,0.0124606675,1.96,0.15,-6.270265790591754e-05,0.0125255777,1.86,1.8,1.69,0.06,0.17,1.41,3.35,5.04,5.15,5.21
2016-01-20,1859.329956,0.3018697942,2.0,-0.0116938552,0.0005318216,-0.0215990981,0.0166959056,-4.0929960483,-7.8037996561,-9.5876510576,-7.2907725775,1916.87040661,1957.88484487,2003.83263705,2030.97414672,2.01,0.00010158669736779043,-3.63,-3.94,-1.2588780132001066e-05,0.33,-0.0344804808,1.44,-3.06,5.41,-0.0155777722,-0.0340909091,-0.033557047,1.28,-0.96,4.87396674879391e-05,0.0013448892,0.85,-4.56697468374e-05,0.26,0.0045490505,-0.0011749637,0.26,0.35,0.0012857094,-3.08,0.34,4.05,-1.23,1.0,-0.038170554,-0.0047172401,-0.16,-0.0263111744,0.00013505552970656667,S&P,-0.0070524789,-0.0540540541,-0.91,0.0044628977,2.2013686754613315e-05,-0.0421466219,1.29,0.0015419392,-0.58,-0.0049638185,-4.160947551719939e-05,-0.0103216808,-4.34,0.12,9.068376289797385e-06,-2.95,-0.0179487179,-0.0282040968,-3.45,-0.28,-0.0171990172,-0.0345765916,1.75,1.75,1.67,-7.062805501788635e-05,0.08,1.36,3.4,5.07,5.15,5.15
2016-01-21,1868.98999,-0.2084235365,3.0,0.0051954383,-0.0116938552,0.0005318216,-0.0215990981,-1.1262902149,-6.0931747305,-10.0738133057,-7.5283888971,1908.16487632,1949.41866821,1998.54469011,2029.36236407,2.02,-5.871902342107159e-05,1.91,-0.51,-7.372986713457999e-05,1.52,0.0197456219,1.44,4.91,5.47,0.0076151238,-0.0117647059,-0.0001620979818186099,0.05,0.32,1.32,-0.0050624857,-0.62,-3.0447888439e-05,0.28,-0.0061035833,8.27691554835e-05,0.27,-0.47,-0.0060563612,2.27,0.37,4.06,0.45,-0.49,-0.0182222233,0.0056841035,-0.16,-0.0046838049,-0.0002029615974785707,S&P,0.0029245666,0.0857142857,1.89,-0.0019713312,-1.1288731482139423e-05,0.0125717136,0.94,-0.0036660485,0.8,0.0011359157,-9.638564515705164e-05,-0.0323218158,-1.96,0.28,9.634046574175022e-05,0.54,0.0019843551,0.0194343602,1.98,-0.07,0.0210714286,0.0176606926,1.75,1.74,1.65,0.01,0.1,1.41,3.45,5.1,5.19,5.2
2016-01-22,1906.900024,-0.0348605284,4.0,0.0202837009,0.0051954383,-0.0116938552,0.0005318216,-0.7773770066,-1.8624944101,-7.5827812348,-6.477287497,1907.93490317,1945.36927353,1994.95078164,2028.14383332,2.07,3.801848259785627e-05,2.57,1.81,-0.00018006912187349295,-0.54,0.0309742397,1.49,10.02,5.49,0.02171336,0.0476190476,0.0347222222,-0.3,2.06,0.07,0.0531671323,2.37,0.0002435905,0.3,0.0358558043,0.02663652,0.25,-0.36,-0.0141070812,2.33,0.4,4.02,1.37,-0.43,0.0290343549,0.0371465067,-0.71,0.0307692489,0.00019523233045748529,S&P,0.0210373264,0.0789473684,0.25,0.0233821419,3.827662829327438e-05,0.0333333612,0.05,0.0067444207,-1.6224042587250555e-05,0.0019917597,-2.8656178115957084e-05,0.0125257088,5.44,0.86,0.00010088260437625381,2.13,0.0084427557,0.0199202566,3.1,2.84,-0.0122420427,0.0218573902,1.82,1.77,1.67,0.05,0.15,1.47,3.42,5.09,5.19,5.24
2016-01-25,1877.079956,-0.1020817013,7.689463146718761e-05,-0.0156379819,0.0202837009,0.0051954383,-0.0116938552,-0.1728420052,-2.3386769365,-8.1636442272,-9.0689815609,1902.32491278,1938.865529,1990.32839632,2026.64071017,2.03,-7.120892672163971e-05,-0.64,0.77,-2.3307012646866985e-05,-0.63,-0.0058477464,1.47,-5.22,5.47,-0.0173885101,0.0001037865410228223,-0.0134228188,0.89,-1.53,-0.69,-0.0195227375,-2.0,-0.0001369863,0.31,-0.0095620576,-0.0158325178,0.24,1.35,-0.009123525,-0.58,0.42,4.04,-1.21,1.5,0.0136071238,0.0002515577,0.48,-0.0226514658,-0.00010047020556830446,S&P,-0.027743778,0.0243902439,-0.1,-0.0228185474,-2.3265387234442955e-05,-0.0338252188,0.89,0.005495022,1.21,0.0023385474,-3.945017830355111e-05,0.0075269721,1.84,-0.32,0.000135597969036243,0.65,-0.0036175504,-0.0029421245,-0.58,-1.43,-0.0070821176,-0.0038983051,1.79,1.72,1.61,0.07,0.18,1.43,3.44,5.05,5.16,5.23
2016-01-26,1903.630005,-0.0098696318,1.0,0.0141443357,-0.0156379819,0.0202837009,0.0051954383,1.1853342859,-1.0417607252,-5.417210416,-7.6351649335,1902.56220227,1935.50976481,1986.9284594,2025.41672305,2.01,7.302589931806452e-06,0.76,-1.75,-6.172098060069992e-05,0.71,0.0105489443,1.45,4.26,5.47,0.0179337464,-0.0340909091,-0.0136054422,1.13,1.38,0.72,0.0055309331,1.96,4.56683563959e-05,0.31,0.0073372657,0.0108840974,0.29,2.13,0.0109896327,1.02,0.44,4.03,1.61,1.83,-0.0247847135,0.0079123779,0.2,0.0255120733,7.225462350778656e-05,S&P,0.0125891313,0.0714285714,1.9,0.0206542969,-8.145730631568873e-05,0.0367666111,1.02,-0.0029012077,0.83,-0.0011963492,0.00016970144030089944,-0.0642263143,-3.03,0.41,-2.887786306444961e-05,-1.47,0.0495850405,0.0088946458,1.09,0.96,0.0096290296,0.005870342,1.72,1.7,1.57,0.02,0.15,1.44,3.46,5.03,5.16,5.18
2016-01-27,1882.949951,0.090891568,2.0,-0.0108634839,0.0141443357,-0.0156379819,0.0202837009,1.2703498335,-2.8746415833,-6.6325853785,-8.4390979334,1898.9963384,1930.50406826,1982.85087084,2023.99914323,2.02,3.105420436137774e-05,0.83,0.58,0.00016270997820579187,-1.03,0.0054052859,1.43,4.09,5.48,-0.0058680063,-0.0117647059,-0.0137931034,0.45,-1.11,0.3,-0.065706572,-1.54,0.0004718848,0.32,-0.0182096423,-0.0217835355,0.27,-0.58,-0.0124510353,0.22,0.42,4.07,-1.34,-0.14,0.0101612037,-0.0297713497,0.2,-0.0007007883,7.811414334420298e-06,S&P,0.0064235809,-0.0444444444,1.43,-0.0149512966,-5.3973041492605914e-05,-0.0183832602,0.41,0.0012856515,-1.8,0.0070280187,1.8375937831593437e-05,-0.005173789,3.06,-0.19,-0.00012466263303531803,1.38,0.0096857482,0.0059118183,0.54,-2.36,-0.0109501593,0.0133468497,1.75,1.7,1.6,0.05,0.15,1.41,3.46,5.06,5.16,5.21
2016-01-28,1893.359985,-0.0128375024,3.0,0.0055285771,-0.0108634839,0.0141443357,-0.0156379819,1.303912548,0.1629364937,-4.8687118524,-8.9012544735,1897.97154688,1926.96653652,1979.34142433,2022.69925111,2.0,-3.789489895379786e-05,-0.59,0.45,-8.98679914425936e-05,0.75,-0.0132865127,1.4,2.39,5.48,0.002561375,-0.0119047619,-0.020979021,-0.93,0.31,0.84,0.0071718905,-0.13,-0.0007151008,0.34,0.0163998435,0.008618798,0.25,-1.68,-0.0016432923,-2.37,0.44,4.07,0.76,-1.59,0.0075255867,0.0891403139,0.42,0.0042075385,-0.00011847450549641541,S&P,0.0072060531,0.0465116279,-0.68,0.0005185939,0.00011329241947463959,0.0225793197,-0.32,0.0007349721,-0.89,-0.0065550729,8.920843127399544e-05,-0.0292069161,-0.64,-0.15,-6.019734074438168e-06,0.02,0.0010766738,-0.0244140123,-1.31,0.65,0.0074999643,-0.0097823347,1.75,1.66,1.56,0.09,0.19,1.41,3.48,5.04,5.14,5.23
2016-01-29,1940.23999,0.1714379471,4.0,0.0247602175,0.0055285771,-0.0108634839,0.0141443357,1.7483856301,0.9574170756,-0.1466723646,-5.9669718622,1905.65671835,1928.23067494,1977.80803475,2021.87876095,1.94,-6.76744565529331e-05,2.19,3.29,-7.709553208807422e-05,0.05,0.0219473274,1.33,2.51,5.42,0.0249963188,-0.0843373494,-0.05,0.26,2.62,-4.7693719371901754e-05,0.034541398,3.43,-0.0003958708,0.32,0.0582020542,0.0238024477,0.21,0.09,-0.0042923631,1.38,0.42,4.05,2.4,0.07,0.0253846432,-0.0760997526,-0.93,0.0387570014,5.7420194169551954e-05,S&P,0.0267784557,-0.0444444444,0.73,0.0320053269,-5.851213903579516e-05,0.0111702821,5.32,0.0039082359,1.54,0.0079282367,-1.396487113702824e-05,0.0308545452,3.4,0.95,1.7288885735346363e-05,0.56,0.0212183931,0.0164447358,2.2,2.63,0.0315491326,0.0256246005,1.73,1.62,1.52,0.11,0.21,1.37,3.48,5.0,5.1,5.21
2016-02-01,1939.380005,-0.2137380697,4.53758405359907e-05,-0.0004432364,0.0247602175,0.0055285771,-0.0108634839,3.3189874944,3.1404088847,0.9026901629,-5.1156070637,1911.78822502,1929.2925159,1976.30105319,2021.0578778,1.97,0.00013917252263232825,-0.07,-1.29,0.00012367847971883893,0.99,-0.0055897283,1.38,-1.44,5.46,-0.0016620226,0.0657894737,0.037593985,0.97,0.06,0.41,-0.009348634,-0.57,0.0001370865,0.35,-0.0068978217,0.0013914155,0.17,0.55,-0.0043821209,-0.17,0.46,4.08,-0.1,0.56,-0.0044509926,-0.0207666133,0.47,-0.0107562857,5.793119075725406e-05,S&P,-0.0057734621,0.0930232558,-0.63,-0.002887819,-2.8927389970357814e-05,-0.0200384976,-6.35,0.0202639872,-0.78,-0.0080775433,-0.00015860577326890974,-0.0178061412,1.3,-0.33,-9.25543030916248e-05,0.52,-0.0006702317,-0.0041059416,-0.45,0.67,-0.0158075945,-0.0038955435,1.8,1.62,1.51,0.18,0.29,1.38,3.49,5.0,5.11,5.29
2016-02-02,1903.030029,0.0325411275,1.0,-0.018743091,-0.0004432364,0.0247602175,0.0055285771,-0.0315174692,1.1534432294,-1.0729498577,-5.4470205175,1910.19582574,1926.79132667,1973.4276797,2019.88347135,1.87,-5.31961813302719e-05,-2.34,-0.14,5.065199589156685e-05,-0.5,-0.0246656882,1.28,-4.44,5.36,-0.0210997909,-0.0740740741,-0.0724637681,0.02,-1.75,-1.05,-0.0202218915,-1.84,0.000350284,0.34,-0.0312556942,-0.0223834713,0.26,-0.37,-0.0016317417,-1.82,0.46,4.01,-1.52,-0.21,-0.0075864436,-0.0395087456,0.28,-0.0310907572,-1.4010655833091052e-05,S&P,-0.0222266124,3.3432961689470355e-05,0.05,-0.022811135,8.229984109432753e-05,-0.0222834576,-5.9,-0.0041206528,-0.05,0.0127684695,-7.4327594731647175e-06,0.0225806473,-0.5,-0.12,0.00015043030329505173,-0.69,-0.0091980356,-0.0181227732,-2.46,-2.32,-0.013966446,-0.0227884186,1.61,1.53,1.41,0.08,0.2,1.35,3.49,4.9,5.02,5.1
2016-02-03,1912.530029,0.1590252712,2.0,0.0049920389,-0.018743091,-0.0004432364,0.0247602175,1.570943401,2.8612497114,-1.3488571746,-5.1658361398,1910.62022633,1925.43310785,1971.03953653,2018.81527789,1.88,0.00011415155423540647,-1.29,-2.39,-9.13489385813657e-05,2.35,-0.013312419,1.27,7.09,5.4,0.0086500519,-0.04,-0.0078125,1.22,0.58,1.83,0.0197924951,0.02,0.0002131417,0.33,-0.0158490566,-0.0028138369,0.27,3.11,0.0078853047,-1.33,0.45,4.06,1.07,2.59,-0.0234099732,-0.0380908711,1.69,0.0066631774,2.9934341330766887e-06,S&P,-0.0251895136,-0.0212765957,1.95,0.001447168,-3.3086764035151542e-06,0.0521518596,0.64,-0.0081429413,0.95,-0.0012967903,-0.0001888993886674203,-0.0037544044,-3.49,-1.41,0.00012535349733336387,-1.29,0.00705923,-0.0152613626,-1.32,-0.49,0.0152266289,-0.0143363563,1.61,1.55,1.43,0.06,0.18,1.34,3.52,4.95,5.07,5.13
2016-02-04,1915.449951,0.0039377918,3.0,0.0015267326,0.0049920389,-0.018743091,-0.0004432364,1.1667071331,2.4858325218,1.3315446185,-3.7588083278,1911.49835809,1924.482331,1968.85955279,2017.78676718,1.87,-9.41675829482825e-05,1.11,0.94,0.00012322674551486115,0.84,0.0003713837,1.25,-1.66,5.4,0.0041178246,-0.0277777778,-0.0157480315,1.12,-0.04,0.47,0.0025947069,0.25,-0.0004261926,0.29,-0.0030674847,0.0011810704,0.24,0.79,-0.0189046942,-0.43,0.42,4.0,0.4,1.36,0.0100834107,0.0097727285,0.94,0.0172444173,-2.1864880713043224e-05,S&P,0.0136555048,-0.0652173913,1.72,0.0044442146,7.904721914947736e-05,0.0172018215,-3.24,-0.0144840472,-1.51,0.0122518776,3.554542997622448e-05,0.015250862,-0.52,-1.09,0.00011489734310571044,2.05,-0.0023045612,-0.0043943562,0.02,-0.38,0.0177886292,0.0105702671,1.63,1.58,1.45,0.05,0.18,1.4,3.53,4.98,5.11,5.16
2016-02-05,1880.050049,-0.0507151495,4.0,-0.0184812461,0.0015267326,0.0049920389,-0.018743091,-3.1021905182,-1.4080431413,-2.1744743443,-3.2443128266,1905.78048371,1920.2506851,1965.37682715,2016.41625257,1.86,-0.00015396571921161208,-0.98,0.82,4.1719627672996876e-05,-1.37,-0.006588546,1.25,-1.16,5.38,-0.0151011975,0.0571428571,5.218981941073242e-05,1.55,-1.7,-1.82,-0.0267080854,-2.45,-0.0018577737,0.29,-0.0353846154,-0.0324687819,0.22,-0.49,-0.0028272752,-1.36,0.44,3.98,-1.21,0.81,0.0054777452,-0.0636445089,-0.44,-0.0111301709,-0.00010381922328830702,S&P,-0.0080828808,0.0465116279,-1.32,-0.0287448473,-3.5333599451137275e-06,0.0031316547,4.61,-0.0106163729,-1.27,-0.0003201753,-0.00013181140757874266,-0.0063037977,-2.05,-0.23,-0.0001341418940570353,0.17,-0.0323387963,-0.0114048518,-0.65,-3.22,-0.0219327964,-0.0085949191,1.64,1.57,1.42,0.07,0.22,1.4,3.52,4.94,5.09,5.16
2016-02-17,1926.819946,0.0964563182,2.0,0.0164804391,0.0165166543,0.0195180494,-0.0123011616,4.0281602286,1.2501072835,1.2181958122,2.4179697907,1884.64074876,1896.21145303,1941.97322287,2006.39187073,1.81,5.487416334551811e-05,2.95,-1.18,1.934597350455056e-05,0.82,0.0298759942,1.26,7.21,5.43,0.0167343045,-0.00011527353039668281,0.0243902439,0.73,1.8,1.03,0.0153146111,1.85,0.003191391,0.3,0.0260324525,0.0221147393,0.28,1.42,0.0031327097,2.98,0.42,4.05,1.75,0.39,-0.0103288849,0.0249472282,-0.14,0.007197978,-5.369992809010802e-05,S&P,-0.002280286,0.0238095238,1.22,0.0153946748,-2.567128976273124e-07,0.0096035335,2.05,-0.0021168017,0.97,-0.0107419349,-3.667112208055265e-05,0.0108464923,-1.87,0.37,3.374672417115633e-05,0.19,0.0017591869,0.0265021001,2.99,2.54,0.0166319814,0.0286751739,1.53,1.51,1.39,0.02,0.14,1.38,3.62,5.01,5.13,5.15
2016-02-18,1917.829956,-0.1147451682,3.0,-0.0046657136,0.0164804391,0.0165166543,0.0195180494,3.5623627885,0.2771160149,1.8524127517,3.1462947075,1890.67515007,1898.27035808,1941.02642809,2005.51065764,1.75,-7.391294741128299e-05,-0.47,1.99,9.74864440395175e-05,0.15,0.0014856727,1.21,-0.64,5.37,-0.0028639322,-0.0405405405,-0.0396825397,1.92,-0.33,-0.39,-0.0189563896,-0.49,0.0017519864,0.3,-0.0043876194,-0.0102601243,0.28,-0.74,-0.0135447018,0.85,0.44,4.01,-0.13,0.78,0.0231714516,-0.0170379637,-0.19,-0.0163348477,8.8161978955743e-06,S&P,-0.0083108455,0.0465116279,-0.14,-0.0063493151,3.489401928047724e-05,0.0054877683,-4.63,0.0017531294,-1.39,-0.001556918,-5.409798904628558e-05,-0.0015501574,3.18,0.05,-9.671136491184479e-05,0.9,0.0169755902,0.0092169939,0.15,-0.99,-0.0088616224,-0.009667812,1.47,1.45,1.31,0.02,0.16,1.36,3.62,4.93,5.07,5.09
2016-02-19,1917.780029,-0.066187459,4.0,-2.60330692216e-05,-0.0046657136,0.0164804391,0.0165166543,4.8494366093,0.1216465092,1.2897729007,2.6105029594,1895.60330988,1900.12842197,1940.1148046,2004.63771607,1.76,-4.355424474307518e-05,-0.54,0.2,-8.072960700509725e-05,-0.17,-0.0039435553,1.24,-3.7,5.32,-0.0020011096,0.0704225352,0.0247933884,-0.34,-0.1,-0.1,-0.0022854872,0.41,-0.0014574352,0.3,-0.0070894617,0.0037637852,0.26,-0.38,0.0044233553,-0.99,0.45,3.96,-0.2,-0.32,-0.004006598,0.0188571886,0.24,0.0001729632,1.3858383171683822e-05,S&P,0.0075424261,0.0222222222,0.19,0.005275142,-5.224756313682876e-05,0.0006064645,-2.59,-0.009012942,-0.11,0.0036123328,0.0001803076450482746,-0.0010032055,-1.6,-0.26,-0.00011068495696353443,0.11,-0.0007674022,-0.0079873966,-0.96,0.14,-0.0020632737,-0.0036503357,1.5,1.46,1.31,0.04,0.19,1.36,3.56,4.87,5.02,5.06
2016-02-22,1945.5,-0.0212752091,9.572573143509517e-05,0.0144541973,-2.60330692216e-05,-0.0046657136,0.0164804391,4.3286591311,3.4812876942,0.2711009992,2.0242265202,1904.67543535,1904.44952464,1940.32598873,2004.04928108,1.77,7.558457461913035e-05,1.67,0.74,-0.0001417895353681612,1.03,0.0179160404,1.25,5.09,5.34,0.0137424523,0.0263157895,0.0080645161,-1.58,1.14,1.08,0.0087463139,1.06,0.0005530973,0.33,0.0160170205,0.0146921329,0.27,-1.02,0.0037196369,2.23,0.45,3.97,1.11,-1.11,0.009260317,0.0459898577,-0.94,0.0129712902,-0.0001610904356803033,S&P,0.0228737575,5.129278499915967e-05,1.83,0.0116137265,2.2582788419255177e-05,-0.0013333455,0.94,-0.0067196645,0.43,-0.0046932929,0.00017197723257805184,0.0234802657,0.56,0.96,8.949709297786685e-06,0.38,0.0056643239,0.0197634272,2.34,1.29,0.0134390076,0.0147053876,1.5,1.44,1.32,0.06,0.18,1.37,3.57,4.89,5.01,5.07
2016-02-23,1921.27002,-0.0404615866,1.0,-0.0124543716,0.0144541973,-2.60330692216e-05,-0.0046657136,1.355261429,3.659685836,-0.9338028109,2.3541918851,1907.69263256,1906.05147658,1939.57869584,2003.22560684,1.74,-2.0742421778509348e-05,-1.39,-0.31,1.1602750264816882e-05,-0.85,-0.014022907,1.23,-4.09,5.32,-0.0126867654,-0.0256410256,-0.016,1.55,-1.05,-0.33,-0.022605234,-0.71,-9.2131932928e-05,0.32,-0.0279202648,-0.0146653919,0.28,0.37,-0.0062368555,-1.54,0.46,3.93,-0.86,0.79,-0.0025334114,-0.0117247507,-0.08,-0.0418303056,-0.00013504153215781748,S&P,-0.0221589962,0.0217391304,-0.43,-0.0093859163,6.164708870175037e-05,-0.0140793302,-2.14,0.0042848902,-1.72,-0.0082630319,-8.350675729658316e-05,-0.0081457356,0.19,-0.86,5.230099394271243e-05,0.11,-0.0063961623,-0.016380513,-1.4,-1.32,-0.0064604216,-0.0124882633,1.46,1.42,1.28,0.04,0.18,1.39,3.58,4.86,5.0,5.04
2016-02-24,1929.800049,0.1096474882,2.0,0.0044397867,-0.0124543716,0.0144541973,-2.60330692216e-05,0.1546643217,4.1890546771,1.4067050752,1.3747442482,1911.71216282,1908.31324538,1939.19521949,2002.49500428,1.75,0.00012580472305071647,-1.63,-1.35,6.86943204693825e-05,0.24,-0.0196016628,1.21,3.43,5.31,0.001237582,-0.0131578947,-0.0162601626,0.15,0.74,-0.08,0.0148906534,1.21,0.0008139071,0.33,0.0035170184,0.0086663908,0.28,0.37,0.0068598117,-2.92,0.45,3.91,0.47,-0.39,-0.0114515893,0.0019893225,-0.06,0.0003563792,-0.0001263879628206072,S&P,-0.0101870482,-0.0212765957,-0.43,0.0098107916,7.764034849411487e-05,0.0035700356,-0.22,-0.009657381,-0.99,-0.0095150787,0.0001288305847949943,0.0088053827,-1.49,-0.23,7.610766803308855e-06,-0.32,0.0084550056,-0.0264389741,-1.95,1.18,-0.0088980154,-0.0159501557,1.47,1.42,1.3,0.05,0.17,1.4,3.56,4.86,4.98,5.03
2016-02-25,1951.699951,-0.0461034223,3.0,0.0113482752,0.0044397867,-0.0124543716,0.0144541973,1.7660582939,5.3913344858,2.0480683391,3.6511857346,1918.98266977,1912.44531259,1939.68560112,2001.98958086,1.71,-3.238861456153663e-05,2.73,-1.26,5.595175562418929e-06,0.96,0.0224073973,1.16,2.56,5.27,0.0125404038,-0.04,-0.041322314,0.43,1.05,0.53,0.0068678878,0.81,0.0007058354,0.32,0.014408041,0.0087153274,0.26,-0.86,-0.0068130753,1.95,0.45,3.85,1.21,-0.59,-0.0158238907,0.0020035486,0.09,0.0154969543,1.9062400764878418e-05,S&P,0.0029405376,6.958916054715278e-05,-1.43,0.0092947116,0.00010688928717351193,0.0060108565,-3.77,0.0019753397,0.39,-0.005989246,-6.33873139035359e-05,-0.0640688093,1.7,0.14,0.0001955684065661358,0.09,0.0135289445,0.0178538654,2.24,0.85,0.0093232393,0.0248158585,1.45,1.39,1.26,0.06,0.19,1.42,3.56,4.82,4.95,5.01
2016-02-26,1948.050049,0.0559223546,4.0,-0.0018701143,0.0113482752,0.0044397867,-0.0124543716,1.5783885296,6.5043680901,1.7019550933,2.8885190578,1924.26764781,1915.83623986,1940.01361868,2001.4528691,1.76,-1.5625791733841103e-05,1.47,1.66,4.5076957893952526e-05,-1.4,0.0155632351,1.23,-0.54,5.32,-0.0005703973,0.1111111111,0.0603448276,-0.98,-0.4,-1.45,0.001550248,0.5,0.0002760017,0.32,-0.0153550678,0.0018048142,0.25,-3.14,-0.0116032985,2.13,0.46,3.88,-0.43,-2.97,0.0251684411,0.0001440259,-0.81,0.0092966676,8.968960035392584e-05,S&P,0.0067015707,0.0217391304,2.57,0.0054286611,-9.410263057879017e-05,-0.0031703694,4.68,0.0090721583,-0.22,0.0026533578,9.221221096045356e-05,0.0094719162,0.81,0.66,-9.185891683788832e-05,0.15,-0.0056401393,0.0194845112,1.55,-0.34,0.0058159425,0.0138371803,1.51,1.44,1.3,0.07,0.21,1.44,3.56,4.86,5.0,5.07
2016-02-29,1932.22998,0.0551154303,3.5562886289716405e-05,-0.0081209767,-0.0018701143,0.0113482752,0.0044397867,-0.6820878951,3.617045976,2.7754543571,-0.412836043,1925.71534457,1917.39754845,1939.70837795,2000.76408413,1.74,7.871446662821505e-05,-0.35,-0.87,2.2514821353176904e-05,-0.57,0.0090345,1.22,2.48,5.29,-0.0062641457,-0.025,-0.0081300813,1.27,-0.68,0.17,-0.0022701681,-0.15,0.0010577144,0.33,-0.0081870957,-0.0070842459,0.22,0.92,0.0002215003,-0.65,0.49,3.84,-0.63,1.22,-0.0130251365,-0.0048807883,-0.56,-0.0215502603,6.678191001787933e-05,S&P,-0.0239234866,0.0425531915,0.47,-0.0031624499,0.00028360301099151033,-0.019571841,-4.47,0.0047915276,0.17,-0.0074850642,4.45828623333127e-05,-0.0286320728,-2.03,0.17,2.377264738804397e-05,-0.25,-0.0053885423,-0.0018815148,0.9,-0.68,-0.0088435714,0.0001804623,1.52,1.41,1.25,0.11,0.27,1.45,3.55,4.8,4.96,5.07
2016-03-02,1986.449951,-0.0317734322,2.0,0.0040943084,0.0238687923,-0.0081209767,-0.0018701143,2.9355322086,3.0947367513,7.2475579349,4.3835315643,1944.58794546,1929.22610435,1942.99731185,2000.40084816,1.84,-0.00012819179801945883,-0.05,2.92,2.926870064629071e-05,0.69,0.0040959721,1.34,0.33,5.34,0.006815049,9.052288871818575e-05,0.0229007634,0.65,0.28,1.66,0.0021884114,0.92,-0.0002903423,0.35,0.0070368769,0.0029469088,0.27,1.83,-0.0081551849,0.63,0.47,3.9,0.11,0.74,0.0307113485,0.0020206619,0.01,0.0094594086,0.00018661415706688168,S&P,0.0174466129,-0.04,1.68,0.010602333,-5.9102409996845655e-05,0.017470448,-3.67,0.0133416348,0.9,0.0025832929,-6.792804457052687e-05,0.042628519,3.98,-0.07,0.0001269198764918689,1.85,-0.0016787913,0.0061190677,0.41,-0.2,0.0100401944,-0.0009426131,1.57,1.49,1.37,0.08,0.2,1.44,3.5,4.87,4.99,5.07
2016-03-03,1993.400024,0.0889489372,3.0,0.0034987406,0.0040943084,0.0238687923,-0.0081209767,2.1366026565,3.9403945988,7.6431285381,4.2284300782,1953.46286883,1935.33790622,1944.97388879,2000.33118822,1.83,0.00016742383171382345,-0.21,-0.15,4.343796547509247e-05,0.7,-0.0019910232,1.33,0.38,5.3,0.0071541794,-3.2466886748048515e-05,-0.0074626866,1.89,0.35,0.78,0.0074441687,0.93,-0.0001681417,0.27,-0.0113315012,0.000850445,0.25,0.85,0.0001489536,-0.43,0.45,3.89,0.3,1.94,-0.0030859849,-0.0046880128,0.82,0.0033467371,-0.00016778095693498774,S&P,0.0040346984,-0.0416666667,1.19,0.0097403554,-1.5922833543349308e-05,-0.0036275092,-2.32,-0.0040726499,2.0,0.0083787241,-6.465708386632837e-05,0.0035362377,1.49,-0.43,-2.7188717610053375e-05,0.19,-0.0036434884,-0.0025264554,-0.2,-0.21,0.0013253479,-0.0027004763,1.58,1.56,1.38,0.02,0.2,1.41,3.47,4.85,5.03,5.05
2016-03-04,1999.98999,0.1905326958,4.0,0.0033058924,0.0034987406,0.0040943084,0.0238687923,2.6662529039,4.2867252634,9.344043897,4.4135864242,1961.9223454,1941.49524754,1947.13138296,2000.32779321,1.88,4.4920706773110256e-05,1.19,1.2,6.65004883484119e-06,1.4,0.009180096,1.38,4.45,5.31,0.0061001831,0.0352941176,0.037593985,-0.34,0.23,1.25,0.014876867,0.57,-0.0029811955,0.28,-0.0061126841,0.0020393545,0.25,3.63,-0.0017127113,0.87,0.46,3.92,0.28,1.84,0.0117812799,-0.0040692913,0.43,0.0015010007,6.445308836049384e-05,S&P,0.0068314446,0.0217391304,3.04,0.0054644345,-5.5070346200484424e-05,-0.0013349636,1.65,0.0017978513,0.49,0.0066764009,3.031917445781398e-05,0.0050315152,0.06,0.15,6.186873744163919e-05,0.08,-0.0014064885,0.0074087975,0.92,0.05,0.0079417607,0.0112388715,1.63,1.6,1.42,0.03,0.21,1.39,3.43,4.85,5.03,5.06
2016-03-07,2001.76001,-0.1788037217,-8.817301900571602e-06,0.0008850144,0.0033058924,0.0034987406,0.0040943084,3.5984344886,2.8918021074,7.3456374945,6.4737617525,1969.16555715,1947.23474872,1949.27368206,2000.34204412,1.91,-5.0882001937143e-05,-0.23,0.21,-2.6161738512424126e-05,-0.22,-0.0032154587,1.42,5.48,5.3,0.00379,0.0340909091,0.0289855072,0.63,0.2,0.34,-0.0110668768,1.34,-0.0035881316,0.32,-0.0192196813,-0.0018592289,0.26,0.08,-0.0056691034,-0.47,0.48,3.91,0.48,0.84,-0.0008414913,-0.021455692,0.09,-0.0018318069,2.308129141835454e-05,S&P,-0.0007982638,0.0425531915,0.4,0.0112946026,2.6773329721719707e-05,0.0263701297,1.44,0.0011700801,0.38,0.0028282287,-2.8926854023204292e-06,0.0080695647,-0.29,0.14,5.2875680615519826e-05,0.52,0.0022535023,-0.004604993,-0.31,-0.52,-0.0055810245,-0.0027422009,1.65,1.59,1.43,0.06,0.22,1.39,3.39,4.82,4.98,5.04
2016-03-08,1979.26001,-0.0657242692,1.0,-0.0112401086,0.0008850144,0.0033058924,0.0034987406,0.0459996467,3.0183154578,4.414482952,6.7884621571,1971.00091221,1950.28477361,1950.44961649,2000.13227264,1.83,-3.0365678403690962e-05,-0.84,-0.95,-9.123995599897535e-06,-0.82,-0.0086149303,1.34,-2.91,5.21,-0.0137585728,-0.032967033,-0.0563380282,-0.5,-0.9,-0.39,-0.0082458425,-2.41,0.0013388529,0.29,0.0121497749,-0.0126225617,0.27,-1.53,-0.0027756939,-0.84,0.47,3.85,-0.45,-2.04,-0.0073483471,-0.0045131095,-0.03,-0.0193526863,-2.7186688350715807e-05,S&P,-0.0203714999,-0.0204081633,-2.68,-0.0240095219,4.087202537181342e-05,-0.0216670853,1.3,-0.0030842596,0.43,0.0032521892,-3.2280043814917373e-06,0.0013967553,-0.88,0.02,-9.160866674039534e-05,-0.62,-0.0048716227,-0.0088056032,-0.86,-0.69,-0.0075933309,-0.0092197206,1.56,1.54,1.36,0.02,0.2,1.36,3.38,4.74,4.92,4.94
2016-03-09,1989.26001,-0.1300248834,2.0,0.0050523933,-0.0112401086,0.0008850144,0.0033058924,0.1414613541,3.0811462064,3.2405759619,7.3992717827,1974.32074817,1953.99670088,1951.9715927,2000.02409092,1.9,7.084402872519498e-05,0.46,0.2,5.595718090327281e-05,-1.36,0.004911395,1.39,3.58,5.26,0.0057040004,0.0227272727,0.0373134328,-0.65,0.4,0.63,0.0008908641,0.58,-0.001859593,0.3,0.0230396506,0.0054981823,0.27,-0.19,0.0093282179,0.38,0.46,3.89,0.21,-0.26,-0.0007655723,-0.0014101292,-0.11,0.0057842805,-9.240443622157052e-05,S&P,-0.0053006729,-0.0208333333,0.5,0.0045791802,-8.634110678965881e-05,-0.0027834323,2.34,-0.0069809169,0.64,-0.0036946219,6.044888699551966e-05,-0.0133836181,-1.01,0.17,1.2056006479202582e-05,0.35,0.0058368951,0.0031228817,0.49,0.56,-0.000332668,0.0034120063,1.63,1.6,1.44,0.03,0.19,1.37,3.36,4.8,4.96,4.99
2016-03-10,1989.569946,0.0838682357,3.0,0.0001558047,0.0050523933,-0.0112401086,0.0008850144,-0.1921379529,1.940359479,3.7406856523,7.4363052345,1977.0933296,1957.38462899,1953.44603793,1999.92006958,1.93,-2.2305201488734768e-06,-1.7,0.09,-0.00012650724252655856,0.23,-0.0170144059,1.45,-2.48,5.23,-0.0006780475,0.0333333333,0.0431654676,1.48,-0.01,-0.43,0.0004944126,-0.99,0.0012779651,0.31,-0.0149508138,-0.0026141921,0.27,1.24,-0.01261832,-2.2,0.49,3.88,-0.08,1.96,-0.0005921029,-0.0009651599,1.62,-0.0086264886,0.0002181401371853089,S&P,-0.0057389423,0.0638297872,-0.58,-0.0081844476,0.0002421222301827463,-0.0026699271,2.05,0.0052635716,1.76,-0.0001133118,3.209338955801616e-06,-0.0202021675,1.32,-1.23,2.118839324817373e-05,1.25,0.0028079653,-0.0231345649,-1.69,-0.22,-0.0036604993,-0.0178318034,1.66,1.62,1.44,0.04,0.22,1.35,3.3,4.74,4.92,4.96
2016-03-11,2022.189941,-0.0681252699,4.0,0.0163955005,0.0001558047,0.0050523933,-0.0112401086,1.1100031056,3.8058514995,5.4443111525,10.55776618,1985.29271349,1963.55656347,1956.14187727,2000.14166034,1.98,-0.00015756820401915467,1.58,1.14,-2.481410172600024e-05,1.29,0.0327421789,1.49,0.85,5.24,0.0187647559,0.0430107527,0.0275862069,-1.81,1.57,1.5,0.0107739846,2.23,-0.0006766108,0.32,0.0195965614,0.0185128902,0.27,0.39,0.0068011806,3.35,0.5,3.86,1.12,-0.77,0.0107673722,0.0191079243,-0.21,0.0124551951,-0.00026000970414264345,S&P,0.0321583604,0.02,0.99,0.0221525289,9.102522955351193e-05,0.0001217084,1.9,-0.0034700803,-0.1,0.0056866454,-4.715266252116281e-05,0.0019897883,-0.00023086589858297365,-0.13,-3.598786398425498e-05,-0.08,0.0053201419,0.0350572983,3.28,1.58,0.0133600196,0.0170788024,1.71,1.66,1.48,0.05,0.23,1.38,3.26,4.74,4.92,4.97
2016-03-14,2019.640015,-0.1448455605,-0.00025726659120754876,-0.0012609725,0.0163955005,0.0001558047,0.0050523933,0.893214217,4.5237904341,3.810846312,8.30446399,1991.5376774,1968.89784456,1958.63200031,2000.33567382,1.97,7.26105370787293e-05,0.51,0.89,4.099824760962198e-07,-1.17,0.0030715446,1.49,-2.13,5.19,-0.0029612366,-1.2635662853620274e-06,-0.00015148597758563587,-1.05,-0.06,-0.69,0.0025424897,0.32,-0.0020465947,0.34,0.0018842661,0.0003810848,0.27,-0.08,-0.0076549356,1.61,0.51,3.82,0.22,-0.84,0.01167054,0.0066010254,-0.42,-0.0037074655,7.487034130059931e-05,S&P,-0.0037946675,0.0196078431,-0.09,-0.0030435643,-5.1710829850731214e-05,0.0026767489,-0.16,0.0081339624,0.58,0.0064565754,-0.00014613407663235364,0.0175041873,1.54,0.38,-0.00012111272709731264,-0.1,-0.000464163,0.016186327,0.3,0.3,-0.0023071852,0.005667985,1.7,1.63,1.46,0.07,0.24,1.37,3.22,4.68,4.85,4.92
2016-03-15,2015.930054,0.0207663747,1.0,-0.0018369417,-0.0012609725,0.0163955005,0.0001558047,1.8527148437,1.8995667327,4.92695108,6.3489855766,1995.97265496,1973.37710261,1960.87898281,2000.49084178,1.97,9.171182513246428e-05,-0.49,-0.58,-7.2637200345075015e-06,-1.09,-0.0075356228,1.5,-2.0,5.16,-0.0060222651,0.0103092784,0.0067114094,-0.23,-0.15,-0.76,0.0200936896,-1.54,0.0007247159,0.34,0.0078992292,-0.0045491769,0.29,-1.69,0.0028030252,-0.5,0.51,3.79,0.12,-0.39,-0.0071723942,0.0063659156,0.03,0.0013532138,-8.2499187516691e-05,S&P,0.0020047915,8.187161371563182e-05,-0.27,-0.0162139322,-6.979845387688653e-05,0.0049750756,1.76,0.0004570479,-0.31,-0.0068129299,-0.00011782675788636825,0.0017027098,-0.88,-0.01,-5.88511983093176e-05,-0.04,0.0009288315,-0.0056465155,-0.73,-0.03,0.0003303931,-0.0056036176,1.68,1.63,1.46,0.05,0.22,1.37,3.19,4.65,4.82,4.87
2016-03-16,2027.219971,0.1395227342,2.0,0.0056003515,-0.0018369417,-0.0012609725,0.0163955005,1.9082453178,2.0524061016,5.0481873524,5.2106594188,2001.65398515,1978.50499483,1963.48059019,2000.75680327,1.94,7.993782298712535e-05,0.55,0.03,-1.1036996082789972e-06,1.85,-0.0021530695,1.41,4.1,5.16,0.007047447,-0.112244898,-0.06,2.49,0.56,1.27,0.0132912505,0.68,0.0022342065,0.31,0.014181713,0.0074651633,0.28,-0.27,0.0061177747,0.44,0.46,3.81,0.52,2.23,-0.0015314045,-0.0047658658,1.04,-0.0047297803,0.00010066395383711785,S&P,-0.0088035014,-0.0961538462,0.04,0.0073499449,-1.2958923796783214e-05,0.0006037551,0.92,-0.0063691381,-1.36,-0.0088047646,-5.83658276479672e-05,0.0021163524,-0.88,-1.03,-4.537643524984359e-06,0.14,-0.0032479398,0.0049890575,-0.22,0.76,-0.0036327938,0.005781759,1.66,1.63,1.48,0.03,0.18,1.35,3.22,4.7,4.85,4.88
2016-03-17,2040.589966,0.1167014212,3.0,0.0065952364,0.0056003515,-0.0018369417,-0.0012609725,2.5643742811,2.3673091919,4.5544918395,6.4009851142,2008.7332544,1984.41784923,1966.50448728,2001.15315314,1.91,0.00010155171827393655,0.28,0.84,-4.46277392867707e-05,1.9,-0.004505907,1.39,3.0,5.11,0.0105343791,1.5700924762349473e-05,-0.0141843972,-0.41,0.63,1.31,-0.0016042087,1.66,0.0011530479,0.29,0.0057038089,0.0023132007,0.29,5.31,-0.0178223753,-1.12,0.46,3.79,0.89,1.86,0.0121490267,-0.0258241202,0.84,-0.0028852343,9.143260085732885e-05,S&P,0.0038352644,-6.203271306609318e-06,2.55,0.0155791848,-9.034414523710548e-05,0.0148424636,3.64,-0.003121029,-1.75,0.0069848809,3.712021652177391e-05,0.0119849987,0.06,-0.95,-8.527405600248033e-05,0.66,-0.0062378361,-0.0091361528,-0.44,0.11,0.0261849188,0.0041454292,1.62,1.62,1.45,1.4391932083528644e-05,0.17,1.32,3.2,4.65,4.82,4.82
2016-03-18,2049.580078,0.4354196465,4.0,0.0044056435,0.0065952364,0.0056003515,-0.0018369417,1.3544789461,2.47951681,5.2118799028,6.8725321469,2016.1599496,1990.62377578,1969.76235358,2001.63501309,1.88,0.00013363931988117695,0.78,0.59,-9.342085712872556e-05,-0.82,0.0044159609,1.34,-0.82,5.05,0.0032412168,-0.0344827586,-0.035971223,-0.21,0.51,-0.61,0.0011341682,0.63,-0.0072174447,0.29,-0.0214050128,0.0043266409,0.27,-1.35,-0.0100640439,0.3,0.43,3.77,0.41,-0.69,0.0081848353,-0.0131559863,-0.43,0.0294468085,1.6993858767685562e-05,S&P,0.0162879751,-0.0638297872,-0.39,0.009548723,7.48147822312461e-05,0.0011890488,-1.5,-0.0124343782,0.22,0.0156364323,-9.45310325189585e-06,0.0173221276,-1.84,0.26,-4.359009250427806e-07,0.06,0.0071201238,0.0059238197,0.38,0.54,-0.0012919574,-0.0018545097,1.61,1.59,1.45,0.02,0.16,1.28,3.17,4.62,4.76,4.78
2016-03-21,2051.600098,-0.4807739031,0.00019260735324562028,0.0009855775,0.0044056435,0.0065952364,0.0056003515,1.5824643383,2.4898133518,6.1778421428,5.4536159342,2022.60361294,1996.43104456,1972.9716769,2002.13217812,1.92,0.00012098703061180394,-1.83,0.39,1.5799690797755643e-05,-0.5,-0.0077781255,1.38,0.83,5.07,-0.0003657538,0.0357142857,0.0298507463,-0.92,-0.36,-0.33,-9.43542313888e-05,-0.13,-0.0005259087,0.31,0.0069171618,0.0027567098,0.25,0.26,0.0047751078,0.78,0.45,3.83,-0.17,0.25,0.0006056383,0.0034414631,-0.26,-0.0003307044,2.7645659026097586e-05,S&P,0.0025721606,0.0454545455,0.39,-0.0028049124,-0.0002035664690286072,-0.00688829,-4.14,0.0008531837,0.65,-0.000694844,-6.418773145894517e-05,0.0215393811,1.4,-0.03,-1.3909260505881644e-05,-0.2,-0.0020465209,-0.0002170838,-0.83,-0.22,0.0054980595,-0.0008078066,1.67,1.61,1.47,0.06,0.2,1.24,3.15,4.62,4.76,4.82
2016-03-22,2049.800049,0.0123970858,1.0,-0.0008773879,0.0009855775,0.0044056435,0.0065952364,1.6801175682,3.5639601995,3.6115992553,6.6898472189,2027.5484195,2001.51380689,1975.98455423,2002.60648529,1.94,-2.678204557468796e-05,0.15,-0.33,-6.932957323640283e-05,-0.13,0.0009418696,1.42,0.6,5.04,-0.0024942277,0.0459770115,0.0289855072,0.37,-0.01,0.57,0.0076479744,-0.19,0.0020118856,0.3,0.0038989788,0.0026596765,0.28,0.23,0.003525985,0.28,0.45,3.79,-0.14,0.25,-0.0008412427,0.011733276,-0.21,-0.0036387199,2.8651517358633657e-05,S&P,-0.0059206436,7.036649233226374e-05,-0.22,-0.0011287208,4.36783819495265e-05,0.0059794305,1.91,0.006227287,0.21,-0.0067680351,-0.00011581957694061652,-0.0064392978,0.45,0.29,-8.552162187336052e-05,0.63,0.0009321216,0.0041573877,0.1,0.41,-0.0009649727,0.0013097204,1.66,1.64,1.49,0.02,0.17,1.25,3.1,4.59,4.74,4.76
2016-03-23,2036.709961,0.0646636205,2.0,-0.0063860317,-0.0008773879,0.0009855775,0.0044056435,0.4681282809,2.3853066347,2.5301422759,5.5399476259,2029.21415432,2004.86582157,1978.36594273,2002.94582336,1.88,8.576269704939159e-05,0.13,0.18,-0.00012026762672466192,-0.7,-0.001802863,1.37,-3.16,4.95,-0.0092719885,-0.043956044,-0.0352112676,-2.26,-0.67,-1.18,-0.0055285232,-1.87,0.0008494733,0.3,-0.0018494359,-0.0109506459,0.27,-3.87,-0.0032004277,0.62,0.45,3.74,-0.45,-3.97,-0.0024928705,0.0163253378,-0.29,-0.0049801293,-3.456715614945603e-05,S&P,-0.0121104033,-7.265319111399458e-05,-2.32,-0.0197204291,-8.625483026263194e-05,-0.0043985139,-3.7,0.0010076691,-0.86,-0.0101001455,3.058062330935293e-05,0.0035330581,-0.59,0.27,0.00010642815147415245,-0.24,0.0104302759,0.0032962651,-0.12,-0.88,0.0003219897,0.0010334592,1.61,1.58,1.43,0.03,0.18,1.21,3.07,4.5,4.65,4.68
2016-03-24,2035.939941,-0.0636871447,3.0,-0.0003780705,-0.0063860317,-0.0008773879,0.0009855775,-0.2278765003,2.3306541745,2.1340381503,4.3162367226,2030.43702462,2007.82526151,1980.62374659,2003.27412304,1.91,4.594636050580041e-05,-1.3,-1.58,-3.895613339838167e-05,-0.06,-0.0213156037,1.39,-0.07,4.97,-0.0012950984,0.0229885057,0.0145985401,-0.26,-0.01,-0.03,-0.0043342977,0.32,0.0024999614,0.29,0.0044468778,0.0009730076,0.24,-0.47,0.0122527797,-1.62,0.45,3.77,0.07,-0.39,-0.0130787329,0.023383612,-0.09,-0.0076743245,-1.3728869695178261e-05,S&P,-0.0172828785,-0.00013720795699069297,-0.31,0.0035698505,-0.00017470651404313556,0.0027463045,0.67,0.0013184888,0.03,-0.0075944028,-1.8286205042753156e-05,-0.0162759607,-0.54,0.03,6.531411164962571e-05,-0.18,-0.0017511705,-0.0171187551,-2.13,0.04,0.0012874477,-0.0149376678,1.67,1.62,1.46,0.05,0.21,1.2,3.06,4.52,4.68,4.73
2016-03-30,2063.949951,-0.0607011953,2.0,0.0043503151,0.0088166518,0.0005452558,-0.0003780705,0.6903064524,2.3820219806,4.2788688991,4.3268368104,2040.99066041,2019.51467972,1988.73679937,2004.71694933,1.83,-0.0001231099781285714,1.8,1.64,-3.0908628937208893e-06,1.04,0.0178053302,1.26,0.31,4.94,0.0045680054,-0.0256410256,-0.023255814,-1.42,0.38,0.56,0.0174591196,-0.00015127910155994983,-0.0076557672,0.2,0.0062145861,0.0046774704,0.14,-0.2,-0.0066141009,1.67,0.38,3.76,0.48,-0.91,0.0214614254,0.0081332589,0.42,0.0115195665,-0.00024089491291117609,S&P,0.0124870554,-0.1333333333,-0.95,0.0012262281,-0.00013929639194983152,-0.0001183249,4.89,-0.0027866791,-2.67,-0.0008626191,-6.746447804884441e-05,0.0276772733,-0.94,-0.19,-4.427507126606897e-05,0.45,-0.0014659703,0.0160468121,1.79,0.53,0.0111181703,0.015935455,1.69,1.63,1.45,0.06,0.24,1.18,3.11,4.56,4.74,4.8
2016-03-31,2059.73999,0.0348075793,3.0,-0.0020397592,0.0043503151,0.0088166518,0.0005452558,1.1307466179,1.6041682435,3.5430250267,3.689498392,2044.39962943,2023.34566165,1991.52123821,2005.26444227,1.78,0.00015446877544499394,-0.56,0.6,-8.370981870794525e-06,-0.19,-0.0133560429,1.21,0.87,4.9,-0.0028895401,-0.0394736842,-0.0396825397,0.64,-0.18,-0.17,-0.0052026288,0.23,-0.0024941519,0.21,0.003269773,0.0001150186,0.18,1.67,0.001078865,-0.9,0.38,3.72,-0.15,1.45,-0.0012830315,-0.0084350615,0.37,-0.0082062972,-6.748249955958677e-06,S&P,-0.0059609658,2.936936522914067e-06,-0.23,0.0032330321,-0.00015511854068546498,-0.011003325,-1.85,0.0010145952,2.21,-0.0004883815,5.0658323984084435e-05,0.001089772,-1.06,-0.34,-2.106480303172694e-05,-0.56,-0.0071573314,-0.0080724327,-1.35,-0.13,-0.0012566447,-0.0045622086,1.6,1.57,1.4,0.03,0.2,1.18,3.12,4.52,4.69,4.72
2016-04-06,2066.659912,-0.0972630039,2.0,0.0105076192,-0.0101444925,-0.0032083221,0.0063309151,0.1312997439,0.8225125669,2.5164493133,4.4157867869,2054.03263056,2036.17382769,2002.01630717,2007.51403827,1.76,-0.0001595151913830752,0.98,0.08,2.037309329230269e-06,0.29,0.0080842565,1.2,5.2,4.84,0.0098169908,0.0138888889,0.0256410256,-0.71,1.05,0.73,0.0104726438,1.1,0.0005566465,0.23,0.0102638928,0.0158528377,0.19,-0.41,-0.0045962317,0.54,0.35,3.64,0.58,-0.46,-0.0142568487,0.0271948708,0.13,0.0077107607,5.530283242956207e-05,S&P,0.0119975589,-4.095053312393469e-05,0.23,0.0118265121,0.0002702866126897952,0.0133803554,-2.2,-0.0061515974,-2.16,-0.0012870604,-6.385453419637922e-05,-0.0008099729,0.06,-0.03,8.167453528154946e-05,0.66,0.0043139148,0.0063941347,0.81,1.47,-0.0025823112,0.0115576407,1.57,1.53,1.41,0.04,0.16,1.2,3.08,4.49,4.61,4.65
2016-04-07,2041.910034,0.0134504639,3.0,-0.0119757866,0.0105076192,-0.0101444925,-0.0032083221,-0.8656411045,0.2553173058,0.7246407992,2.6467140412,2051.8285221,2036.72013305,2003.58076705,2007.85628699,1.7,-3.475545231691324e-05,-0.39,0.51,8.168007392366487e-05,-0.69,-0.0090392611,1.14,-1.03,4.76,-0.0112894602,-0.0410958904,-0.05,1.5,-1.23,-1.25,-0.0218096433,-1.23,-0.0027662304,0.23,-0.0119738754,-0.0147031521,0.2,0.69,0.0045257171,-1.36,0.35,3.58,-0.96,1.13,0.0029386762,-0.0176887186,-0.19,-0.0253358438,-0.00010033581810771622,S&P,-0.0239185098,4.671325251390063e-05,-3.04,-0.0144479389,4.983001769765338e-05,-0.0112830995,5.6,-0.0115953202,-1.3,-0.0056655541,3.2985541421579906e-06,-0.0138242408,-0.06,-0.02,0.00012565906113940346,0.04,-0.0013708737,-0.0097552656,-0.9,-1.43,-0.0087378964,-0.0040087308,1.5,1.47,1.35,0.03,0.15,1.18,3.06,4.41,4.53,4.56
2016-04-12,2061.719971,0.1883212252,1.0,0.009662134,-0.0027397861,0.0027865782,-0.0119757866,0.8092200963,0.326517193,0.4932673287,2.0835374467,2051.64871504,2040.40336915,2008.90141805,2009.11613229,1.79,0.00010582647989092081,0.5,-0.34,-0.00018191607111729316,0.96,0.0077169323,1.22,4.34,4.82,0.0122704404,0.0571428571,0.0517241379,-0.16,1.04,1.16,0.0130251792,1.3,0.0009458098,0.22,0.0062603755,0.0080047053,0.21,1.54,-0.0110622211,0.73,0.34,3.65,0.94,1.63,0.0031128367,0.0121490613,-0.19,0.0185566663,1.3398983398293164e-05,S&P,0.0157346591,-2.150672914174542e-05,2.73,0.0103898198,-5.395768482279049e-05,0.0123619539,4.81,0.0065783285,1.45,0.0024546756,-9.082284614985273e-05,-0.0033985435,1.21,0.15,0.00014478245006433772,0.64,0.0057813801,0.008104882,0.77,0.86,0.0032562684,0.0068224389,1.58,1.57,1.45,0.01,0.13,1.17,3.03,4.48,4.6,4.61
2016-04-14,2082.780029,-0.1016167163,3.0,0.0001729272,0.010040137,0.009662134,-0.0027397861,2.0015570872,1.1185896818,2.2619847147,2.7407019857,2061.88648886,2048.05971546,2014.56863516,2010.57123971,1.8,-3.1665618724981036e-05,0.23,0.6,0.00021063522917434436,-1.04,0.0047212123,1.26,-0.77,4.79,7.05118308203e-05,0.0266666667,0.0327868852,-1.27,0.02,0.56,0.0005354962,-0.25,0.0006493105,0.22,0.0001807227,-0.0003092086,0.21,-0.94,0.0016461355,0.9,0.36,3.62,0.08,-0.37,0.0084645804,0.0096450879,-0.05,0.0129470624,-2.9727302216026942e-05,S&P,-0.0048949216,0.0277777778,0.18,-0.001185992,-0.00017851000089153698,0.0070729457,-3.24,-0.0009504296,-1.24,-0.003239842,-0.0002444021869686468,0.0051274791,2.92,-1.197365127567119e-05,-5.935535246840159e-05,2.09,-0.0002731137,0.0067374936,0.48,-0.03,0.0012911556,0.0003457851,1.59,1.58,1.44,0.01,0.15,1.17,2.99,4.43,4.57,4.58
2016-04-19,2100.800049,0.17484805,1.0,0.0030844852,0.0065410256,-0.0009842849,0.0001729272,1.8955085341,2.7200674664,2.2282148884,2.3981257872,2076.08298755,2059.61749998,2023.35093092,2012.9785395,1.79,0.00011435990722530288,0.82,1.26,-4.4843733985214476e-05,1.35,0.0132332495,1.26,2.61,4.75,0.0088605026,0.0266666667,0.0161290323,1.54,0.34,0.81,-0.0053033028,0.14,-0.0026449298,0.21,-0.0012398158,-0.0039697303,0.18,4.45,-0.0057168812,2.11,0.36,3.52,0.18,4.37,0.0129816383,-0.0117257453,0.39,0.0168620524,5.8033764057953e-05,S&P,0.0212940418,0.0285714286,2.73,0.000833817,-0.00013512599530214798,0.0050128236,7.63,0.0015310847,2.75,0.0069784042,-9.088438184239031e-05,0.0030204724,3.37,-0.23,-2.544545091490597e-05,0.22,0.0157757144,0.0226554605,1.43,-0.43,0.0028976498,0.0081687105,1.61,1.58,1.43,0.03,0.18,1.23,2.96,4.39,4.54,4.57
2016-04-20,2102.399902,0.0739190573,2.0,0.0007615446,0.0030844852,0.0065410256,-0.0009842849,0.9594597031,1.7293600071,1.8629303962,2.5660967774,2080.86788108,2063.69201446,2026.45089057,2013.8683043,1.85,-4.222641372830992e-05,0.21,-0.76,0.00029717890718088634,-0.94,0.005571018,1.32,4.02,4.78,0.0009974265,0.038961039,0.0476190476,-0.52,0.2,-0.24,0.0020577401,0.19,0.0019695724,0.23,-0.0141868951,0.0015788024,0.18,0.94,-0.0039933208,0.89,0.35,3.57,0.42,0.12,-0.0093253603,0.0081063319,-0.54,0.014529343,-0.00013276981503792563,S&P,0.0114274256,-0.00010423144746463769,0.85,0.0018067048,2.9703139373378185e-05,0.0068438001,-0.91,0.0054741762,3.6,-0.0035129733,0.0001562842799505055,-0.0230835031,-7.703078533513634e-05,1.06,2.460729265900871e-05,-0.38,0.0079872382,0.0069278296,0.57,0.2,-0.00011323484485220715,0.0007649644,1.67,1.62,1.5,0.05,0.17,1.21,2.93,4.43,4.55,4.6
2016-04-21,2091.47998,-0.002291583,3.0,-0.0051940271,0.0007615446,0.0030844852,0.0065410256,0.4177085856,2.4276263486,1.5409707125,2.6891418046,2082.79735361,2066.33848737,2029.00105094,2014.64055978,1.88,-2.4182029397347393e-05,-0.45,1.52,3.668465320833278e-05,-0.95,-0.0019795302,1.35,-2.77,4.79,-0.0069311532,0.025,0.0227272727,0.39,-0.73,-0.72,-0.010827929,-0.64,0.0017180535,0.23,0.0034178629,-0.0004526449,0.19,1.41,0.0062314657,0.11,0.36,3.57,-0.77,0.24,0.0181735642,-0.0031437938,-0.08,-0.0099626404,7.58547754787036e-05,S&P,-0.0079286817,0.0277777778,0.45,-0.005707849,5.985919329071243e-05,-0.0001152304,-0.05,-0.0036508404,-1.42,-0.0011172351,-2.6053600206861913e-05,-0.0066248325,3.2,0.33,0.0002494701394604231,0.79,-8.80612768436e-05,0.0013856663,-0.2,-0.84,-0.0054574639,-0.0045083543,1.69,1.65,1.52,0.04,0.17,1.22,2.91,4.43,4.56,4.6
2016-04-26,2091.699951,0.0715266858,1.0,0.0018727515,-0.0018120458,4.78598891489e-05,-0.0051940271,-0.4331729716,1.4541247319,2.2751118977,1.7853898921,2086.22769293,2072.57016619,2035.94024875,2016.87834104,1.94,-7.637421775067375e-05,0.47,0.47,0.00014006714784089888,0.69,-0.0028463702,1.4,2.83,4.79,0.0054396702,0.0117647059,0.0144927536,0.45,0.25,0.43,-0.0069471259,1.17,7.71247879069e-05,0.24,-0.0128574551,-0.0015340229,0.19,0.59,-0.0052859961,-0.27,0.42,3.65,0.09,1.0,0.0048266972,-0.0148834347,0.28,0.0051887109,0.00012926429020025724,S&P,0.0081172048,0.075,-0.49,0.0110974469,0.0001574737209838174,0.0034351883,-1.5,0.0008458195,2.41,0.0059769576,-4.76464213958364e-05,0.0061187814,-0.86,-0.14,4.473363934175223e-05,0.28,-0.0052858602,-0.0033765868,-0.09,-0.44,0.0071707953,0.0037694418,1.75,1.7,1.52,0.05,0.23,1.14,2.85,4.37,4.55,4.6
2016-04-27,2095.149902,0.1526260897,2.0,0.0016493527,0.0018727515,-0.0018120458,4.78598891489e-05,-0.3448440039,0.6113070599,1.3785524089,1.5116621886,2087.84991276,2074.72061722,2038.26219593,2017.65716254,1.87,3.4938073026744404e-05,0.45,-0.47,-6.418120272478137e-05,-0.96,0.0057839585,1.33,3.15,4.73,0.004680411,-0.0348837209,-0.05,0.21,0.11,-2.07,-0.062577845,0.3,0.0002313565,0.24,-0.0097200624,-0.0051428415,0.18,1.03,-0.0019194162,0.26,0.39,3.59,0.25,0.41,-0.0021333838,-0.0167131337,0.2,0.0028155952,-8.387112644639792e-06,S&P,0.0001964258,-0.0697674419,-1.25,0.0029720647,-7.96480413121825e-05,0.0094716653,-1.82,0.0026071563,-1.13,-0.0024140339,-3.8741326278028576e-05,-0.0037201245,-0.17,-0.25,0.0002686933935268709,-0.02,-0.0012399876,0.0039222069,0.6,-0.65,0.0009708738,0.0056328908,1.69,1.63,1.48,0.06,0.21,1.14,2.86,4.34,4.49,4.55
2016-04-28,2075.810059,0.0511522862,3.0,-0.0092307682,0.0016493527,0.0018727515,-0.0018120458,-0.7492264401,-0.3346474377,1.66021149,0.7801989124,2085.66084844,2074.82437358,2039.73466115,2018.23579832,1.84,-1.4173726667987491e-05,0.04,0.85,-4.442217180511517e-05,1.86,-0.0004474359,1.28,2.03,4.73,-0.0086437147,-0.0602409639,-0.037593985,1.64,-0.87,0.5,-0.0305663259,-1.12,-0.0029452583,0.22,-0.0204161174,-0.0118956264,0.17,1.26,-0.0024475913,0.14,0.38,3.63,-1.12,1.86,0.0012372523,-0.007534179,0.28,-0.0079551239,0.00010100938493855101,S&P,-0.0102100923,-0.025,0.18,-0.0119135292,-0.00015110027318912054,-0.0048609542,4.16,-0.0308823627,0.62,0.0047634209,3.508012726603232e-05,-0.002736184,-4.46,-0.45,-6.267877215388887e-05,-1.08,-0.0025715528,0.0020699674,-0.04,-0.94,-0.0009699321,0.0003955759,1.67,1.62,1.46,0.05,0.21,1.1,2.89,4.35,4.51,4.56
2016-05-04,2051.120117,-0.0275148021,2.0,-0.0059368893,-0.0086766385,0.0078099466,-0.0050630885,-2.1015100141,-2.4391070867,-1.5030496332,-0.7519280221,2073.52218449,2071.42300337,2043.47024188,2020.07844127,1.79,-7.70660728579061e-05,-1.43,-1.19,3.317231678549059e-05,-0.49,-0.0109218249,1.23,-0.78,4.64,-0.0076780965,3.6264725385402675e-05,-0.016,-0.51,-0.49,-0.36,-0.0104013238,-0.68,0.0004628344,0.19,0.001807955,-0.0078896369,0.18,-1.13,0.0127479311,-1.29,0.38,3.66,-0.52,-0.34,-0.0073081113,-0.0006256078,-0.09,-0.0158248239,0.000118451395101176,S&P,-0.02120002,-0.025,-1.44,-0.0076932721,2.6033359052856382e-05,-0.0019293951,2.64,0.0022497,0.21,-0.0030176703,-9.916660234011297e-05,-0.0004581545,-0.58,0.41,-0.00017510546737983958,-0.45,-0.0041707427,-0.0099246316,-1.06,-0.57,-0.0182826973,-0.0118986189,1.61,1.6,1.41,0.01,0.2,0.98,2.85,4.26,4.45,4.46
2016-05-10,2084.389893,-0.0497331482,1.0,0.0124836438,0.0007534966,0.0031746392,-0.0002390079,1.018710886,-0.3494792834,-0.7811384052,1.0995635838,2069.0180519,2068.98056182,2046.39224084,2021.75520584,1.77,0.0001642531277080678,0.59,0.4,-0.00012065391265290832,-0.09,0.0035624748,1.2,4.33,4.66,0.0128755389,-3.238032360986443e-05,0.00015041401611599195,0.2,1.13,0.64,0.0067894923,1.0,0.0002151562,0.24,0.0189734372,0.0125615336,0.25,0.03,-0.0031257718,0.55,0.35,3.65,1.17,0.53,0.004260056,0.0343067407,-0.1,0.0135599087,-0.00010233751212970826,S&P,0.0106383181,-0.0526315789,-0.67,0.0094611724,7.022587706357453e-05,0.0160324941,2.86,0.0079663161,1.32,0.0025000954,7.917239072052861e-05,0.0001687881,2.22,0.5,-5.086248739876011e-05,0.52,0.0083538251,0.006507716,0.71,1.3,0.0204217938,0.0068522914,1.52,1.53,1.42,-0.01,0.1,1.01,2.89,4.31,4.42,4.41
2016-05-11,2064.459961,0.0616021332,2.0,-0.0095615182,0.0124836438,0.0007534966,0.0031746392,0.650368737,-1.4648088412,-1.8046015396,-0.8624562611,2068.1893081,2068.55002841,2047.10077888,2022.18012878,1.73,8.239279571778357e-05,0.31,-1.15,-0.00016391734720636817,0.84,-0.0049651905,1.2,4.57,4.63,-0.0088122119,0.0277777778,-0.00018090512118653222,0.89,-0.94,0.18,-0.0097409122,-1.42,-0.0040409938,0.26,0.0005879851,-0.0102268546,0.25,1.33,-0.0043588334,-0.58,0.36,3.61,-1.09,1.69,-0.0092572045,0.0144508696,0.48,-0.0037072856,9.917051668903636e-05,S&P,-0.0064777325,0.0277777778,0.53,-0.0124819207,-3.838858994309152e-05,-0.0131125684,0.7,-0.0071340825,-0.7,-0.0009092488,-0.0001956468928634997,0.0015696036,-7.049615944400724e-05,-0.51,-6.0795186422137984e-05,-0.41,-0.0026161595,-0.0069802929,-0.5,-0.92,-0.0045931759,0.0009420314,1.48,1.47,1.37,0.01,0.11,1.02,2.9,4.27,4.37,4.38
2016-05-12,2064.110107,-0.0103585053,3.0,-0.0001694651,-0.0095615182,0.0124836438,0.0007534966,0.657369919,-0.5636330718,-1.3086366239,-0.8963943259,2067.44763517,2068.12717875,2047.76781136,2022.59734249,1.75,-3.6502775843856523e-05,-0.98,-0.48,-4.7005891670235316e-05,0.01,-0.0054208226,1.24,1.01,4.66,0.0002070847,0.027027027,0.0333333333,-1.11,0.04,-0.68,-0.0234569879,-0.5,0.0038259796,0.27,0.0090107543,-0.004906823,0.25,-1.24,-0.0014774495,-1.18,0.36,3.64,0.05,-2.47,-0.0069721321,0.006589758,-0.44,-0.0006471606,4.6134909682504945e-05,S&P,0.0024449673,-9.470207050451063e-05,-1.33,-0.0055080234,-8.403630892252547e-05,0.0096835944,-0.83,0.0063182862,1.96,0.0004765087,-2.9947503439791753e-05,-0.0004141814,0.78,-0.07,-1.1811084712720497e-05,0.04,-0.0012240972,-0.0113480262,-0.53,-0.38,-0.0082399473,-0.0094604146,1.5,1.48,1.39,0.02,0.11,1.02,2.91,4.3,4.39,4.41
2016-05-18,2047.630005,-0.0018593513,2.0,0.0002051788,-0.0094112974,0.0097966526,-0.008478289,-0.815223173,-0.1701563927,-2.2680905531,-2.6051131827,2058.66290718,2062.7405397,2048.38501752,2023.75051065,1.87,-4.341389697896293e-05,0.1,-1.3,-2.8392872511945e-05,-1.04,0.0050563416,1.41,-0.71,4.74,-0.0017508913,0.0975609756,0.0930232558,-1.7,-0.1,-1.3,0.0114450746,0.49,0.0015647532,0.3,0.0059394776,0.0049600247,0.25,-0.67,0.0087216508,0.72,0.42,3.71,-0.06,-2.2,-0.0145332035,0.003135461,-0.86,0.0385987837,-0.00013339990258474783,S&P,0.0216296309,0.075,-0.48,0.0048009408,0.00014162968322372173,-0.0020105105,-2.29,0.0109224601,-0.1,0.0097507826,-0.00010884308935086605,-0.0127194741,-0.66,0.72,-0.00011976383354542958,-0.81,-0.0021084599,0.0053628936,0.52,0.3,-0.0033658029,-0.0003242647,1.62,1.57,1.45,0.05,0.17,1.03,2.87,4.32,4.44,4.49
2016-05-19,2040.040039,-0.0620653838,3.0,-0.0037067077,0.0002051788,-0.0094112974,0.0097966526,-1.1661232566,-0.5164190812,-1.7231836721,-2.4594995645,2055.27693115,2060.57858725,2048.05776346,2023.91259551,1.85,0.00010408351720469289,-1.49,-0.41,-4.960467414836058e-05,0.04,-0.0085105845,1.38,-0.25,4.7,-0.004606595,-0.0111111111,-0.0212765957,-0.25,-0.13,-0.03,-0.0038071173,-0.68,0.0012559735,0.3,-0.0096437904,-0.0056108162,0.24,-3.74,0.004837595,-1.49,0.42,3.66,-0.37,-2.25,-0.0066618252,0.0015341716,-0.12,-0.0101499374,-5.4915531793472755e-05,S&P,-0.0055498662,7.238035421448509e-05,-0.91,-0.007407337,3.904785474988636e-05,0.0085059095,1.9,-0.0023515707,-2.44,0.0003357038,0.0002200573903874198,-0.0002165296,0.3,0.3,-1.4717730158439266e-05,-0.17,-0.0065146406,-0.0148182044,-0.87,-0.35,-0.0084430933,-0.0182295739,1.61,1.55,1.43,0.06,0.18,1.04,2.85,4.28,4.4,4.46
2016-05-24,2076.060059,0.1871588097,1.0,0.0136813829,-0.0020854588,0.0060195039,-0.0037067077,1.4092398215,-0.3996293605,0.6150104577,-0.7477120221,2057.61923052,2060.32874876,2049.30952139,2024.94622532,1.86,-4.6963496375319046e-05,1.37,0.15,-1.083171917587747e-05,-0.38,0.0246051928,1.41,0.54,4.71,0.0124186437,0.010989011,0.0217391304,-1.78,1.45,-0.57,0.0152442393,2.32,0.0002291581,0.35,0.0311813118,0.0199925885,0.27,-1.05,-0.0015214911,2.17,0.47,3.68,1.24,-0.98,0.0010803352,0.0106925181,-0.7,0.0170186262,0.00012231026670988555,S&P,0.0102669402,8.368813089483496e-05,0.58,0.0215410386,-8.140483433325435e-05,0.00078125,-3.65,0.0072777533,0.43,0.0090306204,7.33466785858115e-05,-0.0077291659,-1.02,0.37,-6.146619771395651e-06,-0.69,0.0047253743,0.0218464941,2.52,2.13,0.012207528,0.013509534,1.59,1.51,1.39,0.08,0.2,1.03,2.85,4.24,4.36,4.44
2016-05-25,2090.540039,0.0639090904,2.0,0.0069747404,0.0136813829,-0.0020854588,0.0060195039,2.0955950975,1.2632881476,1.9218729158,-0.22002545,2063.60483206,2063.20601449,2050.92640444,2025.59890008,1.87,4.5081823060340136e-05,0.56,2.51,4.362006178720129e-05,0.03,0.0113099155,1.4,2.32,4.74,0.0089843988,-8.833532992028013e-05,-0.0070921986,-0.23,0.59,0.22,0.0175689578,0.5,-0.0004734848,0.33,0.0102732894,0.0069594034,0.23,0.1,-0.0069333333,1.35,0.46,3.69,0.74,0.43,0.027110915,0.0058931609,0.13,0.0151843196,4.778966899565858e-05,S&P,0.0264227434,-0.0208333333,1.69,0.0050294287,4.723133844779058e-05,0.0065797258,0.61,-0.0005355178,0.38,0.0058647936,-0.00019375850631471475,-0.0023319833,1.76,-0.2,-0.00013161838271252894,1.34,0.0058567396,0.014705761,1.28,0.66,0.008040201,0.0070104511,1.64,1.54,1.41,0.1,0.23,1.05,2.87,4.28,4.41,4.51
2016-05-26,2090.100098,-0.1627737642,3.0,-0.0002104437,0.0069747404,0.0136813829,-0.0020854588,2.4538762987,1.2591378198,1.9247849321,0.6884078309,2068.42215314,2065.76735578,2052.46262771,2026.24070304,1.83,1.7454684260121247e-05,0.02,0.1,0.00019288616548279424,-0.00012742399613647874,0.0069171105,1.35,-0.3,4.69,-0.0006682061,-0.0543478261,-0.0357142857,-0.33,0.12,0.38,0.0079301443,-0.07,0.0004431473,0.3,-0.0044128934,0.0014055235,0.16,0.51,-0.004503606,0.69,0.45,3.63,-3.27647218312832e-06,0.18,0.0014266753,0.0092609546,0.35,-0.0074786023,0.000152409600295953,S&P,0.0009900792,-0.0212765957,0.1,-0.0011130567,-2.9002407993332476e-05,-0.005096377,-1.46,-0.0036145617,3.11,-0.0022730489,9.601014372477175e-05,0.0026134822,0.12,-0.2,4.053999593360348e-05,-0.04,-0.0039699692,0.0066142686,0.72,0.39,-0.0023263543,0.000447124,1.67,1.53,1.38,0.14,0.29,1.06,2.86,4.24,4.39,4.53
2016-06-01,2099.330078,-0.21912941,2.0,0.0011350423,-0.0010052633,0.0042868574,-0.0002104437,1.1208740758,2.5459097012,0.7167653734,1.7427780263,2082.01461185,2074.24628502,2057.66359102,2028.3747575,1.85,4.960525411382335e-05,-0.81,0.28,-0.0001964891058076538,0.78,-0.0067093939,1.39,0.06,4.67,0.0013341335,0.0459770115,0.0145985401,-0.16,0.14,0.36,-0.0140196474,0.7,-0.0011866908,0.3,-0.0028302264,0.0008488587,0.27,-0.41,-8.41222985271e-05,-0.67,0.48,3.63,0.03,-0.19,-0.0025995264,-0.0046347848,0.5,0.0064348862,0.00011164793654522943,S&P,0.0055204849,-9.183125273537895e-05,-1.24,0.0071441558,3.6454986677176215e-05,0.0024713661,4.06,-0.010779805,2.1,-0.0043549201,-6.142153650554079e-05,-0.0010655877,-1.51,-0.55,3.5625663352237085e-05,0.14,0.0007986245,-0.0056807249,-0.67,-0.06,-0.0039695336,-0.0062431637,1.58,1.55,1.37,0.03,0.21,1.04,2.82,4.19,4.37,4.4
2016-06-02,2105.26001,0.0305091669,3.0,0.0028246782,0.0011350423,-0.0010052633,0.0042868574,0.7041228929,2.8144735553,1.9763061416,2.6395281559,2086.24104788,2077.19997311,2059.53011725,2029.13978488,1.81,1.158913889026963e-05,0.26,0.38,1.9066188444150228e-05,-0.09,-0.0020981717,1.36,0.64,4.64,0.003122966,-0.021978022,-0.0215827338,-0.2,0.27,-0.41,-0.0075157222,0.83,0.0014318137,0.28,-0.0070009085,0.0038588244,0.19,0.62,0.0014454956,0.25,0.47,3.59,0.26,0.19,0.0047319651,0.0122317191,-0.33,0.0018267011,-6.959288218285615e-05,S&P,0.0021568824,-0.0204081633,-0.1,0.0064829385,0.0001630583292166327,-0.0079560625,1.01,-0.0056358506,2.53,-0.0009646726,-3.478579414083701e-05,0.0040229671,-2.24,0.23,-0.00012489696865115857,0.21,0.0151622541,0.0003488256,0.03,0.24,-0.0019927598,-0.0010174267,1.62,1.53,1.34,0.09,0.28,1.05,2.83,4.17,4.36,4.45
2016-06-07,2112.129883,0.0269347651,1.0,0.0012894464,0.0048972811,-0.0029118147,0.0028246782,0.7239053079,3.1293257348,2.2001670781,2.5958227578,2095.96345546,2085.01177602,2064.90573651,2031.43894615,1.72,8.050998270201457e-05,-0.13,1.57,0.00020799277325280464,0.79,0.0118642263,1.23,1.76,4.58,0.0042065533,-0.025,-0.016,-0.11,0.09,1.23,0.0040555816,0.26,0.0011748909,0.28,-0.0005755419,-0.0014007582,0.2,-0.32,-0.0044483639,1.54,0.42,3.53,0.1,-0.55,0.014171013,-0.0041143067,0.03,-0.0033701134,-0.00010438899936866042,S&P,-0.0043573379,-4.526143316979548e-05,-3.12,0.0026340853,5.1766083067593106e-05,0.0153347108,0.32,-0.0017126714,0.34,0.0058322648,5.161534856737826e-05,0.0006635845,0.85,-0.55,-0.0001260292967013213,1.3,-0.0003454608,0.0164606553,1.19,-0.25,0.0006639442,0.0017693911,1.52,1.44,1.3,0.08,0.22,1.05,2.86,4.16,4.3,4.38
2016-06-08,2119.120117,0.0077318494,2.0,0.0033095664,0.0012894464,0.0048972811,-0.0029118147,0.9426835354,2.0741239066,3.5125931082,1.666205738,2100.17375755,2088.26018944,2067.03179065,2032.31139561,1.71,2.2509749373972154e-05,0.39,0.05,0.0001222949825917415,0.39,-0.006061379,1.23,2.08,4.56,0.0036927836,7.255917677097303e-05,-2.849418875271249e-05,1.47,0.37,0.13,-0.0009087852,0.79,-0.0013716376,0.24,-0.0011515739,0.0025979013,0.2,1.84,-0.005698966,-0.81,0.42,3.52,0.35,3.97,-0.0014234355,0.0040069984,0.32,0.002920412,-4.9365777713572435e-05,S&P,-0.0053709966,-2.4747632564599028e-05,0.54,0.0076103462,3.959916310999205e-05,0.0008819535,-0.24,-0.0044194064,2.06,-0.0017279137,1.8987843391204087e-05,-0.0030265157,0.9,-0.62,-4.887298021062297e-06,0.76,0.0006048561,-0.0068673809,-0.62,0.11,0.0056403452,0.002705068,1.51,1.47,1.29,0.04,0.22,1.04,2.85,4.14,4.32,4.36
2016-06-14,2075.320068,0.1084129563,1.0,-0.0017988855,-0.008115191,-0.0091751811,-0.0017177587,-1.7427817909,-1.0314925728,1.3320066249,0.419041176,2093.53879686,2088.76389803,2070.54627194,2034.62481742,1.62,0.0002225414714515346,-2.27,-0.97,-7.421355173993266e-05,-0.98,-0.0228742569,1.15,-1.03,4.5,-0.0052747991,0.0136986301,0.0087719298,0.14,-0.2,-0.39,0.0012328231,-0.03,0.0016424107,0.27,-0.0061826288,-0.0010085999,0.24,-0.12,0.0025256856,-1.77,0.4,3.45,-0.37,-0.34,-0.0061161701,0.0056764136,-0.74,-0.0188082504,9.740081614049023e-05,S&P,-0.0227225344,0.025,-0.63,-0.0025028288,9.101626429248366e-05,-0.0017661553,0.74,-0.0013085309,-1.47,-0.0058465125,7.193388663314538e-05,0.0032183873,-1.19,-0.11,-9.796877675586298e-05,-0.29,0.0028256015,-0.0143143762,-2.3,-0.02,0.0204492457,-0.0200992556,1.38,1.35,1.22,0.03,0.16,1.05,2.88,4.1,4.23,4.26
2016-06-15,2071.5,-0.0571976477,2.0,-0.0018407127,-0.0017988855,-0.008115191,-0.0091751811,-2.2471645953,-1.3256647105,-0.2196496667,1.1864947642,2089.53174289,2087.11971727,2070.58367304,2034.99173466,1.6,-8.766471404284932e-05,0.98,0.44,-0.00015757398089267111,0.59,0.0099870953,1.1,-1.73,4.5,0.000249676,-0.0675675676,-0.0434782609,0.44,-0.13,0.67,-0.0032833984,0.03,-0.0022318379,0.26,-0.0028096126,-0.0017796099,0.23,-1.19,0.0036856756,1.19,0.36,3.43,-0.09,0.75,0.0039234884,-0.0070067817,0.46,-0.0017719233,-6.238535286622091e-05,S&P,-0.0021331484,-0.0975609756,2.4,0.0012894906,0.00010606065016434807,-0.0029856906,-0.35,-0.0022340155,-1.29,0.0051098508,5.885555702852282e-05,0.0158402543,0.76,-0.21,0.00018215380674685582,0.04,-0.0060621498,0.0091929746,0.99,-0.28,0.0049276937,0.0073098346,1.37,1.34,1.24,0.03,0.13,1.07,2.9,4.14,4.24,4.27
2016-06-16,2077.98999,0.023573089,3.0,0.0031329906,-0.0018407127,-0.0017988855,-0.008115191,-1.7721741805,-1.2953278868,-0.6003256941,1.4826890076,2087.43324236,2086.25021943,2070.87411685,2035.419578,1.57,0.00010134691781600636,-0.28,-1.96,-0.00020337179903617632,0.17,-0.0044516254,1.1,-3.63,4.47,0.0024938612,0.0144927536,0.00014957427941616067,-0.96,0.36,-0.61,0.0042207536,0.06,0.0015520862,0.27,0.0140873418,0.0020661614,0.23,0.6,0.0006894949,-0.59,0.35,3.43,0.53,-2.05,-0.0209649053,0.0045501637,-0.29,0.00403421,0.00014898662518944577,S&P,0.0014963446,-0.027027027,-2.1,-0.0009658992,0.0001145700721710605,0.0117568429,-0.58,-0.0104582147,-1.25,0.0070337359,6.375123334267138e-05,-0.0049851123,-3.33,0.4,1.8407556965005964e-05,-0.86,0.0019757323,-0.0058542658,-0.47,0.27,0.0016344884,-0.0027317499,1.34,1.3,1.22,0.04,0.12,1.04,2.9,4.12,4.2,4.24
2016-06-21,2088.899902,-0.0676464481,1.0,0.0027120614,0.0058081851,-0.0032579652,0.0031329906,0.6543488982,-1.0998367661,-0.3838932348,1.9950714938,2085.10424137,2085.07226949,2072.05982664,2036.77207863,1.71,-5.989508970136558e-05,0.69,0.68,-4.060331620659687e-05,0.03,0.0061004224,1.22,-0.06,4.57,0.0038995102,0.027027027,0.0427350427,-1.68,0.3,-0.11,0.0085174134,-0.19,0.0020100196,0.27,0.0223686639,0.001354046,0.25,0.3,0.0003125488,0.78,0.4,3.57,0.14,-1.26,0.0077151973,0.0025349743,-0.64,0.0092993748,-2.8888463882434074e-05,S&P,0.0063924995,-7.167039379489959e-05,1.05,-0.0033082458,-1.604148554699882e-05,0.004499517,0.76,0.0081484149,-3.3,-0.0003223164,6.33627111458667e-05,-0.0035485131,1.51,-0.01,-9.451741667170172e-05,0.02,-0.0030890767,0.0053724556,0.69,0.23,0.0035679857,0.0036428269,1.46,1.44,1.31,0.02,0.15,1.0,2.86,4.17,4.3,4.32
2016-06-22,2085.449951,-0.0200193017,2.0,-0.0016515636,0.0027120614,0.0058081851,-0.0032579652,0.6734226889,-1.5888748226,-0.6611693485,0.4522938515,2085.16709767,2085.10823915,2072.58492956,2037.25643557,1.69,-0.0001222546712366572,0.94,1.31,3.328896870566338e-05,0.59,0.0029285201,1.2,-1.46,4.55,-0.0016891692,-0.0131578947,-0.0163934426,-0.17,-0.18,0.68,-0.0037535292,-0.47,-0.0019452001,0.27,-0.0039069546,-0.0021553385,0.25,-1.43,0.0009373535,1.0,0.39,3.56,-0.28,-0.12,0.0061291366,-0.0072923793,0.49,-0.0038125814,5.448293734681357e-06,S&P,-0.0055049545,-0.0243902439,0.9,-0.0042465997,-8.999457048555012e-05,-0.0039331476,-3.29,-0.0001910385,0.14,0.0081191306,-0.00010363490722569893,0.0093768974,-1.05,-0.38,-0.0001064072322800728,0.67,0.0024100448,0.0055433387,0.31,-0.13,-0.0051712991,0.0055568202,1.44,1.42,1.3,0.02,0.14,0.99,2.86,4.16,4.28,4.3
2016-06-23,2113.320068,0.0409638402,3.0,0.0133640786,-0.0016515636,0.0027120614,0.0058081851,1.7002044365,-0.1021003281,0.3828533275,1.0896719783,2090.28581955,2087.79508,2074.18238597,2038.01328763,1.74,-0.0001246096178040311,0.54,0.73,-7.279817118407384e-05,1.24,0.0196049162,1.25,2.06,4.6,0.0160516944,0.04,0.0416666667,-0.84,1.4,1.47,0.0057560961,2.34,-3.0453e-05,0.3,0.0180427136,0.0158731923,0.27,1.92,0.0014047136,1.06,0.42,3.62,1.28,0.17,0.0035210523,0.0161554199,0.81,0.021368267,9.464439251546207e-05,S&P,0.0200127524,0.075,1.31,0.0202355158,0.00022170023258931675,0.0069102228,0.78,0.0023507119,-1.04,-0.0156497221,-5.630879307228631e-05,-0.0046772858,1.13,-0.03,-2.1751431103613883e-05,-0.08,0.0078996909,0.0184658527,1.98,1.55,0.0133203374,0.0122819748,1.47,1.44,1.32,0.03,0.15,0.98,2.86,4.18,4.3,4.33
2016-06-28,2036.089966,-0.1924816155,1.0,0.0177701652,-0.0180965021,-0.0359197999,0.0133640786,-2.5281219052,-1.8903157448,-3.600153457,-2.9023098511,2060.64574564,2071.4241226,2068.58271425,2037.61910842,1.46,-4.089066884092934e-05,2.56,0.19,8.378595602451089e-06,0.74,0.0145325061,1.0,3.01,4.41,0.0188117876,-3.202259617438452e-05,0.00012725355447934967,-0.93,2.19,0.83,0.0168404496,2.36,-0.0005269815,0.26,0.0208548214,0.021206105,0.25,1.84,-0.003574244,1.73,0.35,3.42,1.86,0.17,-0.0027111795,0.023996221,0.37,0.0331539484,-3.325518008899593e-05,S&P,0.0242168418,-0.00010828922087146532,2.02,0.0161978843,0.0001610490782665817,0.0230700313,7.4,0.0087317805,-0.22,0.0087585682,4.2731514786927476e-05,0.0058203499,-0.39,0.38,-0.00010870468762365776,0.33,0.014414414,0.0192714064,2.6,2.47,0.0211460095,0.0264450707,1.21,1.2,1.11,0.01,0.1,0.99,2.95,4.06,4.15,4.16
2016-06-29,2070.77002,-0.0328491202,2.0,0.0170326727,0.0177701652,-0.0180965021,-0.0359197999,-0.7039215203,-0.0352391986,-2.2816119111,-1.3604367555,2062.4865228,2071.36182711,2068.66849095,2037.94896824,1.5,-4.51882269163957e-05,3.5,0.98,-0.00014224625598515734,0.91,0.0260390387,1.03,4.18,4.4,0.0186366629,0.0163934426,0.03,0.49,1.89,0.85,0.0086548353,2.17,-0.0017022943,0.26,0.0222492318,0.018623679,0.18,1.64,-0.006505876,1.83,0.34,3.37,1.87,2.98,0.0130702052,0.0108057968,0.52,0.0282258233,-0.00014760426464014147,S&P,0.0188720832,-0.0001155690098539362,0.6,0.0219632845,0.00013955895504358344,0.0170497738,-1.85,0.0007497882,-3.06,0.0086046247,-4.591102551675752e-05,0.0065355482,1.76,-0.25,2.1987067265237303e-05,0.96,0.0093038905,0.017464207,2.61,1.91,0.020374014,0.0357794605,1.32,1.24,1.16,0.08,0.16,1.03,2.9,4.06,4.14,4.22
2016-06-30,2098.860107,0.08984049,3.0,0.0135650443,0.0170326727,0.0177701652,-0.0180965021,-0.6842295788,1.004341556,-0.7856313062,-0.3039958471,2069.09990175,2073.98071091,2069.85247589,2038.55504922,1.49,0.0001324356489593134,2.23,2.93,-0.0001362818393167761,0.31,0.0100493306,1.01,-1.84,4.41,0.0134514358,-0.064516129,-0.0194174757,0.25,1.14,-5.361679102513447e-05,0.0127118218,1.62,0.0017051971,0.26,0.0124653144,0.0132698482,0.19,1.2,0.0018323373,0.84,0.35,3.39,1.11,2.24,0.0175302364,2.79751267069e-05,-0.18,0.0153594442,9.28955618406484e-05,S&P,0.0076644878,0.0285714286,0.55,0.0179389275,2.6971233923520822e-05,0.0138438137,2.13,0.0028702446,0.84,-0.0101835459,4.909787533311196e-06,-0.0006774763,-0.00025661919447503523,-0.37,1.2886952539692818e-05,0.56,0.0165088491,0.0070555983,1.01,1.01,0.0304419323,0.0226725531,1.3,1.23,1.14,0.07,0.16,1.02,2.92,4.06,4.15,4.22
2016-07-06,2099.72998,0.0686096032,2.0,0.0053529629,-0.0068474773,0.0019486025,0.0135650443,3.1255993135,0.5184584474,1.1761998728,-0.5870805153,2081.68240819,2079.94691094,2072.92676347,2040.28432539,1.38,-0.00017031463123750267,-1.31,-1.04,-0.00011284202951973441,-0.31,-0.0187633903,0.95,1.75,4.21,0.0030779495,0.0357142857,0.0106382979,0.57,0.54,0.78,0.0056848196,0.78,0.0019940927,0.27,0.004104026,0.0075183509,0.26,1.48,-0.003506182,-1.69,0.35,3.23,0.41,0.75,-0.012309531,0.0130614055,0.21,0.0107472714,5.5748597540410065e-05,S&P,0.0095218137,0.0285714286,-1.42,0.0069156219,-3.5626566138418034e-05,0.0115028922,0.8,8.90143471888e-05,-0.46,-0.0024687642,5.138856959515319e-05,0.0036255757,-2.05,-0.19,-6.540738530909009e-05,-2.12,0.0030261062,-0.0167163642,-1.86,0.81,0.0092209536,-0.0124972966,1.12,1.11,1.03,0.01,0.09,0.98,2.83,3.86,3.94,3.95
2016-07-07,2097.899902,-0.077974001,3.0,-0.0008715778,0.0053529629,-0.0068474773,0.0019486025,1.3101349613,0.5969911191,1.2744340816,-1.0013691451,2084.63104343,2081.65671961,2073.90610224,2040.85761471,1.4,-4.156012492353884e-06,1.17,0.96,-0.00011409416606798904,1.35,0.007967603,0.97,-4.92,4.19,-0.0026442694,8.567067646035167e-07,0.0210526316,-0.24,-0.1,-0.48,0.0042918769,0.16,-0.0017806374,0.29,-3.219406382132094e-05,0.003632295,0.27,-1.8,0.0028549383,0.58,0.36,3.22,-0.09,-1.99,0.0103258294,-0.0014099294,-0.32,0.0064795316,0.00027519780125663166,S&P,0.0032153696,0.0277777778,-1.3,0.002118008,-7.015733444612745e-05,-0.0120097465,-0.32,-0.0035590805,-0.9,-0.0007875654,7.611131105526567e-05,-0.0001475058,-0.13,0.36,4.748875582364233e-05,1.14,-0.0010599886,0.0048564222,0.78,0.29,0.0025204789,0.0108607751,1.13,1.11,1.04,0.02,0.09,0.97,2.79,3.83,3.9,3.92
2016-07-12,2152.139893,0.2595732386,1.0,0.0070092935,0.0034086156,0.0152533493,-0.0008715778,3.0446885403,7.5779465067,3.3068471379,3.5150419866,2110.22940005,2096.9130941,2081.38434927,2043.78204715,1.53,-1.8253689878316928e-05,-0.09,1.93,7.887071067601564e-05,1.12,0.0156758427,1.1,4.8,4.23,0.0093712212,0.0454545455,0.067961165,-1.74,0.73,1.21,0.0045369662,1.2,-0.0007929502,0.29,0.0117892945,0.0068515038,0.29,-0.66,-0.0049836166,1.45,0.39,3.3,0.64,-0.64,0.0164862065,-0.007389433,0.01,0.0149349767,2.7178246853069855e-05,S&P,0.0056155572,-6.342450972951245e-05,2.98,0.013327383,-6.70686641544547e-05,0.011289786,1.18,0.0217704631,1.57,0.022891725,-9.257675343935038e-05,0.0181855164,2.8,0.6,5.734474168093859e-05,0.1,-8.1363377532e-05,0.0132873698,1.56,0.45,0.0015522819,-0.0003291546,1.24,1.24,1.14,0.0001269998484612741,0.1,0.93,2.7,3.84,3.94,3.94
2016-07-13,2152.429932,-0.1453211708,2.0,0.0001347677,0.0070092935,0.0034086156,0.0152533493,2.509844242,5.7138912299,3.0413151889,3.7155648996,2117.90222404,2102.200412,2084.17045055,2044.86312064,1.48,-2.3137624453866226e-05,0.24,0.18,-1.2549727564350822e-05,-0.33,0.0008957614,1.07,-4.56,4.17,0.0006908083,-0.0144927536,-0.0272727273,0.84,0.01,-0.18,-0.0056456068,-0.22,-0.0003443836,0.31,0.0056380193,-0.0034024402,0.29,1.19,-0.0063794265,-0.23,0.39,3.24,0.13,0.99,0.0045997692,-0.0074578218,0.28,-0.0006329272,0.00011253807842235296,S&P,-0.0016545606,0.00011707373340150993,1.22,-0.0039223983,-1.0703486998769433e-05,-0.0007372301,0.11,-0.0064912847,0.8,-0.0119390553,1.4169125252171386e-05,0.0037082479,0.5,-0.35,6.848937034932797e-05,0.73,0.0006508461,-0.0033480647,0.1,-0.19,0.0030999072,-0.0015417984,1.19,1.17,1.09,0.02,0.1,0.93,2.69,3.78,3.86,3.88
2016-07-14,2163.75,-0.0104816236,3.0,0.0052592039,0.0001347677,0.0070092935,0.0034086156,3.1388579568,4.4901161936,3.7545877791,4.453294714,2126.2381833,2108.06227752,2087.2912172,2046.04607466,1.53,-1.4446478102074232e-05,-0.47,1.27,3.911915854348606e-06,-1.09,0.0115933662,1.1,2.4,4.23,0.0048843591,-1.7692247886104102e-05,0.0280373832,-0.58,0.52,0.3,0.0198203566,0.05,-0.0004044156,0.31,0.0042983369,0.00565953,0.29,-0.44,-0.0050869796,1.3,0.4,3.28,0.76,-0.15,0.011194413,-0.0019255793,0.27,0.0151995408,-0.00018574058001659567,S&P,0.0138802362,0.025,0.13,0.0008408621,-1.9292296634553507e-05,0.0007377741,-0.37,0.0107133829,-1.64,0.018153561,-0.00011361420292821567,-0.0021795416,1.05,-0.46,-0.00021947246418017424,0.26,0.0014634146,0.0138549856,1.15,0.63,0.0083436339,-0.0023836505,1.24,1.22,1.13,0.02,0.11,0.95,2.7,3.83,3.92,3.94
2016-07-19,2163.780029,-0.0136144166,1.0,-0.001435174,0.0023822953,-0.0009289474,0.0052592039,0.5408633536,3.6020194985,8.1597961959,3.8655960158,2143.43236652,2122.62256284,2095.98494727,2049.5364065,1.56,-6.484005490663283e-05,-0.15,-0.41,-4.686191831476056e-05,-0.87,-0.0063359332,1.12,-0.64,4.23,-0.0032084998,0.0294117647,-0.0175438596,0.25,-0.06,-1.16,0.0004006912,-0.43,-0.0013721922,0.31,-0.0161230359,-0.0038391047,0.29,-0.34,0.0052940269,-0.95,0.43,3.31,0.16,-0.65,-0.0059615373,0.0052712445,-0.47,-0.0015634459,-0.00011570703647219067,S&P,0.001864126,1.9769382020807796e-05,1.21,-0.0061760254,3.734337883812092e-05,-0.0036911938,0.22,-8.48171354619e-05,-2.73,-0.0120989409,4.262139792795819e-05,-0.0022887855,0.65,0.32,-0.00010392390644597535,-0.26,0.0171349766,-0.0081375924,-0.63,-0.04,0.000607718,0.0002987126,1.27,1.25,1.13,0.02,0.14,0.92,2.67,3.8,3.92,3.94
2016-07-20,2173.02002,0.0820391195,2.0,0.0042703005,-0.001435174,0.0023822953,-0.0009289474,0.9565973644,3.4904507102,6.7251475272,4.0270056942,2148.81193988,2127.42232067,2099.00593051,2050.76509917,1.59,-0.00016927141060484532,0.54,1.02,0.0001916771909616413,-0.34,0.0114615229,1.15,1.09,4.25,0.0032122918,0.0428571429,0.0267857143,-1.21,0.41,-0.33,0.0009011314,0.68,-0.002807898,0.32,0.0531173479,0.0106346551,0.27,-1.97,0.0031166997,1.62,0.43,3.34,0.28,-2.51,0.0096562232,0.0077977686,-0.06,0.0010961321,0.00028413627714087334,S&P,0.0049617946,6.462850348213945e-05,-0.4,0.0077387974,-1.422436736387378e-05,-0.0057161109,-2.57,0.010053054,-1.37,0.0119114552,-1.6924743196532344e-05,-0.0028643891,-0.18,0.16,-0.00011206356999811156,-0.04,-0.0008782515,0.0161071699,1.13,0.96,-0.0045551473,0.0047182636,1.32,1.27,1.16,0.05,0.16,0.91,2.66,3.82,3.93,3.98
2016-07-21,2165.169922,0.0706880126,3.0,-0.0036125291,0.0042703005,-0.001435174,0.0023822953,0.0656232005,3.2065409763,4.558685952,3.8226748603,2151.78611845,2131.01733032,2101.60059685,2051.90345562,1.57,-6.646020308296594e-05,-0.34,0.52,4.731898305614139e-05,-0.47,-0.0008013604,1.11,-2.06,4.25,-0.0031945867,-0.0410958904,-0.0347826087,1.15,-0.44,0.25,-0.0053021109,-0.67,-0.000329509,0.31,-0.0019674656,-0.0031494094,0.28,1.03,0.0004974287,0.28,0.43,3.35,-0.51,1.96,0.0053928879,-0.0017298424,0.09,-0.0037541217,-4.834510743297738e-05,S&P,-0.0063773296,0.00017477600702997748,0.18,-0.0048605527,6.441269744522648e-05,-0.0008517194,1.28,-0.0129939645,1.33,-0.0013901736,0.00015026607435554413,0.0036689228,0.72,-0.14,-1.7344264340606413e-05,-1.1342980603560232e-05,7.99344740285e-05,0.0014001362,0.01,-0.26,-0.0057961869,-0.0043245799,1.29,1.26,1.14,0.03,0.15,0.9,2.68,3.82,3.94,3.97
2016-07-26,2169.179932,0.1259665581,1.0,0.0003227846,-0.0030114752,0.0045539645,-0.0036125291,0.249558778,0.7917719036,3.8605674324,8.4297184616,2160.2611004,2141.31122704,2109.42880012,2055.41968964,1.57,-2.8049019758174716e-05,0.37,0.25,-8.503295258758747e-05,0.83,0.0015428487,1.15,0.34,4.22,0.0019121767,0.0416666667,9.939849365675827e-05,0.36,0.05,0.43,-0.0068830699,0.57,-0.0014372764,0.31,0.0005287855,0.0024364111,0.24,0.2,-0.0035846902,0.68,0.42,3.31,-0.12,0.46,0.0061968941,-0.0054352403,-0.06,0.0040707375,6.2624952435093476e-06,S&P,-0.0031171655,-0.0227272727,0.41,0.00581908,-5.226825775081361e-05,-0.0072667898,-1.27,-0.0069048853,-3.4,0.0034330494,0.00011030661192751803,0.0113859731,-1.63,0.66,-7.273727522132283e-05,0.98,0.002081856,0.0048556938,0.18,0.21,-0.0053729458,0.0020714895,1.33,1.26,1.15,0.07,0.18,0.91,2.65,3.8,3.91,3.98
2016-07-27,2166.580078,0.1606896452,2.0,-0.0011985423,0.0003227846,-0.0030114752,0.0045539645,-0.2963590736,0.6574033277,3.1837473693,6.4088578687,2161.41000542,2143.71778428,2111.6700267,2056.52576316,1.52,-8.564187245985488e-05,0.23,0.27,9.40538219990417e-05,0.3,0.0118754658,1.1,-3.12,4.19,-0.0030837031,-0.0266666667,-0.0434782609,1.48,-0.13,-0.15,0.0649632681,0.16,-0.0004348022,0.31,-0.010042266,0.0058238677,0.24,3.15,-0.0028993207,0.6,0.39,3.29,-0.04,3.67,0.0040334773,0.0014681493,0.65,0.0031187433,-1.3229429745443961e-05,S&P,0.00062537,-0.0697674419,-1.8,0.0017011563,-4.797087087501577e-05,-0.0067736808,-1.47,0.000972799,0.03,0.0064594218,0.0001394883883469188,-0.0190701072,2.26,-0.64,4.878175091882341e-05,0.02,-0.0030363963,0.0070054373,1.18,0.94,-0.0060374327,0.0039262198,1.28,1.21,1.13,0.07,0.15,0.9,2.67,3.8,3.88,3.95
2016-07-28,2170.060059,-0.0829082718,3.0,0.0016062093,-0.0011985423,0.0003227846,-0.0030114752,0.2258546523,0.2916260659,3.4396377507,4.7948366087,2162.98274243,2146.22657235,2113.95983189,2057.65545764,1.52,-3.172981589694925e-05,-0.15,-0.11,-0.0001492926480193762,-0.04,-0.0059321161,1.09,-1.77,4.2,0.0004088193,-0.0136986301,-0.0090909091,-0.3,0.2,0.15,0.0135016905,-0.2,-0.0016049679,0.25,0.0003559352,0.0029514556,0.18,-0.57,0.0011113395,-0.12,0.38,3.3,-0.08,-0.93,-0.0020095598,0.0216379144,0.15,-0.0035753769,0.0001086066180771504,S&P,0.0027083542,-0.025,0.96,-0.001312707,-9.784185652802959e-05,-0.0078099986,7.52,-0.0019627541,-1.42,-0.0057380962,0.00011239791149874031,0.0007767299,-1.8,-0.52,0.000101873590012163,-0.53,-0.0024845556,-0.0043238434,-0.57,0.25,-0.0009591112,-0.0043404546,1.34,1.27,1.14,0.07,0.2,0.9,2.68,3.82,3.95,4.02
2016-08-04,2164.25,-0.020422392,3.0,0.0002125719,0.0031339434,-0.0063616197,-0.0012697874,-0.2677372442,-0.0424872889,0.02310803,3.1626913151,2164.25625832,2153.78183936,2123.33995269,2062.93225073,1.51,0.00013009184945950302,1.62,0.61,-8.624438864643053e-05,0.2,0.0056814048,1.03,2.76,4.27,0.001121092,-0.0447761194,-0.0373831776,0.24,0.1,0.51,0.000756234,-0.04,0.0011914098,0.26,0.007372266,0.0012616461,0.24,-0.15,-0.0041394085,0.49,0.4,3.42,0.02,-0.39,0.0042831233,0.008123085,-0.17,-0.0015466439,0.000123141257716782,S&P,0.0056758461,-0.0238095238,-1.0,0.0008493482,0.00010392655200597028,-0.0001142416,-0.18,-0.0013618027,-1.4,-0.0149144658,-0.00013795670833918232,0.0013312537,1.0,0.1,7.26099009381355e-05,0.24,-0.0003228491,0.0056685547,0.56,0.33,0.0012849663,0.0159472288,1.27,1.25,1.11,0.02,0.16,0.85,2.76,3.87,4.01,4.03
2016-08-09,2181.73999,0.0020285195,1.0,0.0003897936,-0.0009071653,0.0086034964,0.0002125719,1.1455547984,0.5790233357,0.8300271173,1.3753797835,2172.17509216,2161.04812293,2129.95351342,2066.44622676,1.55,-6.76797962960486e-05,0.59,-0.08,0.00012879175187943028,0.39,0.0119149224,1.11,-0.9,4.25,0.0015294758,-0.0405405405,-0.0347826087,0.4,0.09,0.27,0.004060118,0.22,-0.0007807339,0.29,0.0024112986,0.0023670653,0.27,2.24,-0.0029265771,2.53,0.43,3.37,0.03,0.61,-0.0012958747,0.0022829263,0.24,-0.0034795009,5.0674464149600654e-05,S&P,0.0004089143,-0.0222222222,-0.65,0.0010727605,7.897498466723132e-05,0.0012416865,-4.84,-0.0036465763,-0.12,-0.0019374834,8.847830330271289e-05,0.0071244453,0.72,-0.11,0.00011279469801373193,0.71,-0.0017792317,0.0249742177,1.2,0.26,0.000959354,0.0061975454,1.28,1.26,1.12,0.02,0.16,0.88,2.7,3.82,3.96,3.98
2016-08-10,2175.48999,-0.0237980986,2.0,-0.002864686,0.0003897936,-0.0009071653,0.0086034964,0.5407156327,0.4112431426,0.1136653127,1.0713499965,2172.77780086,2162.42353884,2131.7392576,2067.53123933,1.5,-5.950662976007384e-05,0.12,-0.04,1.481838315848737e-05,0.57,-0.0035944062,1.07,-2.07,4.21,-0.0027330529,-0.0281690141,-0.036036036,0.44,-0.22,0.4,-0.0074441505,-0.7,-0.0024041351,0.28,-0.0030928006,-0.0039996138,0.27,-0.38,-0.0046352769,-0.4,0.42,3.3,-0.08,1.21,0.0011938387,0.0003253895,0.51,-0.0089570969,0.00022830964327149418,S&P,-0.0153280196,-0.0227272727,0.98,-0.0068764269,7.086055739014727e-05,-0.0258172838,-2.07,-0.0076730412,1.11,0.0010025278,1.7244235425126594e-05,-0.0022919846,0.24,-0.64,0.0001854784410604241,-0.31,-0.000567115,-0.0039288445,-0.36,-0.21,-0.0009584345,0.0022039755,1.23,1.22,1.08,0.01,0.15,0.91,2.71,3.79,3.93,3.94
2016-08-11,2185.790039,0.0516782132,3.0,0.0047345881,-0.002864686,0.0003897936,-0.0009071653,0.9952657503,0.7248638089,0.9523555999,1.0186037666,2175.14366234,2164.64891981,2133.85889609,2068.70794381,1.57,-1.0777374222611179e-05,1.13,0.64,7.995584392105667e-05,0.01,0.0116667374,1.16,4.52,4.27,0.0056770332,0.1014492754,0.0841121495,-0.58,0.41,-0.05,-0.0006481481,0.49,-0.0019881913,0.28,0.0048259049,0.0045767043,0.27,0.95,-0.0055070466,0.62,0.44,3.33,0.61,-0.7,0.0039178112,0.0034870303,-0.35,0.002757353,-1.504333197812519e-05,S&P,0.0012453715,0.0465116279,0.88,0.0047822434,-0.00013420702114303417,0.0035875129,-0.39,0.0066743395,-1.22,-0.0050137633,0.00013008856587715649,-0.0053360417,0.27,0.05,2.7227689111754535e-05,0.33,0.0033235733,0.0086331001,1.16,0.39,0.0006396226,0.0070342965,1.3,1.29,1.13,0.01,0.17,0.94,2.7,3.83,3.99,4.0
2016-08-16,2178.149902,0.0382877542,1.0,-0.005479077,0.002792909,-0.0007960463,0.0047345881,-0.1645515972,0.9791181725,0.4135189464,0.6641096973,2179.00660756,2169.64462927,2139.53365298,2072.11822936,1.57,-2.6069717347825635e-06,-0.68,-0.03,2.356140801506143e-05,0.98,-0.0083194949,1.16,1.82,4.27,-0.0044904698,0.0555555556,0.0175438596,0.5,-0.42,0.29,-0.0009134636,-0.79,-0.0015974922,0.27,-0.0116999314,-0.0066343642,0.27,-1.82,-0.0049661574,-0.46,0.44,3.34,-0.31,-0.1,-0.0009449433,-0.005790592,0.84,-0.0001521911,-0.00012922636060728278,S&P,0.0035218355,-0.0217391304,0.98,-0.0086402494,8.127360826529148e-05,0.0012527047,1.04,-0.0102726296,0.21,0.0116912764,8.561600339369922e-05,-0.0048502441,-1.6,-1.13,-5.240864160145074e-05,0.12,-0.0161883414,-0.0058253419,-0.82,-0.5,-0.0016004802,-0.0068144257,1.3,1.3,1.13,-3.734870200026248e-05,0.17,0.93,2.7,3.83,4.0,4.0
2016-08-17,2182.219971,0.0602271305,2.0,0.0018685899,-0.005479077,0.002792909,-0.0007960463,0.3093547215,0.8517430836,0.7218700642,0.4233716632,2179.59085546,2170.84228087,2141.20762623,2073.21376908,1.56,2.6813742365049444e-05,-0.58,-0.79,5.224963177246777e-05,-0.38,-0.0095864456,1.15,1.26,4.25,0.0013783323,-0.0263157895,-0.0086206897,0.19,0.14,-0.52,-0.0014627537,-0.3,0.0013887212,0.3,0.0020891713,0.000296587,0.27,-1.11,-0.0014770704,-1.49,0.45,3.31,0.09,-0.45,-0.0048475109,0.0007722462,0.09,0.0027393091,-1.6891995430911352e-05,S&P,0.0035095376,0.0222222222,-0.92,-0.0028022638,-6.321889794874367e-05,0.0021610897,0.08,-0.0029341218,0.65,0.0008347572,3.125701915608279e-05,-0.000155039,0.9,0.02,0.00020440972390700459,-0.14,0.0081442365,-0.0130172352,-0.96,0.11,0.0032061557,-0.0050333929,1.29,1.26,1.11,0.03,0.18,0.94,2.69,3.8,3.95,3.98
2016-08-18,2187.02002,-0.0260673786,3.0,0.0021996174,0.0018685899,-0.005479077,0.002792909,0.0562716902,1.0520974934,0.7815433923,1.0091631968,2180.94161265,2172.38301793,2143.0041907,2074.34616959,1.53,-0.00010189780453062703,0.16,1.41,-0.00013274509132444335,0.58,0.0043868914,1.12,2.09,4.23,0.0035447016,-0.0405405405,-0.0260869565,0.27,0.17,0.4,-0.0012818073,0.77,-0.0033162496,0.29,0.0006948749,0.0021974551,0.27,0.47,-0.005333105,0.58,0.43,3.28,0.13,0.2,0.0097975009,-0.0002223075,0.58,0.0009105783,9.674496761458444e-05,S&P,-0.001645793,-0.0434782609,0.7,0.0074693093,-7.269251226744975e-05,0.0090795936,2.1,0.0020619583,0.23,0.0093486888,-8.966526597906836e-05,-0.0017497417,-1.49,-0.81,-3.5583688991173035e-05,0.9,-0.004863548,0.006202543,0.43,0.09,0.0044742408,0.0014287096,1.26,1.24,1.1,0.02,0.16,0.95,2.7,3.8,3.94,3.96
2016-08-23,2186.899902,0.0950261921,1.0,0.0019517691,-0.0005633229,-0.0014402717,0.0021996174,0.4017170715,0.2365044425,1.3847685289,0.8168971941,2182.63401177,2175.54494035,2147.69833479,2077.60114587,1.55,0.0002589054869914456,0.9,0.34,4.9436259773457376e-05,0.3,0.0071778326,1.15,1.63,4.19,0.0029188744,-0.0263157895,-2.8517118347940204e-05,-0.07,0.17,-0.03,0.0031333148,0.72,-0.0010078977,0.3,0.0038148259,0.0029516035,0.28,0.36,-0.0015842349,1.13,0.44,3.25,0.05,-0.42,4.43315063448e-05,0.0039106126,-0.11,-0.0004560182,-4.3239769260125635e-05,S&P,-0.0045239769,7.265259183545844e-05,-1.17,0.0071305,-9.223332384192754e-05,-0.0030684965,3.06,0.0005984778,-1.87,0.0044865134,0.00012130802600040167,0.0015887951,-0.36,0.15,1.4520250268693087e-05,0.45,0.0026022413,0.0093888881,0.74,0.11,-0.0028735632,0.0058578019,1.27,1.25,1.11,0.02,0.16,0.94,2.64,3.75,3.89,3.91
2016-08-24,2175.439941,0.0351110804,2.0,-0.0052402769,0.0019517691,-0.0005633229,-0.0014402717,-0.3106941596,-0.0023005852,0.5384026079,0.4089330964,2181.32599891,2175.53494041,2148.78624092,2078.57466622,1.56,0.0001716054706578363,-0.65,-0.97,0.00010324229022704864,0.26,0.0031709099,1.13,-1.82,4.2,-0.0051911129,0.027027027,-0.0173913043,-1.07,-0.47,-0.04,-0.0075332937,-0.89,0.0026502831,0.31,0.001036483,-0.0080588387,0.28,-1.93,0.0009210883,0.25,0.45,3.25,-0.3,-1.49,-0.0077460296,-0.006820135,-0.38,0.0027368102,6.618104364996007e-06,S&P,0.0045445363,0.0222222222,-1.84,-0.0090742735,-2.3660443505569472e-05,0.003419927,1.27,0.0024025781,-0.74,0.0029122263,5.022475776102783e-05,-0.0012383612,0.18,0.32,-2.205488039246182e-05,-0.5,-0.0061118803,0.0028405726,0.32,-0.64,-0.000320237,-0.0047608932,1.28,1.25,1.11,0.03,0.17,0.95,2.64,3.75,3.89,3.92
2016-08-25,2172.469971,-0.0568469132,3.0,-0.0013652273,-0.0052402769,0.0019517691,-0.0005633229,-0.6652910749,-0.6093937552,0.3798069077,0.1110527789,2179.71581201,2175.24303857,2149.71501465,2079.50894786,1.58,7.014710591393817e-05,-0.17,-0.12,-0.0001964704086587594,-0.14,-0.0065067176,1.16,1.26,4.21,-0.0006310312,0.0263157895,0.0265486726,-0.15,-0.07,0.07,-0.0042580672,0.28,0.0001501862,0.33,0.0037963244,-0.0010521411,0.27,-0.36,-0.0014692918,-0.87,0.45,3.27,-0.13,-0.05,-0.0002554723,0.0026014804,0.18,0.0018196058,5.0741884088215906e-05,S&P,-0.0051408594,9.043450967096741e-05,-0.05,0.0022226712,-0.00016866685708633443,-0.0063621679,1.79,2.98154182948e-05,-0.77,-0.0030352442,-1.526987996104393e-05,-0.0056874479,-0.12,0.08,2.790080193758699e-05,0.14,-0.0011793362,-0.0087903746,-0.65,-0.08,-0.0003203075,-0.0027648415,1.31,1.25,1.13,0.06,0.18,0.94,2.63,3.76,3.88,3.94
2016-08-31,2170.949951,0.2526240521,2.0,-0.0023758643,-0.0019536807,0.0052280473,-0.0015788168,-0.2063945741,-0.5164474778,-0.2086904109,0.3308968001,2176.60481903,2174.8726867,2153.32485655,2083.21889247,1.58,6.481066485233382e-05,-0.59,-0.33,-7.733383205750661e-05,0.43,-0.0043230648,1.19,-2.75,4.19,-0.0030368064,-0.00019585531755818793,0.0084745763,-0.17,-0.26,0.11,0.0009433774,-0.57,-0.0004191366,0.33,-0.0074278806,-0.0018705796,0.26,0.24,0.0017193028,-0.5,0.46,3.24,-0.27,0.27,-0.0017043939,0.00205836,0.13,5.860725833546715e-05,-3.253956205309275e-05,S&P,0.0035559068,-0.0002420952514022952,0.05,-0.0049115951,-3.453394932629442e-05,-0.004341842,2.12,0.0042190576,-1.27,0.0032832419,-4.272837733336292e-05,0.003517106,0.9,-0.01,0.00014210824967522028,-0.56,-0.0010881811,-0.0060941466,-0.43,-0.05,-0.0041441185,-0.005761759,1.32,1.25,1.12,0.07,0.2,0.95,2.61,3.73,3.86,3.93
2016-09-01,2170.860107,-0.0993710157,3.0,-4.13846482084e-05,-0.0023758643,-0.0019536807,0.0052280473,-0.0741029345,-0.7389010092,-0.6830451111,0.3054225251,2175.56032593,2174.49053626,2154.01251343,2084.09094435,1.57,-5.7807717233040724e-05,-0.6,1.09,8.743436059044257e-05,0.46,0.0003266415,1.18,-3.38,4.19,0.0006669628,-0.025,-0.0084033613,0.37,-0.1,0.45,0.0059378418,-0.03,-0.0014076914,0.33,0.0022624609,0.0026835133,0.26,1.26,-0.001159491,-0.82,0.46,3.24,7.785105995968099e-05,1.18,0.0080715475,0.0018982033,0.36,-0.0042963111,-0.0001242828223416367,S&P,-0.007283445,5.8389019246558265e-05,-0.1,-8.8704e-05,0.00015766059768212832,-0.0034427703,-3.29,-0.0004259259,1.84,0.0107524917,6.711017461054815e-05,-0.0071904391,0.3,-0.38,-7.392932568452108e-06,-0.1,-0.002178599,-0.0055114289,0.03,0.08,-0.0012803777,-0.0052348301,1.31,1.24,1.11,0.07,0.2,0.95,2.62,3.73,3.86,3.93
2016-09-07,2186.159912,-0.0371934506,2.0,-0.0001463851,0.0029816788,0.0042010413,-4.13846482084e-05,0.4613621703,-0.0338373969,0.367743744,0.2025870186,2179.64986409,2177.06297378,2157.43652787,2087.05044184,1.54,5.3753244194949945e-05,0.26,-0.23,9.386844918606176e-05,0.46,0.0061148874,1.12,1.52,4.19,-5.60428580308e-05,9.419475845645224e-05,-0.0088495575,-0.34,0.0002899328865629321,-0.21,0.006128171,0.56,-0.0017529928,0.34,0.0008678875,0.0015201207,0.25,-1.45,0.0028180198,0.6,0.48,3.28,-0.05,-1.3,-0.001928273,-0.005564941,-0.15,-0.0041518089,0.0002458853668546734,S&P,-0.00440092,0.0888888889,0.43,0.0060955783,-0.00015613596932902678,-0.0037258891,-1.51,0.0029943363,1.13,-0.0061358973,-4.8261613992811764e-05,0.0003931417,-0.53,0.02,4.9261052335139655e-05,-0.38,-0.0011690939,0.0061607524,0.62,0.03,0.0003220612,0.0030031789,1.29,1.2,1.06,0.09,0.23,0.91,2.65,3.71,3.85,3.94
2016-09-08,2181.300049,0.1230395672,3.0,-0.0022230135,-0.0001463851,0.0029816788,0.0042010413,0.4767543349,0.2693757658,-0.0421553286,0.2670689834,2179.94989771,2177.46650475,2158.37235223,2087.98824887,1.61,-0.00014326131581645412,0.33,0.95,0.00011389136511152307,-0.7,-0.0033920829,1.19,4.19,4.28,-0.0007199003,0.0540540541,0.0625,-0.51,-0.32,-0.38,-0.0262089699,-0.36,3.00183111697e-05,0.34,-0.0039889005,-0.0046272746,0.25,-0.85,0.003019694,-0.7,0.49,3.36,-0.3,-0.86,0.0074774962,-0.0005353636,0.2,0.0013400237,-0.00011450922078661448,S&P,0.0026120555,0.0204081633,0.14,-0.0021015099,1.3197829892255554e-05,0.0091795673,4.86,0.004684304,0.87,-0.0021298975,5.412797095730455e-06,0.00130214,-0.29,0.28,-0.00020565644347650302,-0.25,-0.0011704707,-0.0072250136,-0.34,-0.68,-0.0006438506,0.0017673147,1.36,1.27,1.12,0.09,0.24,0.92,2.67,3.79,3.94,4.03
2016-09-13,2127.02002,0.0327117951,1.0,-0.014830674,0.0146770525,-0.0245220689,-0.0022230135,-2.7194376598,-2.44727368,-2.5482844503,-2.8824457149,2160.86963002,2167.2030264,2156.06164318,2089.46496387,1.73,-0.00010762181327589584,-0.49,-0.18,2.7141663865912902e-05,-1.35,-0.0118518022,1.26,-2.52,4.43,-0.0191672356,0.0126582278,0.041322314,-0.65,-1.38,-1.27,0.0238049597,-1.91,-0.0003443784,0.36,-0.0091148117,-0.0108674848,0.25,-0.13,0.0098004605,-0.34,0.53,3.51,-1.28,-1.2,-0.0032133068,-0.0135840777,-0.12,-0.0079033554,-0.00011443196558099271,S&P,-0.0325505144,0.0188679245,-0.05,-0.019055442,-1.292844464514339e-05,-0.0238286399,-0.21,0.0074004089,-2.14,-0.0108196694,-0.00011460552195550005,0.0005072702,0.36,0.46,0.00015941766598429264,0.14,-0.0130077455,-0.0043300345,-1.19,-0.82,-0.0209904887,-0.0052679199,1.48,1.37,1.2,0.11,0.28,0.92,2.7,3.9,4.07,4.18
2016-09-20,2139.76001,-0.0070407841,1.0,0.0002991384,-1.86030973077e-05,-0.0037722949,0.0101092733,0.5989595716,-2.1367664203,-1.8629722883,-1.9645880723,2146.93858465,2155.9323743,2152.85382456,2091.84442124,1.69,0.00019600216132017743,0.38,-0.1,-9.087805368343096e-05,0.26,-0.0012720986,1.2,-0.15,4.39,-0.0003833482,3.726329206797836e-05,-0.0163934426,0.13,-0.09,0.32,-8.80612768436e-05,-0.54,0.0004950347,0.3,-0.0021078342,0.0012073118,0.17,-0.06,-0.0015300712,0.34,0.49,3.5,-0.03,0.73,-0.0008318246,0.006605593,-0.17,0.0040791206,-2.4768303313276846e-05,S&P,0.0119539888,0.0208333333,0.28,-0.0034076841,-2.133607523830791e-05,-0.0153882974,3.85,-0.0029358443,0.43,-0.0045444057,-0.00019180094970501087,-0.001008253,0.25,-0.07,-2.6911960091709792e-05,0.2,0.0024646693,0.0019269795,-0.13,0.09,0.0081549439,0.00252432,1.52,1.39,1.2,0.13,0.32,0.89,2.7,3.9,4.09,4.22
2016-09-21,2163.120117,0.1819194901,2.0,0.0109171622,0.0002991384,-1.86030973077e-05,-0.0037722949,1.7570149475,-1.0538933988,-0.597393494,-1.0873741856,2149.88068144,2156.61692122,2153.25642426,2092.55363214,1.66,7.772342900226854e-05,0.1,0.63,2.864226959687736e-05,0.53,0.0047736651,1.2,2.07,4.36,0.0140261942,-0.00012229107667547889,0.0001042355538388119,1.65,1.18,0.87,-0.0001760764,1.58,0.0006147387,0.22,0.0167223549,0.0102702695,0.12,3.89,-0.0075255276,0.36,0.44,3.47,0.95,2.8,0.0059088796,0.0122017115,0.3,0.0057176799,4.490909750255342e-07,S&P,-0.0156786723,-0.1020408163,-0.46,0.0136039042,1.7329652377308207e-05,0.009207681,0.33,-0.0113641864,0.62,0.0039105668,3.1732853234654846e-05,0.0009507188,2.51,-0.55,-1.995765864767525e-05,0.59,0.0081391015,0.0041014484,0.49,1.07,0.0060667341,0.000585583,1.54,1.44,1.22,0.1,0.32,0.89,2.7,3.92,4.14,4.24
2016-09-22,2177.179932,-0.0429030546,3.0,0.0064997847,0.0109171622,0.0002991384,-1.86030973077e-05,1.3934000475,-0.1888835514,0.286970273,0.0799834078,2154.84418154,2158.5753032,2154.19460104,2093.39568488,1.63,4.252906386817946e-05,0.99,0.6,-0.0001339834073814846,-0.52,0.0227392871,1.18,1.75,4.32,0.0079648012,-0.00017756151085482759,-0.0166666667,0.03,0.56,0.26,0.0094231614,1.38,-0.0014684728,0.18,0.0010388158,0.0083736233,0.1,0.39,-0.0027288154,2.1,0.39,3.44,0.44,0.2,0.0037980891,0.0189429713,0.17,0.008228651,-8.554484053519179e-05,S&P,-0.0024001963,-0.1136363636,2.0,0.0147785625,-4.252942658491143e-06,0.0028811283,-2.19,0.004362884,-0.61,0.0039260178,3.192430292592342e-06,0.0054327989,-0.51,-0.51,8.799323837836283e-05,0.97,0.0046253047,0.0227748456,2.29,0.75,0.0063651926,0.0112073651,1.53,1.45,1.24,0.08,0.29,0.88,2.69,3.93,4.14,4.22
2016-09-27,2159.929932,0.0689018304,1.0,0.0064441701,-0.0085877625,-0.0057367748,0.0064997847,0.9426254302,1.5472309471,-1.2142826938,-0.9379077086,2155.66644758,2158.10605985,2154.49446676,2095.27226957,1.56,8.865765466686052e-06,-0.31,1.31,-0.00017758731063644912,0.34,-0.0020803616,1.12,-2.91,4.25,0.0038080394,-0.0131578947,-0.0088495575,-0.79,0.61,0.39,0.0018603739,0.58,0.0003149512,0.26,0.0184534088,0.0091716246,0.16,-2.2,-0.0015422532,-0.42,0.42,3.39,0.69,-1.54,0.0108920723,0.021209786,-0.35,0.0088173002,-2.550657462639343e-05,S&P,0.004679122,-5.4652068018076405e-05,-1.28,0.0043838254,8.134598359186024e-05,0.0021671082,-0.03,0.0010861109,2.08,0.0033046764,-0.00018201738597440722,0.0059528952,0.85,0.17,-2.9549660880741247e-05,0.81,0.0122262015,-0.0031008651,-0.03,0.95,0.0115097491,-0.0015106784,1.4,1.3,1.14,0.1,0.26,0.86,2.69,3.83,3.99,4.09
2016-09-28,2171.370117,0.1319721796,2.0,0.0052965538,0.0064441701,-0.0085877625,-0.0057367748,0.381393522,2.1451096107,-0.6765193579,-0.218278392,2158.52166021,2159.36930339,2155.15625697,2096.02946208,1.57,-0.0001700718285770484,0.63,0.08,8.303004880683319e-05,-0.21,0.0076773072,1.13,5.92,4.26,0.008261373,-1.3260422077655135e-05,0.0089285714,-0.45,0.49,0.33,0.0076045718,0.7,0.0008096195,0.27,0.0013804659,0.0024200049,0.14,-0.23,-0.0108124479,0.9,0.44,3.39,0.55,0.21,0.002025717,0.0154513316,0.01,0.0052742314,-1.5384438883001444e-05,S&P,0.0048791528,0.0476190476,0.79,0.0074536168,3.543787925673689e-05,0.0439692947,-1.47,0.0046482063,-0.22,0.0020864778,-5.3516582155382014e-05,-0.0034401657,-0.48,0.01,-9.45305553475965e-06,-0.58,0.0014259185,0.0074177986,0.79,0.15,0.0006693775,0.0061253736,1.43,1.3,1.13,0.13,0.3,0.87,2.69,3.82,3.99,4.12
2016-09-29,2151.129883,0.0919346466,3.0,-0.0093214113,0.0052965538,0.0064441701,-0.0085877625,-1.1965041849,0.1802237727,-1.3831277368,-0.9129675233,2157.17770071,2158.58459669,2154.99835995,2096.57772498,1.56,8.56963461699975e-05,1.08,0.27,3.5039095826183896e-05,-0.43,0.0025696056,1.12,1.13,4.23,-0.0102228273,-0.0266666667,-0.0088495575,-0.09,-0.68,-0.73,-0.0155331026,-1.32,-0.0009737536,0.26,-0.010856402,-0.009288228,0.11,0.37,0.006774238,-0.35,0.42,3.37,-0.77,-0.36,0.0050729079,0.000398225,0.06,-0.015889627,-0.00017065295000698105,S&P,-0.0207460159,-0.0227272727,0.09,-0.0142713001,4.261232326999543e-05,-0.0050633255,0.24,0.0026155348,-1.09,-0.0058338082,-0.00016433392188336905,0.0035560593,1.58,-0.5,-4.288993466223941e-05,0.83,-0.017756948,-0.0031422434,0.25,-0.49,-0.0123745485,0.0102198734,1.45,1.3,1.14,0.15,0.31,0.86,2.67,3.81,3.97,4.12
2016-10-12,2139.179932,-0.1341285007,2.0,0.0011465894,-0.0124464718,0.0046059051,-0.0032534837,-0.9515100587,-1.4824826384,-1.1067432091,0.6308260947,2151.99276939,2155.22786888,2154.72692699,2101.57807734,1.79,3.641294958329846e-05,-0.65,-0.04,7.776724910701607e-06,0.13,-0.0043607184,1.31,-1.14,4.39,0.0011632092,1.207752068652573e-05,0.0076923077,0.17,-0.14,0.29,0.0089423299,-0.28,-0.0006990407,0.36,-0.001398811,-0.0014809091,0.25,-0.01,0.0034922747,-0.51,0.48,3.51,-0.09,0.06,-0.0060497519,0.003718444,-0.42,-0.0026350608,0.00019970682419889545,S&P,-0.002860308,0.0208333333,-0.41,-0.0003177001,-5.861625731006808e-05,-0.0069523708,-0.83,0.009308877,-2.39,-0.0074346566,-2.1209424372398496e-05,-0.0022027414,-0.71,0.19,6.0690841204325845e-05,-0.23,0.0028051853,-0.0051138342,-0.36,-0.28,-0.0006915629,-0.0066328053,1.54,1.43,1.31,0.11,0.23,0.88,2.6,3.91,4.03,4.14
2016-10-13,2132.550049,0.202663666,3.0,-0.0030992638,0.0011465894,-0.0124464718,0.0046059051,-1.3060145568,-0.8637244151,-2.0498941013,-0.6850572791,2148.45772932,2153.06807651,2153.8572455,2101.88625616,1.75,3.0047351701500516e-05,-0.53,-2.03,5.2449901986751794e-05,0.48,-0.0105722759,1.27,0.42,4.34,-0.0035348625,-0.0229885057,-0.0305343511,0.22,-0.25,0.11,-0.0030679479,-0.73,0.0015627791,0.29,-0.0033269654,-0.0049035777,0.26,-0.26,-0.0055064254,-1.06,0.44,3.48,-0.18,-0.00022940195283651282,-0.0160528553,-0.0057667612,0.44,-0.0057243361,2.884962871952801e-05,S&P,-0.0125772286,-0.0816326531,-2.53,-0.0093543836,0.00015110520638617216,-0.0065419376,4.08,-0.0055798531,4.78,0.0028110331,-2.1357086090856627e-05,0.0009311433,-0.59,-0.45,0.00011921973374443916,-0.82,0.0024582606,-0.0103581936,-1.06,-0.36,-0.0044982699,-0.0065916579,1.49,1.46,1.31,0.03,0.18,0.86,2.59,3.9,4.05,4.08
2016-10-18,2139.600098,0.1199869983,1.0,0.0061604035,-0.0030379938,0.0002016042,-0.0030992638,0.1343229152,-0.5063911969,-0.9412265509,-0.0074733615,2141.69696856,2147.93000419,2151.51161807,2102.8072581,1.75,-0.0001943265083950627,0.8,1.53,-5.502459826178664e-06,0.8,0.0131858749,1.24,0.31,4.37,0.0071428777,0.012345679,-0.0158730159,0.57,0.42,0.47,-0.0006805785,0.26,0.0017083859,0.34,0.0076896014,0.0084656818,0.26,0.95,-0.0005261232,1.31,0.47,3.48,0.28,0.92,0.0154900036,0.005781428,-0.16,0.0078904126,4.5602743571637315e-05,S&P,0.010112382,9.02723652104082e-05,-0.05,0.0059166988,0.00010151861271390999,0.0026576843,0.59,0.0001348085,-1.12,0.0070136902,3.303858427408682e-05,0.0140436214,0.36,0.08,-0.00022067089597536935,0.74,-0.0259937045,0.01218438,1.33,0.49,0.0045060659,0.0075565662,1.49,1.41,1.28,0.08,0.21,0.89,2.62,3.9,4.03,4.11
2016-10-19,2144.290039,0.0607791798,2.0,0.0021919708,0.0061604035,-0.0030379938,0.0002016042,0.2388815884,-0.7149014526,-1.2471424281,-0.8705054265,2142.16843591,2147.58334083,2151.22841889,2103.22002209,1.76,-0.00012252153752502327,0.37,-0.35,6.634932768517466e-05,0.56,0.0025260315,1.24,1.92,4.38,0.0031331329,-0.012195122,-4.691689799543835e-05,0.52,0.28,0.74,-0.0029794671,0.51,-0.0011270948,0.34,-0.0022546133,0.0004901584,0.24,0.14,0.0019377627,0.21,0.47,3.47,0.34,0.28,-0.0038222805,4.88937795224e-05,-0.06,0.0096011969,0.00010462606091418457,S&P,0.0068964848,0.0212765957,-0.05,0.0043867295,-8.911693667705466e-05,0.0046098999,-2.85,-0.0045636067,0.12,-0.0012288027,5.049089643474745e-05,0.0002736797,0.3,-0.1,2.2140398838348906e-06,0.06,-0.0071051726,0.001329052,0.24,0.07,0.00276049,0.0031142132,1.52,1.42,1.29,0.1,0.23,0.91,2.62,3.91,4.04,4.14
2016-10-20,2141.340088,-0.0075832597,3.0,-0.0013757239,0.0021919708,0.0061604035,-0.0030379938,0.4121844176,-0.8992133277,-0.4551001349,-1.6461590277,2142.0178272,2146.98874533,2150.84064121,2103.59932623,1.76,7.368098837665785e-05,0.09,0.52,8.456848409836022e-05,-0.5,0.0043847339,1.26,-2.45,4.35,-0.0003357793,0.037037037,0.0161290323,-0.27,-0.05,-1.23,-0.0005123378,-0.02,0.0011283665,0.34,-0.0048670086,-0.0008729927,0.24,-0.65,0.0071345359,0.45,0.47,3.46,-0.09,-0.74,0.0029791794,-0.0090131896,-0.4,-0.0013166935,-9.143680855918925e-06,S&P,-0.0072911625,-8.973322514713762e-05,-0.29,-0.0023310017,-0.00011166078481800905,0.0004588849,-0.91,0.006944531,-0.71,-0.0026966022,0.0001241105432342863,-8.46060858407e-05,1.12,0.39,0.00022212935425925152,0.12,0.0024435554,0.005233105,0.43,0.28,0.00034415,0.000712058,1.52,1.42,1.29,0.1,0.23,0.89,2.59,3.88,4.01,4.11
2016-10-25,2143.159912,0.1173614669,1.0,-0.0037977278,0.0047498395,-8.4141702203e-05,-0.0013757239,0.1663775396,0.300923938,-0.3408561785,-0.7764150009,2143.50635306,2146.54375395,2150.20743219,2104.82950767,1.77,6.787460586780689e-05,0.34,-9.952492311555724e-05,-8.922630083712155e-05,0.36,-0.0025788089,1.29,-1.3,4.35,-0.0038814287,0.0238095238,0.0157480315,0.78,-0.29,0.47,0.0050998554,-0.79,0.0006493315,0.34,-0.0001639016,-0.0049775936,0.22,-0.64,0.0002247359,-0.2,0.48,3.47,-0.2,1.25,-0.0016510155,-0.0034722212,0.05,-0.0010164077,5.225614899540994e-05,S&P,0.0043936951,0.0652173913,2.16,-0.0084389705,-0.0001325151182547354,-0.002186204,-2.01,-0.0016008282,0.31,-0.0034090528,7.547424932372482e-05,0.0011801801,0.75,0.08,3.975387776495388e-05,-0.29,0.0030806971,-0.0003587298,-0.25,-0.34,-0.0093360996,0.0044658474,1.55,1.43,1.29,0.12,0.26,0.88,2.58,3.87,4.01,4.13
2016-10-26,2139.429932,0.0063603939,2.0,-0.0017404114,-0.0037977278,0.0047498395,-8.4141702203e-05,-0.2266534336,0.0116867215,-0.9399345376,-1.4709691706,2142.76518559,2145.86624709,2149.78478512,2105.1737905,1.79,-5.07801323543677e-06,-0.81,-1.27,2.9035005583127367e-05,-0.13,-0.0013763974,1.3,-1.59,4.39,-0.0020852704,8.211830983114997e-05,0.007751938,-0.58,-0.19,0.04,-0.0224947484,-1.0,-0.0016075274,0.33,-0.0059026232,-0.0062705611,0.25,-0.85,0.0016402037,-0.36,0.48,3.52,0.17,-1.12,-0.0101709558,-0.0150745541,0.19,0.0047964242,-2.9252767596787002e-05,S&P,0.009405096,7.129232150745588e-05,0.33,-0.0093330945,7.207651393636876e-05,0.0042665475,-1.55,0.0039269256,1.73,0.0048941262,-3.3925230208197826e-05,-0.0049895458,-0.12,-0.1,-3.0048197386802616e-05,-1.2,0.0052649965,-0.0044276761,-0.14,-0.66,0.007678918,-0.0084786821,1.54,1.46,1.31,0.08,0.23,0.87,2.6,3.91,4.06,4.14
2016-10-27,2133.040039,0.1138032422,3.0,-0.0029867269,-0.0017404114,-0.0037977278,0.0047498395,-0.387610032,0.0229767175,-1.2833379186,-0.8409461531,2140.99697712,2144.64470347,2149.12812841,2105.4510666,1.85,-2.278528723243665e-05,0.43,-0.73,6.327471944028536e-05,-0.48,-0.0002249421,1.33,0.98,4.44,-0.0023870066,0.011627907,0.0230769231,0.1,-0.49,-0.77,-0.0096028466,-1.51,0.0022305272,0.29,-0.0087415964,-0.0065329602,0.18,0.11,0.0010019516,0.05,0.48,3.59,-0.25,0.06,-0.0082776644,-0.0051423453,-0.11,0.0014466368,-2.311008972396635e-05,S&P,0.0056337592,2.6166313168078648e-05,1.26,-0.012284747,-7.953246886841947e-05,-0.0019519808,1.21,0.0061780551,0.79,-0.0052339889,-7.551964702175775e-07,-0.001271347,-0.06,0.02,-0.00015864900153576855,0.47,0.0099511088,0.0006910001,-0.02,-0.96,-0.0083131968,0.0040959457,1.67,1.56,1.37,0.11,0.3,0.85,2.59,3.96,4.15,4.26
2016-11-01,2111.719971,0.1554558434,1.0,-0.0067868832,-0.0001222765,-0.0031082994,-0.0029867269,-1.4669899723,-1.3030531746,-1.1704805583,-1.8028458249,2131.68979387,2138.49374946,2145.97296723,2105.92176919,1.83,-4.772907263161301e-06,-0.76,1.4,-8.994989083385566e-05,0.48,-0.0086444301,1.3,-0.33,4.44,-0.0064721005,-0.0348837209,-0.0076335878,0.84,-0.77,0.55,-0.0180553372,-1.28,-0.0012972845,0.35,-0.0020026536,-0.0068527845,0.24,3.51,0.0012535442,-1.62,0.5,3.6,-0.68,2.51,0.0092668638,-0.0055835937,0.68,-0.0041871353,-0.0001613775628683711,S&P,-0.0004346012,-0.0196078431,1.09,-0.0112893963,0.0001495375338136965,0.0039606577,-4.1,0.0024386553,-0.3,0.0017133296,9.628326689315506e-05,0.0070776162,-3.9703670595543365e-05,-1.39,9.899114970578029e-05,5.798111639092684e-05,-0.0056039487,-0.0130191733,-0.88,-0.82,-0.0075601718,-0.0053349193,1.59,1.48,1.33,0.11,0.26,0.84,2.61,3.94,4.09,4.2
2016-11-02,2097.939941,-0.0625706065,2.0,-0.0065255006,-0.0067868832,-0.0001222765,-0.0031082994,-1.9393012306,-2.1615591714,-1.9278411499,-2.8610076062,2125.55345699,2134.63148199,2144.08931915,2105.84234802,1.81,-0.0001072306722452328,-0.81,-1.88,7.423484604592044e-05,1.43,-0.0124399066,1.26,-2.66,4.44,-0.0076387003,-0.0240963855,-0.0307692308,0.72,-0.55,0.12,0.0008969235,-1.34,-0.0012251646,0.36,-0.0061872744,-0.0093159034,0.23,1.5,-0.0020717203,-1.22,0.5,3.61,-0.32,0.65,-0.0145405146,-0.0252733931,0.37,-0.0042047411,5.7571744294928365e-05,S&P,-0.0163078923,0.02,0.09,-0.0130905834,3.661776301825683e-05,-0.0023909742,-3.79,-0.0069452108,1.09,0.0001340208,9.152261233852936e-06,-0.0063101773,-1.95,-0.22,-8.905081212902466e-05,-1.31,-0.0041615659,-0.0147471125,-1.24,-0.85,-0.013504121,-0.0103656438,1.58,1.45,1.31,0.13,0.27,0.83,2.63,3.94,4.08,4.21
2016-11-03,2088.659912,-0.0851672794,3.0,-0.0044234007,-0.0065255006,-0.0067868832,-0.0001222765,-2.0806044982,-2.4601498984,-2.0581058353,-3.3372412303,2118.84553972,2130.25323723,2141.9156169,2105.6713785,1.82,-1.7109730337550555e-06,-0.77,-0.29,6.876779084753042e-06,0.66,-0.0006772298,1.26,-1.09,4.49,-0.0025990955,6.309311706169037e-06,6.982944090571573e-05,0.49,-0.42,0.29,-0.0157719694,-0.35,-0.0028375922,0.37,-0.0037018509,-0.0092369059,0.23,-1.48,0.0002240311,-0.47,0.51,3.65,-0.16,-0.65,-0.0055671833,0.0019202035,0.07,-0.0043681275,6.779052825814614e-05,S&P,0.0022103889,0.0196078431,0.81,-0.0048429317,0.00010518940743600423,0.0025165609,-0.82,-0.0068593646,-1.67,0.0054017837,3.083374995877086e-05,0.0084451758,-0.67,0.07,0.00012927180285670508,0.22,0.0014800453,-0.0043438541,-0.06,-0.9,-0.0073709723,-0.00801997,1.59,1.45,1.31,0.14,0.28,0.84,2.67,3.98,4.12,4.26
2016-11-04,2085.179932,-0.012576092,4.0,-0.0016661305,-0.0044234007,-0.0065255006,-0.0067868832,-1.9389478843,-2.6144698341,-2.2409984364,-3.1833024561,2112.72452013,2125.96054149,2139.69068808,2105.46748351,1.79,8.362197494965209e-05,-1.51,-0.48,-9.214522407222683e-05,-0.12,-0.0077567307,1.24,-1.66,4.46,-0.0017744158,-0.012345679,-0.0158730159,0.04,-0.17,-0.13,-0.0090139851,0.6,0.0028308458,0.37,-0.0084445196,-0.0023802022,0.24,-0.22,-0.0001418546,-0.66,0.51,3.62,-0.26,0.38,-0.0018026586,-0.0156187379,0.3,-0.0090669059,8.966017721559431e-05,S&P,-0.0163211734,-1.8513658349765617e-05,0.76,0.005661667,0.00014806765274141145,-0.0010758307,-0.07,-0.003153437,0.67,0.0133420997,1.2104864620262877e-05,-0.0011566679,-0.56,-0.55,-5.5954765076631165e-05,-0.26,0.0006954881,-0.0064643402,-0.79,-0.36,0.0056577084,-0.014314144,1.55,1.42,1.28,0.13,0.27,0.84,2.67,3.95,4.09,4.22
2016-11-07,2131.52002,-0.0265251989,-0.00011015095001407334,0.022223544,-0.0016661305,-0.0044234007,-0.0065255006,0.2525747594,-0.9208283844,0.2360695979,-1.4854410262,2116.14188374,2126.49001563,2139.37026973,2105.72671273,1.83,-9.81870116546886e-05,1.47,0.77,2.820106076466798e-05,0.2,0.0191320996,1.29,1.25,4.49,0.0204882286,0.025,0.0403225806,-1.75,2.36,0.72,0.0144249178,2.58,-0.0015813898,0.41,0.0291261971,0.0237397976,0.26,-0.28,-0.0024492051,1.71,0.53,3.67,2.17,-1.19,0.0070124948,0.0395735454,-0.5,0.0312868202,0.0001029323595283071,S&P,0.0179373102,0.0384615385,2.03,0.0247628244,-0.0001360133523537141,0.0224960751,1.77,0.0110914682,-1.39,0.0016232477,5.4286570804243764e-05,0.0025648961,2.01,0.58,-0.00011605487283671248,0.83,0.0134654069,0.0192823674,1.87,2.53,0.0305906459,0.0169722111,1.57,1.42,1.3,0.15,0.27,0.82,2.66,3.96,4.08,4.23
2016-11-08,2139.560059,0.0484119634,1.0,0.0037719744,0.022223544,-0.0016661305,-0.0044234007,1.3183607856,-0.1679694072,-0.001871331,0.1324490706,2120.39973379,2127.73478167,2139.37771245,2106.06336294,1.88,5.4054740277282346e-05,0.78,0.63,-4.5731766277019796e-05,0.6,0.003514781,1.34,-0.24,4.5,0.0028951381,0.0609756098,0.0387596899,-0.45,0.31,0.44,0.0058870933,0.07,0.0027533121,0.43,0.0008275902,0.0052883108,0.28,1.14,0.0008608235,0.36,0.55,3.7,0.51,0.77,0.0047396349,0.003592686,-0.13,0.0021465656,1.5418304712783367e-05,S&P,0.0030836783,0.037037037,3.12,0.0024240008,0.00037043855984359017,-0.0016383734,-6.5,0.002332204,1.47,-0.0071910879,-5.7006199672001036e-05,0.0046451912,-0.17,0.38,-4.149599002720336e-05,0.33,0.0033430395,0.0024261489,0.45,0.55,0.0037530196,0.0053181619,1.6,1.45,1.33,0.15,0.27,0.8,2.62,3.95,4.07,4.22
2016-11-09,2163.26001,0.5992499228,2.0,0.0110770207,0.0037719744,0.022223544,-0.0016661305,3.1135337921,1.1138517623,0.8846737454,1.1256686565,2128.19251128,2131.11813675,2140.31427313,2106.63248381,2.07,6.0367459324766885e-06,0.84,-2.29,0.0001020445395377035,-1.44,0.0148741294,1.49,0.7,4.73,0.0107164852,0.0344827586,0.1119402985,0.19,1.16,-1.64,-0.0016207546,3.19,0.0015795456,0.44,-0.0049611873,0.0110868775,0.29,0.15,-0.005631675,1.5,0.55,3.85,1.35,0.71,-0.0215754112,-0.0201459791,-1.06,0.0459803091,-9.48166693567682e-06,S&P,0.0537988789,3.814417613743344e-05,3.36,0.0309754661,-9.680357454552051e-05,0.0110186616,2.16,0.0056683868,-1.63,-0.0008677937,-0.00015959152457233042,-0.0062002912,-5.52,0.65,5.718619926114629e-05,-2.38,0.0278513021,0.0156157652,1.49,0.38,0.0071379674,0.0100392667,1.78,1.63,1.52,0.15,0.26,0.88,2.66,4.18,4.29,4.44
2016-11-10,2167.47998,0.029930637,3.0,0.0019507456,0.0110770207,0.0037719744,0.022223544,3.7737147894,1.6145942116,1.2207258504,1.6379419098,2135.33568741,2134.58116944,2141.37959497,2107.23793153,2.15,4.397023938845055e-05,-0.7,2.36,0.00014241606929358015,-0.92,-0.0027577507,1.56,-1.12,4.75,0.003758194,0.0222222222,0.0469798658,-1.43,0.32,-0.29,-0.02786793,2.02,-0.0008990685,0.47,-0.0244307304,-0.0080497918,0.29,1.96,0.0087924486,0.01,0.58,3.87,1.37,0.6,0.0189121722,-0.0382183757,-0.15,0.0464164096,1.875441124622408e-05,S&P,0.0758491112,0.0535714286,3.7,0.0157852474,-7.796846504022724e-05,0.0092753971,-2.16,0.0078358375,-0.67,0.0026088711,2.319929456627629e-06,0.0137170039,6.46,0.27,-0.00018723071485871734,2.16,-0.0064001082,-0.001492545,-0.26,-1.59,0.0263247056,-0.0121241655,1.86,1.68,1.57,0.18,0.29,0.88,2.6,4.17,4.28,4.46
2016-11-11,2164.449951,-0.2268554972,4.0,-0.0013979502,0.0019507456,0.0110770207,0.0037719744,3.8015913056,1.7889325471,1.0877300135,1.4753992675,2140.62918988,2137.4258153,2142.28431482,2107.80720536,-5.6443927913938776e-05,-5.446768433169579e-05,-1.66,-1.93,-8.875438572900411e-05,-1.3,-0.0091989921,-0.00010268429137731042,-2.38,-1.935474475276025e-05,-0.0029176004,-1.0,-1.0,-2.71,-0.27,-0.8,0.0059374617,2.22,0.003392981,8.574948692522618e-05,0.0054514309,0.0054350444,-6.585840865846035e-06,-7.22,0.0043243566,0.26,0.0002198863581774179,7.709937900321418e-05,0.01,-6.72,-0.0134864949,-0.0045394474,-0.34,0.0005218526,-4.601591984707864e-06,S&P,0.001936839,-1.0,-1.73,0.0245843517,-0.00015027089183456405,-0.015853015,-0.49,0.0094754615,-0.74,0.010669988,-0.0002268176737295551,0.0078081871,0.58,0.15,5.9453292875558456e-05,-1.02,-0.0089509787,0.003558763,-0.9,0.09,0.009865143,-0.0142940975,0.00022064619921956008,4.650814622515967e-05,-4.5065581021611957e-05,-0.00015463000033138667,2.503544959346914e-05,0.00020349579768470476,0.00013198196540597167,4.689871744906484e-06,-6.796068519477984e-05,9.561544760380863e-05
2016-11-14,2164.199951,0.0760116679,-2.571134194532029e-05,-0.0001155028,-0.0013979502,0.0019507456,0.0110770207,1.53317495,1.7896221223,0.5982286555,1.7728639078,2144.91478281,2139.97573299,2143.14375153,2108.36832721,2.23,-3.0441410522782494e-05,0.51,-0.93,-0.00018209593499941758,-0.03,0.004294637,1.66,-0.72,4.83,0.0025843669,4.007352889902749e-05,-8.556904848687338e-05,-0.44,-0.05,-0.01,-0.0250853177,1.19,0.000499875,0.54,-0.0152490851,-0.0035725737,0.29,-3.32,0.0041498396,0.42,0.64,3.97,0.19,-2.48,-0.0137085753,-0.0269820472,-0.79,0.0367714164,-4.5803386079855574e-05,S&P,0.0288034216,-9.138371173880005e-05,0.48,0.0126483343,0.00018554055877029638,-0.0045523405,4.96,0.0001403665,-1.99,0.0016346234,-1.8079229441643332e-05,0.004482776,1.49,0.96,5.822478238465891e-05,-0.81,-0.015784612,0.0024128567,0.42,-1.13,-0.0065125043,0.003387658,1.94,1.69,1.59,0.25,0.35,0.86,2.6,4.19,4.29,4.54
2016-11-15,2180.389893,-0.1534021464,1.0,0.0074807977,-0.0001155028,-0.0013979502,0.0019507456,1.9083284822,3.2518479222,1.737153667,1.9064214401,2151.36480285,2143.82470061,2144.60438453,2109.0849597,2.23,4.9423986262119815e-05,0.52,0.22,0.0001657161787728971,-0.21,0.0062059822,1.68,5.67,4.82,0.0061555855,0.02,0.0120481928,0.64,0.87,0.11,0.0132437992,0.26,0.0059661137,0.5,0.0129043361,0.0109650882,0.3,0.9,0.0008575885,0.37,0.6,3.91,0.31,1.01,0.0045760257,0.0336128371,-0.14,-0.0018865677,-4.200678442898063e-05,S&P,-0.0118376736,-0.0615384615,-0.64,0.0027260427,-0.00010390960386772167,0.0180581733,-1.46,0.0124542764,1.27,-0.0042564461,0.00024185323720134186,-0.0010543984,-0.06,0.37,-4.4587887465130326e-05,-0.44,-0.0024013551,0.0038760443,0.62,1.52,0.0078662734,0.0058490788,1.93,1.73,1.63,0.2,0.3,0.91,2.59,4.22,4.32,4.52
2016-11-16,2176.939941,-0.1569744666,2.0,-0.0015822638,0.0074807977,-0.0001155028,-0.0013979502,0.6323757171,3.7655987408,1.7532712074,1.5226439244,2156.01482797,2146.97853303,2145.87244557,2109.76013364,2.22,-0.00012452375901558527,-0.61,-0.52,0.00012187313959227915,-0.45,-0.0078010395,1.68,-0.68,4.77,-0.0042883101,-0.0196078431,-6.530880012239606e-05,-0.23,-0.3,-1.05,0.0268882175,-3.077882069036536e-05,0.001811356,0.46,0.0132495841,0.0035938829,0.31,-0.68,-0.0061309361,-0.67,0.61,3.86,-0.25,-0.64,-0.0019432464,0.0043727464,-0.3,-0.0246975677,-0.00012777221567066843,S&P,-0.0173036699,0.0163934426,-1.48,4.60288442945e-05,9.183118352389356e-05,-0.0123243492,2.03,0.0077262803,-0.5,-0.0051076847,4.204983119661105e-05,-0.0006015614,1.3,0.02,-0.00013968241277762216,0.36,0.0003438876,-0.0066389012,-0.78,0.36,-0.0003252033,-0.006330325,1.91,1.76,1.61,0.15,0.3,0.91,2.55,4.16,4.31,4.46
2016-11-17,2187.120117,-0.0055944385,3.0,0.0046763697,-0.0015822638,0.0074807977,-0.0001155028,0.9061277235,4.7140371888,2.5353522208,2.1379149093,2161.67033506,2150.80154102,2147.49000131,2110.52988472,2.29,5.478293721418665e-05,0.61,0.16,5.1538763973177804e-05,-0.62,0.0059162528,1.73,-0.3,4.83,0.0037993044,0.04,0.0297619048,-0.73,0.53,-0.98,-0.0003636785,0.63,-0.0100465143,0.43,0.0165967639,0.0074397094,0.29,0.53,-0.0021181874,0.11,0.6,3.96,0.19,-1.77,-0.0007921014,0.0132755082,-0.6,0.0080102711,0.00019470928409052557,S&P,0.0156734133,-0.0161290323,0.89,0.0055905616,1.3087656036326656e-05,-0.006064105,-2.21,-0.0023202736,1.57,-0.0011199062,-4.895937213077024e-05,0.0010595743,6.158286128670281e-05,0.52,5.5784184012667096e-05,-0.08,0.0018047353,0.002032088,0.6,0.95,0.0016265777,0.0066669628,2.0,1.86,1.69,0.14,0.31,0.87,2.54,4.23,4.4,4.54
2016-11-18,2181.899902,-0.0621554358,4.0,-0.0023867985,0.0046763697,-0.0015822638,0.0074807977,0.806207184,4.6384471918,2.6095622338,1.9027065551,2165.34843814,2153.76328969,2148.83940918,2111.24003415,2.34,-1.57941805160393e-05,-0.13,0.37,2.0300493523752237e-06,-0.13,-0.005172507,1.8,0.8,4.86,-0.0028463765,0.0288461538,0.0404624277,-0.63,-0.16,-0.92,0.0010004639,0.47,0.0128733871,0.43,-0.0047823385,-0.0023360552,0.27,-0.91,0.0081853661,-0.07,0.59,3.99,-0.08,-0.48,0.0036531696,0.0049708473,-0.36,-0.0039733147,-0.00021798849786910224,S&P,0.0062868735,-0.0163934426,-0.92,0.0047041842,5.5020502704365465e-05,0.0005866009,5.18,0.01352202,1.36,-0.0026055962,-0.00014403776393985798,-0.0048611978,0.5,0.29,8.296452856081178e-05,0.06,-0.0103800206,-0.0019634449,-0.56,-0.41,-0.0038974016,-0.0027816371,2.07,1.91,1.75,0.16,0.32,0.87,2.52,4.27,4.43,4.59
2016-11-21,2198.179932,0.0096881648,0.00018541390920196005,0.0074614009,-0.0023867985,0.0046763697,-0.0015822638,1.5700943429,3.127341586,3.3878152209,2.1777157527,2171.31780066,2157.9934461,2150.77433164,2112.10510776,2.33,-2.7858652885648034e-05,-0.14,0.06,0.00011747874595159169,0.7,0.0056012476,1.79,4.35,4.85,0.0076875674,0.0093457944,-0.0055555556,0.44,0.56,0.41,0.0151735874,0.47,0.0023121892,0.46,0.0084507542,0.008897869,0.25,-0.25,-0.0020906747,6.645523886164498e-05,0.59,4.0,0.3,0.6,0.0006072427,0.0260998049,0.43,0.0043752928,-9.466098885279269e-05,S&P,-0.0132525748,7.495175646349492e-05,1.99,0.0050089424,-0.00012975190281206743,0.0141885438,3.76,0.0065030748,0.49,-0.0069016755,9.503170662208713e-05,0.0079214322,0.72,-0.12,1.2808888977086871e-05,-0.24,-0.0031206744,0.0019288479,0.48,0.95,0.0065210629,0.0003247137,2.08,1.87,1.74,0.21,0.34,0.85,2.52,4.26,4.39,4.6
2016-11-22,2202.939941,0.0972911081,1.0,0.0021654319,0.0074614009,-0.0023867985,0.0046763697,1.0342209012,2.9622857154,4.3197001143,2.7893405744,2177.06728072,2162.27406466,2152.82004181,2113.00893695,2.31,9.353674015825854e-05,0.65,1.45,-3.120600955937738e-05,-0.04,0.0041438764,1.77,0.45,4.84,0.0026260438,-0.0092592593,-0.0111731844,-0.15,0.33,0.45,0.0006265103,0.93,-0.0005223069,0.48,0.004272067,0.0032577187,0.34,2.12,-0.0074030204,0.33,0.6,4.01,0.45,-0.06,0.0143257079,0.0068333551,-0.03,0.0061498524,-2.5987738218975878e-05,S&P,0.0019186877,0.0166666667,1.15,0.0091587592,0.00016932704983590882,0.0021968089,1.08,-0.0029105999,-1.1,0.0137426791,-0.00013331064070026266,0.0093855542,0.5,0.22,-7.74543892919754e-05,1.1,-0.0196521913,0.0026878219,0.43,0.43,0.0100420794,0.0061522861,1.97,1.83,1.71,0.14,0.26,0.83,2.53,4.24,4.36,4.5
2016-11-23,2204.719971,-0.1362577502,2.0,0.0008080248,0.0021654319,0.0074614009,-0.0023867985,1.2761045666,1.9165500591,5.0897562849,3.051749348,2182.09504259,2166.31653193,2154.85533315,2113.92148455,2.36,8.522826067968168e-05,-1.5467237130598956e-05,0.2,-5.172897814617066e-06,-0.72,-0.0042081495,1.83,-0.35,4.85,0.0014529059,0.046728972,0.0338983051,-2.02,0.02,-0.23,-0.0050983898,0.59,5.80644224769e-05,0.5,-0.0117800558,-0.0010526464,0.34,-2.84,0.0017899761,-0.39,0.62,4.02,0.31,-1.92,-6.08896604051e-05,-0.0066341817,-0.62,0.0042022412,-3.127039404733331e-05,S&P,-0.0011490042,0.0327868852,2.52,0.005808115,5.8684014581212454e-05,0.0027687817,1.48,0.0032173068,-1.17,-0.0055907954,5.586594734415968e-05,-0.0022211533,0.98,0.54,0.00014411208331665743,0.4,0.0029271067,-0.0047983853,-0.43,-0.52,0.0051314945,-0.000293268,2.02,1.86,1.74,0.16,0.28,0.83,2.49,4.23,4.35,4.51
2016-11-25,2213.350098,-0.5364823439,4.0,0.0039143869,0.0008080248,0.0021654319,0.0074614009,1.1992931159,2.1162879668,5.9698654282,3.7650516414,2187.77777994,2170.79591918,2157.1492455,2114.91082399,2.36,-0.0002149921799625323,0.19,0.55,5.015068161316959e-07,0.57,0.0046498306,1.83,-3.59,4.84,0.0038934884,-0.0001481217225220171,0.00011061745256538949,-0.03,0.26,0.49,0.0050345948,0.4,0.0041949109,0.48,0.0021522681,0.0033898588,0.33,0.74,0.0043924955,0.03,0.61,4.02,0.22,1.04,0.0020620191,0.0003204635,0.31,-0.0003804083,5.222205159597393e-05,S&P,0.0088189992,-0.0158730159,0.34,0.0038074832,5.036435157427194e-05,0.002301024,1.61,0.020593509,-1.18,0.0023285764,-2.705543254041174e-05,0.0064178173,0.05,-0.35,-5.336144281375887e-06,-0.1,0.0093746971,0.0034540968,0.15,0.21,0.0031908424,0.0033881821,2.03,1.88,1.75,0.15,0.28,0.82,2.48,4.23,4.36,4.51
2016-11-28,2201.719971,1.2123248769,4.679317913506849e-05,-0.0052545357,0.0039143869,0.0008080248,0.0021654319,0.9083858055,1.7219164612,5.5889679932,3.5416529323,2190.31272377,2173.74106697,2158.89711709,2115.77459659,2.32,-8.055557422548455e-05,-0.67,0.24,8.661939164882412e-05,0.44,-0.0087642893,1.8,2.12,4.79,-0.0063853086,-0.0089285714,-0.0163934426,0.83,-0.47,0.51,-0.0019679846,-1.25,0.0005059119,0.48,0.0013216917,-0.005577016,0.3,2.08,0.0018530872,-1.09,0.59,3.98,-0.33,0.97,0.0047141212,-0.0174275986,0.06,-0.0064696434,0.00015080282574494075,S&P,-0.0197642915,-0.0322580645,-0.41,-0.0128934053,0.0001793966072069182,-0.0074609961,4.76,-0.0056491191,5.36,0.0022846212,1.2416107867893453e-05,0.0046175041,-0.27,-0.04,7.858476960137737e-05,0.38,-0.0087619384,-0.0108979037,-0.86,-0.15,-0.0060432886,-0.0060372772,2.02,1.84,1.73,0.18,0.29,0.81,2.47,4.2,4.31,4.49
2016-11-29,2204.659912,0.0573103419,1.0,0.0013352929,-0.0052545357,0.0039143869,0.0008080248,0.294788425,1.8695112243,3.431349052,3.6925905331,2192.92130345,2176.68571888,2160.6917365,2116.65902759,2.3,4.1293792674479175e-05,-0.38,0.05,1.901647363272427e-05,0.74,0.0091056035,1.78,-3.86,4.76,0.0008391732,-0.018018018,-0.0111111111,-0.42,0.14,0.03,-0.0009859371,-0.11,-0.0022248869,0.48,0.0079194686,0.0020693343,0.34,-0.86,-0.0083382658,0.3,0.59,3.95,0.18,-0.18,-0.0040953861,-0.0055427311,0.33,0.0076608529,8.247474897057524e-05,S&P,0.005428441,-5.4343440636373254e-06,-2.3,-0.0012106698,-8.007298437327967e-05,-0.0065918699,2.57,-0.0085395554,-2.33,-0.0055851643,7.69850761754459e-05,0.001807773,-0.22,-0.14,5.342461088306725e-05,-0.14,-0.0057455495,0.0035737968,0.97,0.29,-0.006400032,-0.004044415,1.96,1.82,1.71,0.14,0.25,0.81,2.46,4.17,4.28,4.42
2016-11-30,2198.810059,0.4930231805,2.0,-0.0026534038,0.0013352929,-0.0052545357,0.0039143869,-0.1874713842,0.8448106487,2.7692608932,4.1241305285,2193.99198627,2178.79279889,2162.18657267,2117.47645079,2.37,-0.0001214237778781961,0.23,0.12,-5.285776740461593e-05,-0.6,0.0059057716,1.83,8.82,4.82,0.0019190554,0.0183486239,0.0280898876,-1.29,-0.23,-1.31,-0.0084335368,-0.51,-0.001303158,0.48,-0.0135865444,-0.01045364,0.37,-1.53,0.0020815769,0.29,0.61,4.01,0.09,-0.9,0.0023177664,-0.0156717367,-0.58,0.0158388245,2.3466838872268855e-05,S&P,0.020439587,0.0333333333,1.04,-0.0044269813,9.146509863595867e-05,0.0162980322,1.12,0.0069836063,-1.29,0.0064955521,0.00011652971557775208,-0.0100185491,0.49,0.54,-6.110991727148488e-05,0.53,-0.0104907536,0.0018652219,0.58,-1.21,-0.0093397427,0.0017424402,2.0,1.89,1.76,0.11,0.24,0.81,2.45,4.21,4.34,4.45
2016-12-01,2191.080078,-0.0849732019,3.0,-0.0035155292,-0.0026534038,0.0013352929,-0.0052545357,-0.6186678208,0.6495418975,1.2860251598,4.4395997798,2193.46254841,2179.96301595,2163.31965131,2118.20882519,2.45,-0.0001630902176036852,-0.49,0.31,0.00014564049772773687,0.08,-0.0038725786,1.9,6.88,4.87,-0.0008737152,0.027027027,0.0382513661,-0.15,-0.31,0.39,-0.0093195714,-0.48,-0.0009423977,0.47,-0.0175903922,-0.0136316064,0.31,0.13,-0.0004318304,-1.19,0.59,4.08,0.34,0.36,0.0038816074,-0.009219637,0.7,0.0202070979,-7.71395264241288e-05,S&P,0.0268329942,-0.0322580645,0.34,-0.0064581857,5.878563969463974e-05,-0.0006873425,4.56,0.0197741529,-1.8,0.0020028514,0.00013644809630166866,0.0071615086,0.11,-0.64,6.497217013143413e-06,0.02,0.0007187241,-0.0099856209,-0.38,-1.65,0.0204811118,-0.004554955,2.14,1.98,1.86,0.16,0.28,0.79,2.42,4.28,4.4,4.56
2016-12-02,2191.949951,-0.253614917,4.0,0.0003970065,-0.0035155292,-0.0026534038,0.0013352929,-0.966866788,0.2208307611,1.1289594933,4.9452779941,2193.1875307,2181.10462881,2164.44240816,2118.94256774,2.4,0.00010247557720121926,-0.13,-1.39,-0.00013256789797091284,0.68,-0.0069705675,1.84,0.96,4.82,0.0008855714,-0.0263157895,-0.0315789474,0.48,-2.4240412958562797e-05,0.63,0.0037446708,-0.19,-0.0020752307,0.48,0.0008445777,0.0008645866,0.32,1.98,-0.0088265527,0.15,0.6,4.03,-0.2,1.03,-0.0136990558,-0.0044510144,0.1,-0.002323059,0.00011956343632691287,S&P,-0.0139859772,0.0166666667,-0.61,0.0003424806,-1.3287938081388097e-05,-0.002292492,-1.97,-0.0068443249,1.83,0.0057912266,-0.0001883974591317297,-0.0090019192,-0.38,0.08,1.923698304808334e-05,-1.73,0.0052074162,-0.0019650748,-0.7,0.04,-0.0015928322,-0.0032874332,2.08,1.92,1.8,0.16,0.28,0.79,2.42,4.22,4.34,4.5
2016-12-05,2204.709961,0.0306204524,-0.00013075798664377073,0.0058213054,0.0003970065,-0.0035155292,-0.0026534038,0.1358024653,1.0454218811,1.8600573315,5.7323604148,2195.28251802,2183.35275568,2166.02152788,2119.79597463,2.39,-4.4535044081049825e-05,0.24,0.02,-0.00018688425711840803,0.06,0.0100467675,1.84,0.88,4.81,0.0066724896,0.018018018,-3.103230769744078e-05,-0.57,0.56,0.13,-0.007188362,1.96,0.0013088054,0.49,0.0163713249,0.0101300954,0.31,-0.23,0.0010145113,1.61,0.62,4.02,0.27,0.06,-0.0026266343,0.0256908411,1.86,0.0203431868,-6.763289451969975e-05,S&P,0.0143709588,0.0327868852,2.83,0.017911386,-3.143154947627575e-05,0.00505517,6.34,-0.0035466909,1.36,0.0062074553,-2.4857389810545587e-05,-0.0120640961,-0.38,-0.49,0.00014037835610272107,0.06,-0.0001786084,0.0163107359,1.03,0.89,-0.0073388322,0.0023919666,2.08,1.9,1.77,0.18,0.31,0.79,2.42,4.19,4.32,4.5
2016-12-06,2212.22998,-0.0102458648,1.0,0.0034108881,0.0058213054,0.0003970065,-0.0035155292,0.3433667006,0.6391673309,2.2192972039,3.7864978627,2198.36387475,2186.10296752,2167.83362404,2120.71571598,2.39,4.5838064286113166e-05,0.3,0.55,-5.953820253615936e-05,-0.29,0.0125964338,1.84,-1.84,4.83,0.0054880789,-0.0088495575,-5.342360742867402e-05,-0.04,0.26,-0.15,0.007698616,0.71,-0.0021058747,0.49,-0.0044835602,0.0045414131,0.34,-0.5,-0.0036335245,0.76,0.62,4.04,0.11,-0.12,0.0075359013,0.0070585573,-0.42,0.0051645447,0.00014697973990015687,S&P,0.022079136,9.646063444624739e-05,-0.63,0.0111228254,-0.00012747444518154742,0.0009144376,-0.52,0.0031540638,-0.37,0.0047861318,4.5578597899812854e-05,-0.001579554,0.77,0.37,2.887922760115197e-05,1.04,0.0010719671,0.0084690383,1.27,0.13,0.0019286081,0.0048912078,2.05,1.9,1.77,0.15,0.28,0.79,2.44,4.21,4.34,4.49
2016-12-07,2241.350098,0.1676903603,2.0,0.0131632417,0.0034108881,0.0058213054,0.0003970065,1.934684573,1.7435862088,2.795839643,4.7575219294,2206.1795517,2191.364599,2170.71662302,2121.91605809,2.34,0.0001192392977174086,1.72,0.39,-7.30020557264008e-05,0.63,0.0135537755,1.8,-1.72,4.78,0.0131102871,-0.0178571429,-0.0217391304,0.36,1.21,0.27,0.0098226651,1.0,0.0001455392,0.51,0.0236863716,0.0113931682,0.37,2.77,0.000376733,1.84,0.62,4.0,1.48,2.57,0.0055465798,0.0074537245,0.32,0.0045405424,-1.1240715398855133e-05,S&P,0.0311431149,3.782939705390662e-05,-1.31,0.0087530333,0.0001361269574724226,0.0058246004,-0.88,0.0016599159,-1.41,-0.0045111435,-1.4255622927996318e-05,0.0070617072,0.54,-0.28,2.9884828862844005e-05,0.32,-0.0085668393,0.0196161331,1.37,1.15,0.013795316,0.0180536879,1.97,1.83,1.72,0.14,0.25,0.78,2.44,4.16,4.27,4.41
2016-12-08,2246.189941,-0.0669151588,3.0,0.0021593427,0.0131632417,0.0034108881,0.0058213054,2.5151916424,1.8809631402,3.1810707634,3.8335627995,2213.45416794,2196.58606014,2173.67636098,2123.15261414,2.4,0.00015325955707759954,0.54,0.19,-0.0001423352719987729,0.13,0.0086820435,1.83,1.68,4.83,0.0031804632,0.0181818182,0.0166666667,-0.29,0.49,-0.27,0.0098172026,1.95,-0.0002182771,0.5,-0.0058660747,0.0043754446,0.38,-1.03,-0.0038412292,1.9,0.61,4.05,0.53,-0.82,0.0026718186,-0.0040107553,-1.28,0.0124896277,-0.00014319991459887856,S&P,0.0001746159,-0.0158730159,-0.64,0.0160203918,-5.824883670685406e-05,0.0028386511,2.55,-0.0029723722,1.62,-0.0034093438,-2.3813781079705353e-05,-0.0021339105,1.57,0.89,0.00012959833405250376,1.64,-0.000990099,0.0175420882,0.86,0.44,-0.0022151582,0.0042594973,2.02,1.9,1.79,0.12,0.23,0.78,2.43,4.22,4.33,4.45
2016-12-09,2259.530029,-0.0752515129,4.0,0.0059389848,0.0021593427,0.0131632417,0.0034108881,3.0831031507,2.0864268622,3.3107423519,4.2468696297,2221.83159722,2202.58072384,2177.04317149,2124.50960334,2.47,-2.4857582610606216e-05,0.34,-0.41,-7.515878786834672e-05,-0.56,0.0060373698,1.89,0.82,4.9,0.00375159,0.0267857143,0.0327868852,-1.08,0.54,-0.11,0.0163217441,-0.05,-8.73298886543e-05,0.53,0.0157351751,0.0050098457,0.39,-0.75,-0.0023438681,0.17,0.63,4.12,0.75,-0.94,-0.0044116911,0.0017332256,-0.5,0.0043467456,0.00010205183438648119,S&P,-0.0026182929,0.0322580645,0.84,0.0012261885,2.929203310857835e-05,0.0076992754,1.38,0.0031834532,2.02,-0.0033980421,-8.651979158712186e-05,0.0054479304,1.06,0.16,1.8268528365397887e-05,0.27,0.0114425085,0.0021655829,0.6,0.63,0.0079289563,0.0032604444,2.08,1.94,1.84,0.14,0.24,0.78,2.43,4.27,4.37,4.51
2016-12-12,2256.959961,0.0386229302,1.904889635768527e-05,-0.0011374348,0.0059389848,0.0021593427,0.0131632417,2.3699262454,2.508947129,3.440123854,4.2740655637,2228.21857245,2207.75969881,2180.17716324,2125.82751735,2.49,1.2395311554212395e-05,-1.09,-1.57,-5.918578320696565e-05,0.98,-0.0006926439,1.9,2.5,4.9,-0.0012964652,0.00013466186068008165,0.0052910053,0.37,-0.18,0.63,-0.0057042037,-1.0,0.005356701,0.51,0.0032273196,-0.005870137,0.4,0.87,-0.0050094733,-0.2,0.63,4.11,0.06,1.3,-0.0144089108,-0.0111102156,0.83,-0.0088898704,-0.00012979856722103916,S&P,-0.0238011905,6.295679908717195e-05,-1.1,-0.0107558924,4.761867653800496e-07,0.0222472247,-6.38,0.0117204123,0.18,0.0010075527,-6.219894603424113e-05,-0.0247188298,1.05,-0.45,5.246907764236993e-05,-0.35,0.027614457,-0.0011978191,-0.05,-0.53,0.0025173064,-0.0091743538,2.09,1.98,1.86,0.11,0.23,0.79,2.41,4.27,4.39,4.5
2016-12-13,2271.719971,-0.0438516697,1.0,0.0065397749,-0.0011374348,0.0059389848,0.0021593427,2.6891413433,3.0417416598,3.3454967871,4.9681185858,2236.12791764,2213.8511533,2183.76707727,2127.27918355,2.48,0.00011661337550856672,1.45,0.31,7.070195372198614e-05,-0.01,0.0090531777,1.92,0.05,4.87,0.0053581594,0.0173913043,0.0105263158,-0.33,0.76,-0.01,0.0166813676,0.13,-0.0014189121,0.54,0.0130288246,0.0094761496,0.46,-1.2,-0.0001675693,1.02,0.65,4.09,0.66,-0.94,0.0006098015,0.0187076147,-0.08,0.000354054,0.00013625321654351147,S&P,0.0010756723,0.03125,-0.77,0.0002840308,0.0002607291507683604,0.0175862711,-0.94,-0.0035525248,0.3,0.0062114858,0.00012764725498586662,0.0006556161,0.05,-0.13,7.862735219584125e-05,0.27,0.0045942961,0.0084395584,0.9,1.44,-0.0037665096,0.011349152,2.02,1.94,1.83,0.08,0.19,0.78,2.39,4.22,4.33,4.41
2016-12-14,2253.280029,0.1424153422,2.0,-0.0081171721,0.0065397749,-0.0011374348,0.0059389848,0.5322653971,2.4772476266,2.285132112,3.3429863271,2239.24648335,2217.60628432,2186.49307538,2128.53292331,2.54,0.0002001298892669243,-0.19,0.13,-0.00016914255221745075,-1.18,-0.0072087467,2.02,-3.27,4.86,-0.0123251674,0.0854700855,0.0520833333,-1.22,-0.71,-1.24,3.968241985509598e-06,-1.28,-0.0007539619,0.54,-0.004763417,-0.0049709006,0.48,1.43,0.0005865907,-0.27,0.65,4.08,-0.44,-0.47,0.0004419323,-0.0071286771,-0.85,-0.0003539287,-9.616422597956416e-05,S&P,-0.0204154549,-0.00010758882533583977,0.27,-0.0127481807,2.0488731330198133e-05,-0.0216029375,1.9,0.0019304012,0.06,-0.0010129474,2.304141023487477e-05,-0.0045977599,-0.1,0.81,1.6468692070624708e-05,0.19,-0.0077659937,-0.0035278494,-0.72,-0.12,-0.0075614367,-0.0027839025,2.06,2.0,1.89,0.06,0.17,0.78,2.32,4.21,4.32,4.38
2016-12-15,2262.030029,-0.0541800829,3.0,0.003883228,-0.0081171721,0.0065397749,-0.0011374348,0.705198065,3.2381267902,2.5994257209,3.9087016779,2243.38894619,2221.83711715,2189.45530885,2129.86125272,2.6,-8.180900336386614e-05,0.52,-1.74,-8.684359219407654e-05,-1.12,0.0104817001,2.1,0.22,4.84,0.0029931268,0.0157480315,0.0396039604,-1.38,0.29,-0.63,0.0054692073,0.85,0.0017557352,0.5,-0.0015953733,0.0037118634,0.47,-7.32,0.0115269826,1.03,0.64,4.07,0.2,-4.99,-0.0176882703,-0.0101714406,-1.17,0.014988752,-0.00010746736974626344,S&P,0.0089579157,-0.0151515152,-0.15,0.0076621391,7.391276978572695e-05,0.0034223559,-2.99,0.0172446714,-2.21,-0.0098554534,4.575370049105695e-05,-0.0072771146,0.57,0.95,-0.00012053128288145874,-0.06,0.0078267764,0.0108103404,1.05,0.06,-0.0076190476,0.0071662643,2.13,2.1,1.96,0.03,0.17,0.77,2.24,4.2,4.34,4.37
2016-12-16,2258.070068,0.4203589079,4.0,-0.0017506226,0.003883228,-0.0081171721,0.0065397749,-0.0646134807,3.0164975697,2.0204652685,3.2439896853,2246.05824107,2225.28787437,2192.14608372,2131.13696232,2.6,5.753966870042325e-05,0.11,-0.65,3.3755417025164304e-05,-0.97,0.0029133368,2.07,2.2,4.88,-0.0005991724,-0.007751938,-0.0142857143,0.5,0.23,-0.72,0.0012951217,0.09,0.0044178568,0.5,-0.0044743207,-0.0036082981,0.45,1.61,0.0035601921,0.23,0.64,4.11,0.28,0.63,-0.0017521052,-0.004244389,0.36,-0.0123255581,0.00011003531893583155,S&P,0.0027179018,0.00010308904013616589,-1.35,-0.0014710153,5.660067449902347e-05,0.0031906811,-0.55,0.0087875541,-0.06,-0.0091193022,-9.057853773331064e-05,0.0017015656,0.47,-0.38,-0.00011054263485340559,0.06,-8.6306e-05,0.0033088202,0.39,0.4,0.015674984,0.0018002712,2.15,2.1,1.96,0.05,0.19,0.77,2.28,4.24,4.38,4.43
2016-12-19,2262.530029,-0.4513203634,0.00010748492304461375,0.0019751207,-0.0017506226,0.003883228,-0.0081171721,0.2467951624,2.6225702711,2.7619342515,3.6954090757,2249.0531116,2228.83474624,2194.90623844,2132.44435602,2.54,3.2759659556877953e-06,-0.83,-0.43,-1.4051264117558324e-05,-0.59,-0.0021724423,2.03,-0.53,4.82,0.0002984491,-0.03125,-0.0193236715,0.44,-0.38,-0.82,0.0057773389,0.18,0.0034610559,0.52,0.0211878013,0.0037298487,0.44,-0.85,0.0004650081,0.09,0.64,4.05,-0.41,-0.68,-0.0085405952,0.0108607886,-0.43,0.0057687543,1.3150554900982512e-05,S&P,-0.0021683954,0.00017061174907747343,-2.5,0.0053357006,-2.6073033706937705e-05,-0.0083351832,-0.67,-0.0038057612,-0.86,0.0052455348,7.024014083197997e-05,-0.001568044,-0.05,0.12,0.0001264615749883875,0.19,0.0012081464,0.0019896887,-0.44,-0.31,0.0053543307,0.0007986903,2.1,2.02,1.9,0.08,0.2,0.77,2.28,4.18,4.3,4.38
2016-12-20,2270.76001,0.0155185524,1.0,0.0036375124,0.0019751207,-0.0017506226,0.003883228,-0.0422570128,2.6457479796,2.9981992978,3.3018260673,2252.9998204,2232.8276285,2197.88089615,2133.82063119,2.57,9.950630025979045e-05,0.45,-0.7,-6.526498746659285e-05,-0.19,0.0056233486,2.06,0.78,4.85,0.0039223825,0.0080645161,0.0147783251,-0.6,0.29,0.19,0.0026577332,0.73,-0.0007616803,0.52,-0.0012574348,0.0048557566,0.47,0.17,0.0048203429,0.45,0.65,4.09,0.31,0.44,-0.0047460569,0.0068145836,-0.14,0.0128760272,0.00010582797879742881,S&P,0.0159362004,0.0153846154,0.08,0.0089524572,-4.495986175653252e-05,0.0001106171,-3.8,-0.0064011427,-0.56,-0.0079293334,3.024473990096016e-06,-0.0048776682,0.67,0.17,-1.3356072912088824e-05,0.14,-0.003102853,0.0033290485,0.56,0.35,0.0103383459,0.0038191592,2.1,2.05,1.92,0.05,0.18,0.76,2.28,4.2,4.33,4.38
2016-12-21,2265.179932,-0.135368227,2.0,-0.0024573614,0.0036375124,0.0019751207,-0.0017506226,0.5281146971,1.063191066,3.0184450325,2.8253149276,2255.21438615,2235.90880027,2200.52007402,2135.12768891,2.55,-5.8175864935563694e-05,-0.09,0.62,-9.381074779967674e-05,-0.25,-0.0033135417,2.04,-1.61,4.81,-0.0026512363,-0.032,-0.0097087379,-0.04,-0.26,-0.3,0.0009405815,-0.67,-0.000460233,0.51,6.118941589455514e-05,-0.0022811637,0.45,-0.85,-0.002417261,0.01,0.64,4.05,-0.04,-0.68,0.003715772,-0.0008039146,0.37,0.0025424824,1.6659380327237556e-05,S&P,-0.0069518541,-0.0151515152,-0.32,-0.006336903,-0.00015780944053240476,-0.0016587526,8.55,0.007160103,-0.87,-0.0019790089,0.00012177948189663593,0.0111361057,-0.36,-0.21,-0.00017820151650085642,-0.06,-0.0030261628,0.0003401223,-0.19,-0.13,-0.0037208992,-0.0003691224,2.1,2.04,1.91,0.06,0.19,0.76,2.26,4.17,4.3,4.36
2016-12-22,2260.959961,0.0084460229,3.0,-0.0018629739,-0.0024573614,0.0036375124,0.0019751207,-0.0473056496,0.6575588168,3.1892893236,2.5508903961,2256.25903612,2238.2946251,2202.89026567,2136.37975131,2.55,-1.951150183278606e-05,0.21,-1.03,1.8929961874026624e-05,0.09,0.0001675815,2.04,1.08,4.82,-0.0025515356,0.0082644628,3.933362845684561e-05,-0.27,-0.08,-0.29,-0.0065777978,-0.8,-0.0012086679,0.5,0.0001573497,-0.0043882958,0.41,-0.65,0.0045321288,-0.22,0.64,4.06,-0.09,-0.75,-0.0079597959,-0.0055280939,0.12,0.0016138213,-5.528339083407402e-05,S&P,0.0007180219,-3.340492211762747e-05,0.12,-0.009111401,7.207744331376793e-05,0.0065352681,-0.11,-0.0022990795,-0.69,-0.0008645006,-1.1341604964968781e-05,0.0006783173,-0.36,-0.11,-5.021067657198295e-06,-0.04,0.0011274304,-0.0010934199,0.02,-0.26,-0.0096483346,0.0031670255,2.14,2.05,1.91,0.09,0.23,0.76,2.27,4.18,4.32,4.41
2016-12-23,2263.790039,-0.2975225288,4.0,0.0012517152,-0.0018629739,-0.0024573614,0.0036375124,0.2533123786,0.1885352239,3.27745111,2.2788957357,2257.62830937,2240.72275976,2205.27849207,2137.64751537,2.55,2.8921834956776e-06,0.22,-0.36,0.0001397780150683156,-0.35,0.001044608,2.04,0.2,4.8,0.0013199332,5.4921302012512646e-05,-1.883273467895999e-05,0.43,0.06,-0.47,0.0019777797,0.52,-0.0001440632,0.51,-0.0048780017,0.0028031654,0.41,-0.7,0.0036927292,0.03,0.64,4.04,0.01,-0.51,-0.0028396602,-0.0075031968,0.19,0.0018414547,-8.894054327531193e-05,S&P,0.0037667982,-2.1720214520099278e-05,-0.84,0.0064946324,-0.00014991480032050574,-0.0017608011,3.5,-0.000527159,-0.6,-0.0056512311,6.24344301088711e-05,-0.0093656658,0.05,0.1,-0.0002109689216039864,-0.19,0.0045044784,-0.0005385708,0.09,0.12,0.0018855751,0.0006370599,2.14,2.04,1.91,0.1,0.23,0.76,2.25,4.16,4.29,4.39
2016-12-29,2249.26001,-0.0234036683,3.0,-0.0002933047,-0.0083565292,0.0022483728,0.0012517152,-0.7028104821,-0.1784074304,0.3529083657,2.2944206023,2256.3295609,2244.5234976,2210.98763563,2141.14404805,2.49,-0.00017495228079842068,0.17,0.02,0.00017045737788829674,0.66,-0.0019677252,1.96,-0.14,4.76,0.001397085,-0.0317460317,-0.0297029703,1.39,-0.01,0.57,-0.0002569287,0.17,0.0022470292,0.46,-0.0014287982,-0.0011896927,0.38,1.09,-0.0017015697,-0.25,0.61,4.01,-0.08,1.25,0.0016626226,-0.0090399038,0.77,-0.0070520347,-5.084136118933462e-05,S&P,-0.0086767896,5.5865606224824376e-05,-0.64,0.0017269593,0.0001283715331428985,0.0005536545,-3.26,-0.0033452927,0.75,-0.0041560904,-1.900768491262601e-05,-0.0019789467,-1.85,-0.53,0.00011008568975349038,-0.13,0.003388358,-0.0020863137,-0.19,-0.11,0.0003153943,0.0019982419,2.11,2.03,1.88,0.08,0.23,0.75,2.27,4.15,4.3,4.38
2017-01-03,2257.830078,0.4117076641,1.0,0.0084865753,-0.0046370504,-0.0002933047,-0.0083565292,-0.2632735765,-0.0106281024,-0.075234716,3.0055488708,2253.99915333,2245.30020153,2213.87363658,2143.26743173,2.45,0.00010733878407121698,0.64,0.73,0.00012287511184756774,-0.12,0.0076136689,1.94,-2.38,4.72,0.00881343,0.0166666667,0.0051813472,0.73,0.41,0.56,0.0028492661,0.68,-0.0001871769,0.53,0.0070808337,0.0085377922,0.51,2.13,-0.0027229357,-0.06,0.64,3.94,0.09,2.0,0.0068107285,0.0050675291,-0.51,0.0108935217,0.0001257477255371753,S&P,0.0161495007,0.0483870968,-1.27,0.0061600473,3.1237734425539785e-05,0.0069798026,-4.94,0.0105619395,-0.34,-0.0004915353,5.1853939140197595e-05,0.0104019688,0.89,0.37,9.34791722198507e-05,0.77,0.0054682493,0.0089870332,0.32,0.37,0.0028481329,0.004914053,1.94,1.92,1.81,0.02,0.13,0.78,2.27,4.08,4.19,4.21
2017-01-04,2270.75,-0.0014958109,2.0,0.0057222738,0.0084865753,-0.0046370504,-0.0002933047,0.0824246807,0.3633088133,0.6110006043,2.9954071133,2257.04476181,2247.72399186,2216.10408221,2144.53591499,2.46,4.231487541369707e-06,0.12,-0.12,-0.00014079398143742005,0.78,1.42517443994e-05,1.94,1.78,4.71,0.0082649758,0.0163934426,-4.4954382553613824e-05,0.42,0.52,0.8,-0.0011192854,1.49,0.0022753456,0.52,-0.0044743207,0.008826527,0.48,0.87,-0.0014581814,-0.06,0.62,3.93,0.29,1.1,-0.0007191603,0.0046572241,0.79,-0.0036684511,-6.899308875794123e-05,S&P,0.0008928393,-0.0307692308,2.7,0.0164482795,7.439190384447881e-05,-0.0110023106,-1.8,0.001395753,2.86,-0.0029628749,-0.00016102388697993418,0.0072938852,1.87,-0.65,1.5559438463119556e-05,0.06,-0.0016401416,5.9853731102e-06,0.01,0.56,0.0003155569,0.0016439757,1.98,1.94,1.84,0.04,0.14,0.78,2.25,4.09,4.19,4.23
2017-01-05,2269.0,-0.0008154289,3.0,-0.0007706705,0.0057222738,0.0084865753,-0.0046370504,0.8480336484,-0.0775075302,-0.1197317907,2.5661897955,2259.21844148,2249.75027835,2218.17843192,2145.7743636,2.37,0.00011361277384185249,0.06,1.74,0.00014925483644994276,0.77,0.0002531402,1.86,0.76,4.62,0.0001022884,-0.0564516129,-0.0412371134,1.43,-4.340385187525347e-05,0.73,0.0050853647,-1.14,-0.0049857755,0.51,-0.0001372562136554279,0.0019974331,0.5,0.52,-0.0091492944,-0.02,0.61,3.85,-0.18,0.79,0.014557328,0.03073248,1.13,-0.0092049587,-5.694371876093182e-05,S&P,-0.0155218379,-0.0158730159,-0.71,-0.0115350053,-3.171720548050494e-05,-0.0149070644,0.18,-0.0046405121,1.79,0.0066317698,4.9141765245268224e-05,0.0020947691,-0.66,-1.07,-6.33818268283692e-05,-0.27,0.0104625939,5.4458144112e-05,0.03,0.58,-0.0056782648,0.0007788378,1.87,1.86,1.76,0.01,0.11,0.77,2.25,4.01,4.11,4.12
2017-01-06,2276.97998,-0.1121611348,4.0,0.003516959,-0.0007706705,0.0057222738,0.0084865753,1.2324039852,0.5209320387,1.0517978545,1.5896616076,2262.44781212,2252.34358327,2220.48437499,2147.07989212,2.42,4.847759034520945e-05,0.19,0.21,7.360468991956172e-05,-0.94,0.001877246,1.92,0.37,4.66,-0.0008953227,0.0427350427,0.0322580645,-0.65,0.32,-0.53,0.0111482976,-0.4,-0.0053717636,0.52,0.0086677529,0.006035073,0.49,-0.71,-0.0052334762,0.18,0.6,3.91,0.38,-0.78,0.002062651,0.019911561,-0.7,0.0001161538,1.9406576222624978e-05,S&P,-0.002537133,-0.0161290323,0.32,-0.003396586,-0.0002288207356159831,-0.0005646866,0.37,-0.0157796318,-0.59,0.0080020703,-9.345816575119035e-05,-0.0035034453,-0.51,0.85,8.870116076294807e-05,0.38,-0.0047920417,0.0012144504,0.18,0.85,0.0028553617,0.002056939,1.93,1.9,1.82,0.03,0.11,0.75,2.24,4.06,4.14,4.17
2017-01-09,2268.899902,-0.0366119842,0.0001200971820900346,-0.0035485942,0.003516959,-0.0007706705,0.0057222738,1.3431043426,0.3511756571,0.3037038816,1.0110436604,2263.62091937,2253.92037553,2222.3830231,2148.29203152,2.38,0.00016218702723371463,0.53,0.19,-0.0001503512033030893,0.82,-0.0045357936,1.89,-3.78,4.62,-0.0060359825,-0.0081967213,-0.015625,0.72,-0.29,0.75,0.0091594773,-0.62,0.0042973911,0.5,-0.0031827021,0.0019488585,0.49,0.44,0.0009373063,-0.23,0.59,3.88,-0.35,0.73,0.0024743218,0.0011683476,0.42,0.0006966674,0.00010477981316058834,S&P,-0.0145348653,-0.0163934426,-0.32,-0.0071602296,-4.8532815995943106e-05,-0.0164971638,-5.54,0.0163536461,1.0,-0.0132421763,-0.00024576645461941803,0.0053624976,-0.03,-0.31,-4.516309593805629e-06,0.15,-0.0001720034,-0.0030191829,-0.46,0.36,-0.0047453969,0.0038417923,1.89,1.88,1.79,0.01,0.1,0.74,2.24,4.03,4.12,4.13
2017-01-10,2268.899902,0.1308983997,1.0,-2.1730192402596344e-05,-0.0035485942,0.003516959,-0.0007706705,0.4902859656,0.2257215957,0.4796057551,0.4146823844,2264.5807344,2255.3469971,2224.20721443,2149.49210984,2.38,-0.00010111612915448279,0.57,0.74,9.310914701986306e-05,-0.37,0.0001350684,1.89,-2.37,4.62,0.0012122017,-0.0165289256,-2.7008724068880946e-05,0.55,-0.06,0.2,0.0010085133,1.03,0.0027755692,0.51,-0.0003192848,0.0036154467,0.5,1.04,-0.0020918606,0.17,0.59,3.87,-0.2,1.08,0.0082522594,-0.0012798763,-0.19,0.0029009051,5.3668835355908885e-05,S&P,0.0070058441,-0.00013410958020723576,2.89,0.0098785509,7.456091511689954e-05,-0.0127527687,5.64,-0.0099445239,-0.06,-0.0071332389,-3.5004666011695534e-05,-0.0030162327,-0.44,0.18,-9.076319455787061e-07,-0.02,-0.0010319488,0.0016698017,0.01,0.18,-0.0028607121,0.0052087922,1.88,1.87,1.79,0.01,0.09,0.75,2.24,4.03,4.11,4.12
2017-01-11,2275.320068,-0.0050511296,2.0,0.0028296383,-2.0553378935326586e-05,-0.0035485942,0.003516959,0.2012580865,0.2838486536,0.5652980882,0.8134883789,2266.53334051,2257.24919432,2226.21164006,2150.74412932,2.38,-2.722121200599813e-05,0.09,1.03,-0.00010504601604126007,0.94,9.8191165711e-05,1.89,2.72,4.6,0.0038852645,0.0084033613,0.00014209428186338398,0.35,0.3,0.99,0.005373176,0.37,-0.0022344919,0.51,0.0091025233,0.0021308469,0.5,-0.12,0.0022627345,0.45,0.59,3.84,0.45,-0.06,0.0083755225,0.0039200853,0.27,0.00752056,8.141897235723236e-05,S&P,0.0032954962,0.0002280772635360506,-0.08,0.0017506929,-0.00016090621495230383,0.0102408705,-1.65,-0.0009742553,-1.87,7.31099236451e-05,4.763005565349088e-05,-0.0078809569,0.21,-0.29,-0.00012221749276788304,1.91,-0.0123106142,0.0054276517,0.02,0.3,0.0031876951,0.002061714,1.88,1.87,1.79,0.01,0.09,0.76,2.22,4.01,4.09,4.1
2017-01-12,2270.439941,-0.0437188053,3.0,-0.002144809,0.0028296383,-0.0001225892836773729,-0.0035485942,0.0634614808,0.9120333039,-0.0140952368,-0.0563462934,2267.2436315,2258.50545591,2227.94608324,2151.93513242,2.36,-3.1769077705025045e-05,0.11,-0.4,5.26604387879587e-05,0.58,-0.0050605878,1.87,1.65,4.61,-0.0020157054,-0.0166666667,-0.0105820106,0.32,-0.31,0.56,-0.0041753653,-1.11,0.0021528059,0.51,-0.009178636,-0.0029045084,0.51,1.0,-0.0061008759,-0.95,0.58,3.86,-0.37,0.18,-0.0046360784,0.0182974076,0.29,-0.009646348,6.303577431845218e-05,S&P,-0.0054744344,-0.0166666667,2.27,-0.0089056306,5.0954352276785364e-06,-0.005414146,5.02,-0.0066798017,1.64,0.0032979201,-4.0490465876319446e-07,-0.0055678078,-1.24,-0.31,-0.0001415539098429157,-0.07,-0.0009587727,-0.0107442948,-0.51,-0.23,-0.0025421037,0.0002605997,1.85,1.85,1.78,-9.431034530858215e-05,0.07,0.75,2.25,4.03,4.1,4.1
2017-01-13,2274.639893,-0.1100074232,4.0,0.0018498406,-0.002144809,0.0028296383,-7.153406331868966e-05,-0.1027715228,1.128365902,0.4176251461,0.947945383,2268.58840632,2260.04206897,2229.77721303,2153.15607531,2.4,3.5165385702418936e-06,0.48,0.38,-7.714946867315183e-05,0.48,0.0120313276,1.9,-1.0,4.63,0.0020545539,0.0254237288,0.0160427807,0.17,0.4,0.25,-0.0017609979,1.12,-0.0059399374,0.52,0.00143747,0.0048003479,0.51,-0.38,-0.0009572141,0.81,0.6,3.9,0.15,0.12,0.0047466484,0.0043016567,0.29,0.0053339403,0.00013617145342631118,S&P,0.0148624037,0.0338983051,0.75,0.0080672584,4.723170032061621e-06,0.0001158443,0.97,-0.0037706911,0.09,-0.0040149036,-4.028667368034276e-06,-0.0020918699,0.73,-0.18,6.449740245760139e-05,-0.07,-0.0001745332,0.0093862749,1.2,0.53,-0.0009556547,0.0062256464,1.89,1.88,1.8,0.01,0.09,0.73,2.23,4.03,4.11,4.12
2017-01-17,2267.889893,0.1634780464,1.0,-0.0029675027,0.0018498406,-0.002144809,0.0028296383,-0.0445153618,1.297991093,0.3065039682,0.2590533249,2268.4614039,2260.78948078,2231.27182793,2154.29770534,2.33,-7.931084976605136e-05,-1.31,0.4,3.869197415863692e-05,1.58,-0.0127578299,1.84,-0.7,4.59,-0.0027495903,-0.0330578512,-0.0315789474,1.11,-0.15,1.19,0.0080645077,-1.56,-0.0005656355,0.54,-0.0027113556,-0.0063490087,0.51,2.61,0.0018554286,-0.04,0.61,3.84,-0.21,2.02,-0.0042031894,-0.009080505,1.04,-0.036332112,1.4042971343173403e-05,S&P,-0.0276623029,0.0163934426,-1.73,-0.014380017,-4.261249127924604e-05,0.0116966187,-2.04,-0.0044652288,1.52,-0.0102947281,-1.9083098004192794e-05,-0.0012815023,-1.73,-1.08,7.673149988757928e-06,0.37,0.0023560646,-0.0076686138,-0.45,-0.23,-0.0028699298,-0.0159993331,1.82,1.79,1.72,0.03,0.1,0.75,2.26,3.98,4.05,4.08
2017-01-18,2271.889893,-0.075241493,2.0,0.0017637541,-0.0029675027,0.0018498406,-0.002144809,0.1317815298,0.6227136017,0.3578005849,0.6120193167,2269.08476555,2261.8466629,2232.86469323,2155.46777686,2.42,-4.998559612832095e-05,0.24,1.18,-5.918023645707217e-05,-1.26,-0.0012943293,1.93,-2.79,4.64,-1.78805501359e-05,0.0512820513,0.0489130435,-1.06,0.17,-0.81,-8.335e-05,0.35,-0.0067334204,0.52,-0.0004797537,0.0030548379,0.47,-0.21,-0.0085996205,0.3,0.62,3.91,-0.04,-0.58,0.0112643664,-0.0027663774,-0.77,0.0046678514,3.809847882467809e-05,S&P,0.0091112125,0.0161290323,-0.31,0.0046143762,4.168613506682444e-05,-0.0123626601,-3.22,-0.0111605754,-0.4,0.028889031,8.051998856121925e-05,0.0013629359,0.53,0.59,-2.8872086791535592e-05,-0.17,-0.001479986,0.0051464166,-0.13,0.28,-0.0012791813,0.0037671315,1.95,1.9,1.8,0.05,0.15,0.73,2.22,4.02,4.12,4.17
2017-01-19,2263.689941,-0.0450282784,3.0,-0.0036093087,0.0017637541,-0.0029675027,0.0018498406,-0.5111424614,-0.3109130904,-0.2287446788,0.0512661483,2268.10388836,2262.02221319,2234.07352648,2156.54461431,2.47,-6.395636145233734e-05,-0.6,-0.31,1.7043719190447433e-05,0.91,-0.0025260158,1.97,0.45,4.68,-0.0042202197,0.0162601626,0.0207253886,0.12,-0.22,0.73,-0.0017501375,-0.85,-0.0009642638,0.51,-0.003200016,-0.0028025207,0.46,-0.67,0.0155645896,6.336996464262695e-05,0.61,3.95,-0.21,-0.35,-0.0020910159,0.001931934,0.31,-0.0076244816,0.00022726255681077492,S&P,0.0057122167,-0.0158730159,-0.23,-0.0094365125,0.00014423523297001783,-0.0179647197,2.0,0.0166906132,-1.74,-0.0103591851,-0.00012826317741154475,-0.0037625589,1.43,-0.12,2.3326911135719657e-05,0.07,-0.004359198,-0.0002155286,-0.27,-0.02,-0.0006404419,-0.005408714,2.01,1.96,1.86,0.05,0.15,0.73,2.21,4.07,4.17,4.22
2017-01-20,2271.310059,0.1133933676,4.0,0.0033662375,-0.0036093087,0.0017637541,-0.0029675027,0.038323762,0.1018095637,0.9507065914,0.0242231234,2268.68682848,2262.90676994,2235.53378265,2157.68655904,2.48,-6.478401699425885e-06,-0.08,-0.54,-0.00012502242692447038,-0.28,0.0019685001,1.95,2.46,4.69,0.0039412524,-0.04,-0.0101522843,0.4,0.2,-0.07,0.001836709,0.46,0.0034074291,0.49,0.0070626486,0.0027526678,0.45,-0.71,0.0042593291,0.21,0.61,3.97,0.26,0.47,-0.0071171826,-0.0008775351,0.37,0.0044417165,9.992234529430278e-06,S&P,0.0089776105,0.00011977278412429329,0.58,0.0045402426,-7.996919636029054e-05,0.0136904987,-4.87,0.0018996009,1.06,0.0064161387,3.048715468429081e-05,0.0070421599,0.31,-0.44,1.6146417011715673e-06,-0.21,-0.0004377846,0.0028663061,0.41,0.09,-0.0217878251,-0.0013872704,2.03,1.99,1.87,0.04,0.16,0.72,2.21,4.08,4.2,4.24
2017-01-23,2265.199951,-0.1056065725,-0.00025471440036497675,-0.002690125,0.0033662375,-0.0036093087,0.0017637541,-0.4150081966,-0.5173532092,0.7086748944,0.0008837709,2268.05285076,2263.12516813,2236.6971618,2158.75634403,2.41,1.931059898630029e-05,-0.65,-0.13,-0.0001459304947541906,0.89,-0.0060321082,1.88,-0.47,4.62,-0.0019807324,-0.0333333333,-0.0358974359,0.62,-0.18,0.36,0.0006666833,-0.35,0.0020695787,0.51,0.003506487,-0.0004302421,0.45,-0.19,-0.0013286792,-0.58,0.58,3.91,-0.05,0.76,0.0005509667,0.0118144666,0.49,0.0004780806,-2.411912937237829e-06,S&P,-0.0148901398,-0.0483870968,0.84,-0.0029663129,-0.0001333788605077777,-0.0107113519,1.22,-0.0101757259,1.17,0.003938932,-8.84694047076031e-05,0.0043661157,-1.25,-0.53,0.00013732953667731533,-0.17,-0.0021024792,-0.0072552829,-0.84,0.1,-0.0255486726,-0.0065569721,1.96,1.9,1.83,0.06,0.13,0.71,2.21,4.04,4.11,4.17
2017-01-24,2280.070068,0.2087886295,1.0,0.0065645936,-0.002690125,0.0033662375,-0.0036093087,0.5370708268,0.492316386,1.8420330513,0.8452209384,2270.23779935,2264.73896812,2238.39806009,2159.96344576,2.47,6.592279791926308e-05,0.05,0.14,-5.8361337315626005e-05,0.19,0.0017877817,1.94,0.38,4.69,0.0070417,0.0431034483,0.0319148936,-0.71,0.55,-0.01,-0.0009160643,1.46,-0.004581485,0.5,0.0088945522,0.008647675,0.49,0.9,-0.0049685052,0.33,0.61,3.96,0.55,-0.7,0.0022420595,0.0055753863,-0.32,0.0120654881,-0.00013436490723372376,S&P,0.0082949493,0.0508474576,2.31,0.0158549943,-0.0001505212502577191,0.0014122043,1.11,-0.0090501627,-1.21,0.0105142743,0.00012129555280034186,0.0018420439,-0.42,0.45,-0.00010688520489504275,0.32,-0.018874567,0.0042604794,0.17,0.65,0.0084033613,-0.0001259075,1.98,1.97,1.86,0.01,0.12,0.73,2.22,4.08,4.19,4.2
2017-01-25,2298.370117,0.0091997817,2.0,0.0080260906,0.0065645936,-0.002690125,0.0033662375,1.1655593029,1.2988768246,1.795531001,1.5275302658,2275.35276619,2267.94193468,2240.74990546,2161.34062657,2.53,-6.339924576195879e-05,0.27,0.52,0.0001037360717991867,0.7,0.0098633216,1.99,-0.65,4.74,0.0079800245,0.0165289256,0.0257731959,-0.7,0.86,-0.13,0.0159206134,1.12,0.0007305669,0.49,0.0025188917,0.0098875699,0.47,-2.09,-0.0063530674,2.06,0.6,4.02,0.8,-0.59,0.0043250708,0.0171198117,0.16,0.0154626769,-2.168090439423807e-05,S&P,0.0351005112,-0.0161290323,0.11,0.0096624918,1.624090686136919e-05,0.0029380657,1.62,0.0093988031,-0.82,0.0012662566,6.832996278080252e-06,0.0022281098,1.22,-0.15,0.00010803505259596487,0.09,0.0093056638,0.0182070254,0.98,0.99,0.0123333667,0.0019719589,2.06,2.04,1.93,0.02,0.13,0.72,2.21,4.14,4.25,4.27
2017-01-26,2296.679932,-0.0612737323,3.0,-0.0007353842,0.0080260906,0.0065645936,-0.002690125,1.4573546669,0.938763047,1.1419104701,1.2252763669,2279.2304327,2270.67888681,2242.94323983,2162.68728633,2.51,9.864788747552159e-05,-0.25,1.3,0.0002351131147512599,-0.71,-0.0021382521,1.95,2.11,4.71,-0.0022867602,-0.0162601626,-0.0201005025,-0.98,-3.3951561919470604e-05,-0.48,0.0004923285,-0.46,0.0035917652,0.5,0.0092650283,-0.0002050209,0.48,0.15,-0.0063936869,0.12,0.61,4.0,0.24,-1.18,0.0141025251,0.0031439821,-0.61,0.0083691853,-2.7064774345427325e-05,S&P,0.0098905159,0.0163934426,-1.37,-0.0049477484,-3.8869993644489575e-05,0.0030466606,1.5,-0.0048049633,0.44,0.0080602822,1.3576420323351479e-05,0.0030515689,2.05,0.04,0.00016499844702253503,1.03,-0.0085107001,0.0036066321,-0.22,0.02,-0.0016463944,-0.0004047655,2.03,2.01,1.9,0.02,0.13,0.71,2.2,4.1,4.21,4.23
2017-02-06,2292.560059,-0.1358877367,6.922935493922953e-05,-0.0021153569,0.007264758,0.0005703095,0.0002983636,0.5112086238,1.2078451612,0.7878243082,0.6842431263,2285.51397562,2278.8530243,2253.60244764,2171.0543166,2.42,0.00011993801200680301,-0.36,0.97,-9.662211446778185e-05,0.05,-0.0098105128,1.86,-1.92,4.67,-0.0041226198,-0.041322314,-0.0362694301,1.29,-0.2,-0.3,0.0093739617,-0.94,-0.0011337209,0.53,-0.0006281564,-0.0005682629,0.47,1.03,-0.0009286049,-1.18,0.61,3.97,-0.07,1.2,0.0094698127,-0.0031597099,-0.31,-0.0047029479,-0.00016819581664065676,S&P,-0.0125720447,-0.0158730159,1.38,-0.0081141005,0.00014349140934305987,-0.002753208,-0.42,-0.0013299258,-1.71,-0.0028586193,0.00011121305056993345,0.0053544762,0.05,-0.17,0.00011314680808120452,0.09,-0.002111906,-0.0121572766,-0.96,0.05,-0.001346835,-0.0022396965,1.95,1.89,1.81,0.06,0.14,0.7,2.25,4.06,4.14,4.2
2017-02-07,2293.080078,0.1092423731,1.0,0.000226829,-0.0021153569,0.007264758,0.0005703095,0.6235529131,0.5705969383,1.1107322749,1.0657224666,2286.8896306,2280.2079818,2255.15059001,2172.26850328,2.4,3.3212951974597764e-05,0.06,0.05,-0.00010818923561903858,-0.26,-0.0049412866,1.85,-1.2,4.64,-0.0018404,4.6469561925484834e-05,-0.0053763441,-0.15,0.09,-0.46,0.0095172774,-0.32,-0.0012514188,0.53,-0.0032997958,0.0018840498,0.5,0.37,0.0051312777,0.15,0.62,3.96,0.23,-0.23,-0.0007139691,0.0060175139,-0.64,-0.0005761899,-0.0001817624591549226,S&P,-0.0037135102,0.0161290323,-0.76,-0.0040975626,9.820970780461454e-05,-0.0064818271,2.62,-0.0072088442,1.53,-0.0012720037,6.814654495660847e-06,-0.001234088,-0.37,0.69,-4.5227152235708766e-05,-0.26,0.0007054762,0.0034405853,-0.48,0.37,-0.0033715779,0.0019519812,1.9,1.87,1.78,0.03,0.12,0.68,2.24,4.02,4.11,4.14
2017-02-08,2294.669922,0.0466988915,2.0,0.0006933225,0.000226829,-0.0021153569,0.007264758,0.6632832215,-0.1609921297,1.0026907145,1.1357936054,2288.30422904,2281.58530943,2256.70036773,2173.48642784,2.34,-7.932932062479531e-05,0.18,0.71,0.0001662046895143225,-0.48,0.0025512586,1.81,0.13,4.59,0.0007488782,-0.0086206897,-0.0216216216,0.67,0.08,0.28,0.0038773968,-0.28,0.0030450492,0.53,-0.001418887,0.001450416,0.51,-0.28,0.0080473825,-4.0619078519222434e-05,0.62,3.91,-0.08,0.4,0.0065816636,0.0088738732,0.17,-0.0087638606,0.00013393280551892827,S&P,-0.0126020412,0.00011694207262998507,1.29,-0.0017046044,4.1942746669815576e-05,-0.0155852851,-0.13,0.0050077171,0.64,0.0022368619,-3.526340018193387e-05,0.0044064877,0.58,-0.3,-3.7652934799072412e-06,-0.41,-0.0007049788,-0.0005247481,0.25,0.28,-0.0043978012,0.0003617503,1.83,1.81,1.72,0.02,0.11,0.68,2.25,3.97,4.06,4.08
2017-02-09,2307.870117,0.0188933275,3.0,0.0057525463,0.0006933225,0.000226829,-0.0021153569,1.1846468571,0.4872331074,1.9516884888,1.4305701188,2291.86166321,2284.08862444,2258.70702457,2174.82357898,2.4,-0.0001136940380498594,0.65,0.03,2.0954229495562636e-05,-1.07,0.0125120914,1.88,0.93,4.64,0.0067437996,0.0434782609,0.0386740331,-0.89,0.61,-0.29,0.0028779538,1.55,-0.001743046,0.53,0.0113671929,0.005759836,0.5,0.21,-0.0033736913,0.94,0.63,3.94,0.67,-0.56,0.0017036212,0.0020128618,-0.4,0.014425291,-4.7103384326352874e-05,S&P,0.0197734852,0.0158730159,-0.45,0.0145649934,0.00016218350058119568,0.0044181761,0.48,-0.0038705366,2.48,0.0025431629,5.0946769369669986e-05,0.0051143396,-0.42,0.7,0.00012025332658834192,0.09,0.0059964726,0.0086179672,1.26,0.4,0.0054366293,0.005661612,1.9,1.87,1.77,0.03,0.13,0.7,2.24,4.01,4.11,4.14
2017-02-10,2316.100098,-0.0551721888,4.0,0.0035660503,0.0057525463,0.0006933225,0.000226829,0.8130936718,0.9330304987,1.9719913986,2.011070902,2296.26865136,2287.13733621,2260.95773333,2176.22931548,2.41,-9.752883156525182e-05,0.24,0.41,8.310255730924192e-05,0.15,0.0004308924,1.89,1.92,4.64,0.0044175012,-7.724997467218514e-05,0.0053191489,0.26,0.37,0.68,-0.0022655415,0.82,-0.0005674791,0.54,-0.0009365907,0.0033156797,0.5,1.08,-0.000973695,0.08,0.63,3.97,0.43,1.7,0.0021185779,0.0074267521,-0.14,-0.0022935437,-2.3662939483801193e-06,S&P,0.0022915741,-8.700257419690573e-05,4.31,0.0074789354,0.00013882833669138218,0.008308908,-3.41,0.0132377712,1.41,-0.0023874464,5.5987137466520464e-05,0.0042473327,2.49,0.08,0.00017560280498369257,0.09,0.0101682677,0.0020707433,0.04,0.28,0.0043933423,0.0040528121,1.91,1.87,1.78,0.04,0.13,0.67,2.23,4.01,4.1,4.14
2017-02-13,2328.25,-0.0360544688,-0.00016888588543992453,0.0052458449,0.0035660503,0.0057525463,0.0006933225,1.5567723454,2.0759393237,2.7834209061,2.3568612845,2302.08344202,2291.052828,2263.59664575,2177.74195911,2.43,-8.192706371348066e-05,0.49,0.38,3.19491504524186e-05,-0.31,0.0123997828,1.92,-1.96,4.66,0.0049403538,1.7124368844435586e-05,0.0158730159,-0.7,0.58,-0.47,0.008855571,0.29,0.003872696,0.52,0.0112500156,0.0052021978,0.49,-0.71,-0.0011497754,1.03,0.62,3.98,0.79,-0.56,0.0057688277,0.0109612631,-0.2,0.0132184138,-1.8406463397763568e-07,S&P,0.0038691698,-0.015625,0.51,0.0025489179,2.2441000578508254e-05,0.0058168083,-2.97,0.004231562,0.39,-0.0010857633,3.811822226320354e-05,0.0063002917,0.31,0.32,6.049663108882498e-05,0.04,0.0055536186,0.0092106145,1.26,0.62,0.0107672278,0.0027690662,1.94,1.91,1.81,0.03,0.13,0.68,2.23,4.04,4.14,4.17
2017-02-14,2337.580078,0.0511026262,1.0,0.0040073351,0.0052458449,0.0035660503,0.0057525463,1.9406212817,2.5762749953,2.5222913457,3.0729086635,2308.53737583,2295.48399467,2266.49795682,2179.33238816,2.47,-7.956541297665861e-05,-0.21,0.16,4.3725876034820415e-05,-0.13,0.001560881,1.98,0.68,4.68,0.0030567089,0.0416666667,0.03125,0.26,0.46,0.31,0.0129793015,0.45,-0.0022769463,0.54,-0.0023176916,0.0032286593,0.5,0.38,-0.0035371515,-0.08,0.65,4.0,0.49,0.56,-0.0003361608,-0.0001673747,-0.2,0.0159954165,9.23229038682626e-05,S&P,0.0157673085,0.0476190476,-1.62,0.0030667052,6.36887304114134e-05,-0.0021686747,-1.32,-0.0018347086,-0.39,0.0030806076,-7.444212823142464e-05,0.00033849,-0.82,0.04,-6.814498660452917e-05,-0.32,0.0041422507,-0.0002225261,0.15,0.32,0.0079893473,-0.0014150221,1.97,1.93,1.82,0.04,0.15,0.68,2.21,4.03,4.14,4.18
2017-02-15,2349.25,0.0723335729,2.0,0.004992309,0.0040073351,0.0052458449,0.0035660503,2.3785590022,3.0576188064,2.2137375797,3.4050993069,2315.93967114,2300.6045666,2269.74313498,2181.02311066,2.51,-0.00015576957494275358,0.55,1.33,-6.241887245360538e-05,0.77,0.0059315988,2.01,-0.39,4.7,0.0039690457,0.016,0.0151515152,0.35,0.58,0.6,0.0036290252,0.49,-0.0018460644,0.53,-0.0006194982,0.0063760781,0.52,0.42,0.0007420724,0.22,0.66,4.01,0.69,0.17,0.0123131779,0.0075443237,0.23,0.0115006479,0.00014245284534370836,S&P,0.009830959,0.0151515152,0.18,0.0054129072,-2.272427698990246e-06,0.0041053369,0.69,0.0052416428,1.17,-0.0042026637,6.356941963397889e-06,-0.0015357382,0.83,-0.08,0.00016594963604817567,0.34,0.0072189412,0.0018790754,0.58,0.64,0.0023117238,0.0046501119,1.99,1.98,1.85,0.01,0.14,0.69,2.19,4.04,4.17,4.18
2017-02-16,2347.219971,-0.0273387735,3.0,-0.0008641179,0.004992309,0.0040073351,0.0052458449,1.7050289663,2.9098743954,2.2005695394,3.6899943092,2321.62699838,2305.04412893,2272.78144228,2182.67681076,2.45,-0.00012342178284562805,-0.14,0.37,4.5059414219889187e-05,-0.18,-0.0051574873,1.95,-0.18,4.65,-0.0008867123,-0.0393700787,-0.0298507463,0.5,-0.21,-0.21,-0.0011806435,-0.46,0.0002330052,0.52,-0.0001549977,-0.0007801505,0.5,0.65,-0.0010320154,-0.46,0.65,3.98,-0.14,0.56,0.0047022585,0.0017087967,0.69,-0.0006622917,-7.109348643488372e-05,S&P,-0.0073441504,-0.0149253731,-0.73,-0.0036176613,-3.980187281882733e-06,-0.0103415219,-2.43,-0.001653555,-1.59,-4.97178113255e-05,0.00013670737849965977,0.005176442,-0.57,-0.82,8.133424944654932e-05,-0.06,0.0075085753,-0.0031108761,-0.51,-0.18,0.0032949259,-0.0033550614,1.95,1.93,1.8,0.02,0.15,0.67,2.2,4.0,4.13,4.15
2017-02-17,2351.159912,-0.0433807051,4.0,0.0016785564,-0.0008641179,0.004992309,0.0040073351,1.5137434703,2.3391452945,2.4608976573,3.51558576,2326.99661904,2309.43610827,2275.85510776,2184.35325953,2.42,-1.800045886869552e-05,0.21,-0.25,-0.00012316848095124093,-0.21,-0.0065068157,1.92,0.29,4.63,0.0005841112,-0.0081967213,-0.0153846154,-0.31,0.11,-0.3,0.0027336164,-0.1,-0.0023003902,0.52,0.0015500001,0.0040723274,0.49,-0.24,0.0005739342,-0.06,0.65,3.95,-0.03,-0.5,-0.0030678575,0.0011017035,-0.56,-0.0033137745,0.00011606563092699554,S&P,-0.0005161562,-1.8138191669625004e-05,-0.41,0.0005217385,-5.128141170203759e-05,-0.0065613728,-0.7,-0.0070719994,-1.45,0.0015613773,6.730783725843395e-05,-0.0085279413,-0.67,0.57,0.0001001796898393041,0.09,0.0066056825,-1.87716671267e-05,-1.02,0.48,-0.0026272577,0.0030366037,1.93,1.9,1.77,0.03,0.16,0.68,2.21,3.98,4.11,4.14
2017-02-21,2365.379883,0.0189919899,1.0,0.0060480663,0.0016785564,-0.0008641179,0.004992309,1.5947549877,3.1763540377,3.7038004573,4.4225646374,2333.97539431,2314.76408681,2279.36588325,2186.15451947,2.43,-5.6326900707084616e-05,-0.3,-0.9,0.00021358431049671098,-0.39,0.004351174,1.93,0.85,4.63,0.0058500886,0.0082644628,0.0052083333,-0.19,0.29,-0.18,0.0072207191,0.69,0.0037212153,0.53,-0.0020118383,0.0046878036,0.48,-0.29,0.00229442,1.09,0.68,3.95,0.27,-0.44,-0.0029171229,0.0134545007,-0.73,0.0086445636,-8.255086315721937e-05,S&P,0.0027543467,0.0454545455,-0.18,0.0074864494,-6.41051189405772e-05,0.0015899828,-10.91,-0.0002206522,-0.96,-0.0012722962,0.0002600826287001299,0.016005242,0.68,0.68,-3.810937558484454e-05,0.93,0.0067306326,0.0179017057,0.49,0.1,0.0049390515,-0.0034520815,1.95,1.9,1.75,0.05,0.2,0.68,2.2,3.95,4.1,4.15
2017-02-22,2362.820068,-0.0310382202,2.0,-0.0010822004,0.0060480663,0.0016785564,-0.0008641179,1.0797486785,3.0413237928,3.683840969,3.6292744316,2339.21988043,2319.34084693,2282.63859638,2187.91238562,2.42,8.051957145138532e-06,0.26,0.95,-3.2539821471854492e-06,0.38,0.001456426,1.92,-1.45,4.63,-0.0024244002,8.836404990041271e-07,-0.0051813472,0.14,0.04,0.36,0.0029992978,-0.32,0.0006542504,0.52,-0.0020157699,-0.0009069821,0.46,0.56,0.0031361597,0.33,0.67,3.94,0.29,0.22,0.0099454912,-0.0009691479,0.18,0.0005493462,-1.7222429924920502e-05,S&P,0.0018884292,-0.0144927536,-0.47,-0.0045946234,-0.00012090076550814808,-0.011723031,1.09,0.003433969,0.92,0.0010983425,-7.113656502589079e-05,0.0024258529,0.05,0.08,-1.5798449025551774e-05,0.15,-0.0011700401,0.0025986744,0.15,0.14,-0.006225426,0.0037801728,1.96,1.9,1.75,0.06,0.21,0.69,2.21,3.96,4.11,4.17
2017-02-23,2363.810059,0.1575791298,3.0,0.000418987,-0.0010822004,0.0060480663,0.0016785564,0.6197747792,3.0130754902,3.6963439358,2.8472325461,2343.69082199,2323.57600998,2285.82179099,2189.66261123,2.38,1.7396656628879834e-05,-0.14,0.03,0.00021654290544991645,0.54,-0.0009374911,1.87,1.33,4.61,0.0005169359,-0.0327868852,-0.0260416667,0.95,0.07,0.16,-0.0042301947,-0.6,-0.001293116,0.51,0.0040398073,-0.0042862487,0.38,0.12,0.0013920267,-0.5,0.65,3.91,0.23,0.94,-0.0035989465,-0.0039971284,0.24,0.000768713,-0.00011101014704316819,S&P,0.0022275702,-0.0294117647,-3.26,-0.0065818458,4.136486798474595e-05,0.0105028914,0.96,-0.0022169545,-0.91,-0.0026643624,5.638068625662718e-05,-0.003018203,-0.15,-0.41,0.0001662144470437155,0.13,0.0182396256,-0.0042304776,-0.08,-0.36,-0.0102209034,-0.0042315303,2.0,1.87,1.73,0.13,0.27,0.7,2.23,3.96,4.1,4.23
2017-02-24,2367.340088,-0.0457479715,4.0,0.0014933641,0.000418987,-0.0010822004,0.0060480663,0.8571892387,2.5768335298,3.7920067643,3.0766218233,2347.99068854,2327.74401741,2289.01858696,2191.43054632,2.31,-1.4388958954900275e-05,-0.21,-0.53,-0.00012976613695366053,-0.35,-0.0094146543,1.8,-1.04,4.54,-0.0012859258,-0.0508474576,-0.0374331551,0.6,0.1,-0.53,0.0009522083,-0.04,-0.0011929528,0.51,1.6994204568361207e-05,0.0016794236,0.39,1.99,-0.0048615226,-1.07,0.64,3.85,-0.05,0.93,-0.0061854043,-0.0081554724,-0.17,-0.0087786133,-0.00013146495234828912,S&P,-0.0116259357,-0.0151515152,1.4,-7.16861943458e-05,-2.7589321966841767e-05,-0.0085595134,0.38,-0.0064805188,-0.92,0.0082240157,-0.00010756009482737533,0.0006329953,-0.46,0.13,2.0410228046250055e-05,-0.9,0.0084634842,-0.012035642,-0.95,0.21,0.0056629247,-0.003809405,1.92,1.8,1.67,0.12,0.25,0.69,2.23,3.9,4.03,4.15
2017-02-27,2369.75,-0.0649759759,3.9382203697078685e-05,0.001017983,0.0014933641,0.000418987,-0.0010822004,0.7906773123,2.3163896088,3.1483176979,3.271032729,2351.94692699,2331.74458718,2292.18452472,2193.20486924,2.36,-7.224541432467984e-05,0.12,-0.27,6.863793085082758e-05,-0.17,-1.2395257428e-05,1.87,-0.11,4.57,0.0014781337,0.0714285714,0.0388888889,-0.33,0.14,-0.01,0.0019756256,0.9,0.0051270847,0.5,-0.0060352829,0.0028381459,0.43,-0.18,0.0014274155,0.14,0.67,3.87,0.13,-0.33,-0.001696109,0.0040225558,0.32,0.0011070298,6.211827570314669e-05,S&P,0.0043245113,0.0461538462,0.3,0.0096448605,-7.721836057869383e-05,0.0056733965,2.51,-0.0043839744,1.33,-0.0124743254,-9.823329214522994e-05,-0.0076144774,-0.67,0.13,-0.0003006877980032271,-0.39,-0.0026888372,0.0015790919,0.01,0.08,-0.0082808874,0.0012838473,1.93,1.86,1.69,0.07,0.24,0.7,2.21,3.9,4.07,4.14
2017-02-28,2363.639893,0.175160009,1.0,-0.0025783762,0.001017983,0.0014933641,0.000418987,-0.0735607,1.5200211747,3.1004567894,3.6275152157,2354.07292081,2334.78223535,2294.98669603,2194.90074013,2.36,0.00024674451455242223,0.28,-0.84,0.00013975691469962664,-1.097285764157712e-06,0.0027656148,1.89,-0.61,4.55,-0.0039763429,0.0166666667,0.0106951872,-0.33,-0.23,-0.2,0.0004382678,-1.51,-0.0044343327,0.53,-0.0038923087,-0.0062198198,0.39,0.36,0.0051527139,0.16,0.68,3.84,-0.03,5.311435000139192e-07,-0.0077040719,-0.004242125,-0.09,0.0021011058,9.341967002277039e-05,S&P,-0.0031002411,0.0147058824,0.6,-0.0151210022,1.2413511003306579e-05,-0.0026980745,3.01,0.0049648713,1.14,0.0032097913,-8.907372085712522e-05,0.0040490477,-0.05,-0.31,8.90005233940625e-05,0.09,-0.0015523121,0.0009930273,0.28,-0.29,-0.004342084,0.0014338759,1.97,1.83,1.68,0.14,0.29,0.71,2.19,3.87,4.02,4.16
2017-03-02,2381.919922,-0.1205611735,3.0,-0.0058598805,0.0136738545,-0.0025783762,0.001017983,0.7661302113,1.3906532723,3.8022897831,4.4907929547,2365.36714188,2344.5430889,2302.20029426,2198.74231041,2.49,-0.00012853478946379065,0.1,-0.64,0.0003468046804890328,-1.12,0.0005986351,2.03,-2.27,4.65,-0.0073156645,0.023255814,0.0201005025,-1.09,-0.48,-1.35,-0.0059373778,-1.33,0.0023010602,0.66,-0.0143209112,-0.0072509068,0.5,-4.0,0.0030575526,-0.03,0.82,3.95,-0.4,-3.1,-0.0020364621,-0.0048882214,-0.38,-0.0155982802,-0.00010675624043167349,S&P,-0.0170768625,0.0632911392,-1.76,-0.0127118438,-8.229843685246318e-05,0.0033727537,0.18,0.0092326377,-0.82,-0.0085538306,1.973045020135608e-05,-0.0052067598,1.19,0.43,-0.00013075743856964017,1.09,-0.0018569675,-0.000631474,0.04,-0.39,2.7121127285553447e-06,-6.77240659682e-05,1.99,1.83,1.67,0.16,0.32,0.7,2.16,3.83,3.99,4.15
2017-03-03,2383.120117,-0.0696251557,4.0,0.0005038771,-0.0058598805,0.0136738545,-0.0025783762,0.6665721195,1.5294751427,3.2605821032,4.4838553437,2368.59495554,2348.21709158,2305.37362065,2200.57691545,2.49,9.368470688743318e-05,-0.17,-0.38,-0.00012862469743981,-0.31,0.0063117126,2.02,1.49,4.65,0.0019402328,6.85621334973379e-05,-0.0049261084,-0.08,-0.03,0.3,0.0059009208,-0.17,0.0007846328,0.7,0.0037493828,0.0016259046,0.54,-0.05,0.0030482325,-0.32,0.82,3.95,-0.12,0.9,-0.007389965,0.0011426795,1.1,0.0071630563,-7.931848585500221e-05,S&P,0.0030659173,-4.632256611276617e-05,0.3,-0.0011034406,-3.093766424894958e-05,-0.0100840813,0.82,0.0019365498,0.17,0.0002086016,0.00011496528183454752,-0.0036272329,-0.76,-0.56,5.57611469616233e-05,-0.92,0.0012942166,-0.0026709045,0.63,0.14,-0.0023186485,-0.0010972173,1.95,1.79,1.67,0.16,0.28,0.7,2.16,3.83,3.95,4.11
2017-03-06,2375.310059,-0.0907275417,-4.3038956838475406e-05,-0.0032772406,0.0005038771,-0.0058598805,0.0136738545,0.2346263952,1.0271588452,2.5564508655,3.3903308774,2369.81588344,2350.79737419,2308.11622607,2202.31555369,2.49,3.4089051176475524e-06,-0.27,0.13,2.6257754115451223e-05,-0.68,-0.0045924616,2.02,0.2,4.66,-0.0043609643,-0.0075757576,0.00010110653416696379,-0.68,-0.24,-0.21,-0.0031478252,-0.6,0.0012486207,0.73,0.0003112374,-0.0036741173,0.53,-1.4,-0.0007989427,-0.51,0.82,3.98,-0.11,-1.17,0.0018494082,-0.0038476255,-0.38,-0.0094828122,-4.8045375850024014e-05,S&P,-0.0047545934,-0.0119047619,-1.64,-0.0070868606,0.00016184912940646112,0.0044870604,2.62,-0.004329144,0.99,0.0020660282,-8.772637279191728e-05,0.0048329543,-0.56,0.44,1.8985529822526335e-07,0.37,-0.0006462719,-0.0057335907,-0.45,-0.2,-0.0039840968,-0.0032816278,1.96,1.76,1.67,0.2,0.29,0.68,2.17,3.84,3.93,4.13
2017-03-07,2368.389893,0.0883750425,1.0,-0.0029133738,-0.0032772406,0.0005038771,-0.0058598805,0.2009612384,0.1272527099,1.7240370665,3.3076487441,2369.55661245,2352.47285217,2310.47989929,2203.96803468,2.52,-0.00011588469859819091,-0.15,0.38,4.557411093339972e-06,-0.56,-0.0034572173,2.05,-0.16,4.67,-0.0035911396,0.0076335878,0.0148514851,-0.84,-0.38,0.12,0.0012918617,-0.69,7.25036976885e-05,0.75,0.0020227946,-0.002607203,0.54,-1.31,0.0014497086,-0.03,0.85,4.0,-0.21,-1.52,0.0035934062,-0.0006968557,-0.14,-0.0055482377,1.3273169902706958e-05,S&P,-0.0052892338,0.0481927711,-1.25,-0.0067690049,-4.77248621087965e-05,-0.0037426656,-2.65,0.0006148603,-0.54,-0.0046519871,9.327181596794665e-06,0.0026408141,-0.05,0.11,-3.7501978378312264e-05,0.5,0.0009700348,0.0006471816,-0.35,-0.21,-0.0046666333,-0.0015101968,1.98,1.77,1.67,0.21,0.31,0.67,2.15,3.82,3.92,4.13
2017-03-08,2362.97998,0.0834785228,2.0,-0.0022842155,-0.0029133738,-0.0032772406,0.0005038771,-1.3764829771,0.006767845,1.0865895992,3.0482974699,2368.3608611,2353.47353101,2312.53872598,2205.55024309,2.57,0.00013611364519569992,0.16,0.45,5.436211632106506e-06,-0.58,0.0011059495,2.08,-5.03,4.72,-0.0050502985,0.0303030303,0.0146341463,-0.67,-0.11,-0.8,-0.0037270928,-0.66,0.0008119825,0.72,0.0091614283,0.0006204443,0.52,-1.34,0.0006790335,0.2,0.84,4.07,-0.22,-1.37,0.0042734225,0.0052953593,-0.24,-0.002187999,0.00019873684491549857,S&P,-0.0015437393,-0.0114942529,-0.69,-0.0064296273,5.582447137633556e-05,-0.0180562052,2.73,7.90312244881e-05,-1.92,-0.0031365118,-0.00012413541813636287,-0.0005369368,-0.52,0.16,5.401595669530605e-05,0.06,0.0021803763,9.77693754556e-05,0.12,0.25,-0.002009444,-0.0005995234,2.05,1.85,1.73,0.2,0.32,0.65,2.15,3.88,4.0,4.2
2017-03-09,2364.870117,-0.0251200126,3.0,0.0007998955,-0.0022842155,-0.0029133738,-0.0032772406,-0.715800932,0.0448453122,0.6648980313,3.0592720254,2367.72618035,2354.55892015,2314.59093739,2207.13551547,2.6,-7.129581835676205e-05,-0.38,-1.17,-1.2927935237485214e-05,-0.2,0.004239466,2.13,-1.73,4.77,0.0008236822,0.0073529412,0.0240384615,-0.56,0.1,-0.28,-0.0023022086,-0.4,0.0013908407,0.72,-0.0040005387,0.0002158875,0.48,-1.53,0.0056299169,0.03,0.86,4.11,0.00023454320915063112,-1.91,-0.0118032883,0.0029394474,0.34,0.0039469467,9.830943019377914e-05,S&P,0.0084178321,0.023255814,-0.85,-0.0043337266,0.0001382748551966613,0.007898297,2.52,0.0042571493,-0.84,-0.0022286861,-6.350411896502287e-05,-0.0073808754,0.31,-0.26,0.00014301738542674434,-0.39,0.014907325,0.0009258621,0.42,0.07,-0.0046979532,-0.002672279,2.12,1.88,1.74,0.24,0.38,0.66,2.17,3.91,4.05,4.29
2017-03-10,2372.600098,-0.0762551327,4.0,0.0032686704,0.0007998955,-0.0022842155,-0.0029133738,-0.4414388903,0.2221907206,1.0812845542,2.8047497354,2368.6123472,2356.27712757,2316.86580644,2208.78192923,2.58,0.00020061875199317052,0.45,0.24,-9.892602724944629e-05,0.3,0.0023707789,2.11,-1.57,4.76,0.0037634381,-0.0072992701,-0.0093896714,0.31,0.23,0.48,0.0033170322,0.34,-0.0002459526,0.73,0.003089711,0.0039254438,0.58,-0.65,0.0015423402,-0.16,0.87,4.11,0.11,0.65,0.0028555285,-0.000633034,0.9,-0.003166987,-0.0001301282460496084,S&P,0.0025553151,0.0113636364,0.66,0.0037790894,7.754672855335178e-05,-0.0007346272,1.14,0.0064504198,-0.39,-0.0016407578,0.00010641520233305076,-0.0012391665,0.83,-0.11,-2.8390886646267122e-05,0.33,0.0020643272,-0.0012697834,0.23,0.28,0.0209036076,0.0038414351,2.0,1.85,1.71,0.15,0.29,0.65,2.18,3.89,4.03,4.18
2017-03-13,2373.469971,-0.0871116678,-3.7798791549258722e-06,0.0003666328,0.0032686704,0.0007998955,-0.0022842155,-0.077467276,0.1569773605,0.9488958572,2.4770031766,2369.49555152,2357.91454123,2319.0855776,2210.42061621,2.62,6.607682583142863e-05,0.27,1.04,-7.465688547791518e-05,0.03,0.0012577352,2.14,-0.04,4.79,0.0016242983,0.0294117647,0.0142180095,-0.04,0.14,0.38,0.000431206,0.51,-0.0077566496,0.78,-0.0033882797,0.00239687,0.67,-0.48,-0.0035759765,0.27,0.91,4.13,-0.02,-0.59,0.0110740233,0.0024986568,-0.34,0.0008764461,-0.00023973134700429758,S&P,-0.0025488021,0.0449438202,1.12,0.0036769692,-2.88841359512241e-05,-0.0023281828,1.16,-0.0036213948,-2.55,0.0011556823,0.00017830546631463536,0.0075523587,0.26,-0.38,-0.0001711983499447515,1.17,0.0037239601,0.0022444355,0.13,0.25,-0.0138705412,0.0032683743,1.95,1.84,1.71,0.11,0.24,0.66,2.17,3.88,4.01,4.12
2017-03-14,2365.449951,0.0123584033,1.0,-0.0033790274,0.0003666328,0.0032686704,0.0007998955,-0.1241325176,0.0765792626,0.0029622303,1.5977644583,2368.75998779,2358.6321993,2320.90378832,2211.96319666,2.6,3.513315479537428e-05,-0.22,-0.08,5.91829200887154e-05,-0.07,-0.0050684718,2.13,-0.84,4.78,-0.0052216417,4.221679397691845e-05,-0.0046728972,-0.41,-0.36,-0.15,-0.0015085633,-0.57,0.0082256512,0.77,-0.0046359914,-0.0032267991,0.76,-0.28,-0.0005424081,-0.07,0.91,4.13,-0.2,-0.12,-7.22084277976e-05,-0.0024105102,-0.47,0.0016418673,-1.1682213387684605e-05,S&P,0.0010220954,2.7601771600907435e-06,0.31,-0.0057652625,-0.00010919830826158848,-0.0052812578,-3.45,0.0015950127,0.06,0.0028443799,-8.423899423493841e-05,0.000711751,-0.2,0.29,-5.430107167456374e-05,0.82,0.0029207689,-0.0001034388,-0.5,-0.26,-0.0107166775,-0.0012488219,1.84,1.83,1.69,0.01,0.15,0.65,2.18,3.87,4.01,4.02
2017-03-15,2385.26001,0.2314199891,2.0,0.008374753,-0.0033790274,0.0003666328,0.0032686704,0.9428784919,-0.4465830471,0.9497101495,2.0397133107,2371.75999183,2361.16818127,2323.42756172,2213.68754306,2.51,-8.037999437183604e-05,0.24,-0.02,2.7827671402843718e-05,1.82,0.002255655,2.02,1.75,4.71,0.0114334772,-0.05,-0.0516431925,1.69,0.73,1.98,0.0105763145,1.54,0.0002169825,0.72,0.005278621,0.0073811355,0.7,4.2190703250116704e-05,0.0015835018,0.27,0.87,4.07,0.47,2.42,-0.0014730437,0.0005160428,1.24,0.0024041197,-5.661846440462967e-05,S&P,-0.000850902,-0.0430107527,0.84,0.0150104603,-9.200179102125311e-05,0.0124707004,1.46,-0.0022277683,1.16,-0.0039759167,5.6501771428859004e-05,0.0007508129,-0.15,-0.97,-6.841852994231153e-05,0.22,0.0150334825,0.0017583157,0.23,0.63,0.0074474947,0.0014542459,1.81,1.79,1.64,0.02,0.17,0.64,2.2,3.84,3.99,4.01
2017-03-16,2381.379883,-0.1385211578,3.0,-0.0016267103,0.008374753,-0.0033790274,0.0003666328,0.6981256975,-0.0226724247,0.7432840863,1.3676655528,2373.50906295,2363.09310525,2325.70020177,2215.35612355,2.53,1.5803537065833179e-06,0.71,2.32,-4.1459480734498166e-05,-0.82,0.0055962321,2.05,-0.14,4.74,0.0008568075,0.015037594,0.0148514851,0.61,-0.04,-0.42,0.0016374412,0.23,-0.0001301613,0.72,-0.0016988571,0.0001203314,0.67,2.42,-0.0130413806,0.53,0.87,4.08,-0.02,-0.12,0.0208226293,0.0005275825,0.29,-0.0009811839,-5.4949511491404135e-05,S&P,0.01039007,0.00016613859361964842,0.76,0.0023141479,-9.870421708328912e-05,0.0008536585,-2.65,-0.0109629164,0.17,0.0104298102,2.4695303259761537e-05,0.0083828072,-0.05,-0.39,-9.218391481273482e-05,0.61,-0.003877171,0.0061041102,0.55,-0.04,-0.0003360215,0.0064326875,1.86,1.81,1.66,0.05,0.2,0.66,2.21,3.87,4.02,4.07
2017-03-17,2378.25,0.5384917074,4.0,-0.0013143149,-0.0016267103,0.008374753,-0.0033790274,0.2381312386,-0.2043588557,0.4608510647,1.3219906691,2374.37105151,2364.53661903,2327.76097817,2216.97695815,2.5,-4.775266938089304e-05,0.3,-0.13,-3.571452019178326e-05,0.42,0.0031636045,2.03,0.04,4.72,-0.0009681237,-0.0148148148,-0.0097560976,0.19,0.13,0.31,-0.0049754566,-0.2,-0.0024444573,0.72,0.0035582303,4.07123844263e-05,0.7,0.48,0.0019403165,0.01,0.85,4.06,0.16,0.58,0.0008913925,-0.0013006316,-0.26,-0.010475764,-0.00013308616668431076,S&P,-0.0109575523,-0.0224719101,0.49,0.0039609466,-0.00010251390720912974,-0.0008529304,1.59,-0.0005467628,-0.00017110881343967678,0.0054468075,3.747006075945034e-05,-0.0096325064,-0.46,0.23,-0.00012673441053863947,0.41,-0.0031138796,0.0009981268,0.17,0.23,0.0043697143,0.0012135922,1.8,1.78,1.65,0.02,0.15,0.66,2.22,3.87,4.0,4.02
2017-03-20,2373.469971,-0.4100219388,-9.331876291708129e-05,-0.0020098934,-0.0013143149,-0.0016267103,0.008374753,0.00013077908934817057,-0.077467276,0.1569773605,0.9488958572,2374.20721869,2365.38741446,2329.55348769,2218.53410255,2.47,-4.554877921316412e-05,-1.06,1.0,1.165832491133862e-05,0.56,-0.0033961547,2.0,-0.27,4.7,-0.0027681466,-0.022556391,-0.0147783251,0.39,-0.65,0.36,0.010500764,-0.12,0.0010729769,0.75,0.0009248805,8.97788510421e-05,0.68,-0.14,0.0007806284,0.01,0.87,4.03,-0.5,0.23,0.0079004978,0.0054674626,-0.03,-0.0071680745,2.8903745340960715e-05,S&P,-0.017726215,0.0229885057,-0.9,-0.00533233,-0.00015830011273475035,-5.049685296588521e-05,3.15,-0.0058760546,-1.37,0.0026993394,4.772015869806685e-05,0.0041270433,-0.36,5.838807691235187e-05,-8.156468307054678e-06,0.02,7.81586768414e-05,-0.0035005376,-0.38,-0.13,-0.004685375,0.0006464384,1.79,1.72,1.6,0.07,0.19,0.67,2.23,3.83,3.95,4.02
2017-03-21,2344.02002,0.3962971328,1.0,-0.0124079729,-0.0020098934,-0.0013143149,-0.0016267103,-0.9059557989,-1.0289637307,-0.8300703105,-0.903020405,2368.71863711,2363.35242451,2330.12080268,2219.78271865,2.43,3.295461147616637e-05,-0.71,0.27,0.00010215404125384063,-0.18,-0.0019412748,1.96,-1.28,4.66,-0.0118110955,-0.0230769231,-0.02,0.9,-1.18,-0.5,-0.0114520778,-2.71,0.0002751988,0.76,-0.0110888803,-0.0182494558,0.75,0.84,0.0003525088,-0.82,0.89,3.99,-1.15,0.52,0.0037192451,-0.0160681931,0.67,-0.0293235591,-3.2606342053920764e-05,S&P,-0.0308867425,0.0224719101,-1.69,-0.0271294904,0.0002750483482867856,-0.0020731463,1.71,-0.0008964446,-0.99,-0.0014098257,4.0857815687476966e-05,0.0033231672,0.16,-0.49,-1.2416363233266276e-05,0.91,-0.0064028028,-0.0075310096,-0.2,-1.48,-0.0117686954,-0.0069315461,1.68,1.67,1.54,0.01,0.14,0.67,2.23,3.77,3.9,3.91
2017-03-22,2348.449951,-0.1624300507,2.0,0.0018898862,-0.0124079729,-0.0020098934,-0.0013143149,-1.543230459,-0.6149027551,-1.9829217004,-0.6081765258,2365.03342145,2361.93314132,2330.83959281,2221.06298961,2.4,0.00017167941130663049,-0.7,-1.25,-0.0001266692571673737,0.03,-0.0015452452,1.95,-0.63,4.63,0.0005482055,9.802782163848955e-05,-0.0051020408,0.35,0.01,-0.17,0.0112986416,-0.22,-0.0030553142,0.76,0.0127705967,0.0047999438,0.73,-0.03,0.0014470261,-0.36,0.88,3.96,-0.15,-0.11,-0.0110888328,0.0057637404,-0.13,0.001602014,4.7151573136028006e-05,S&P,-0.0093105822,-0.010989011,0.46,-0.0007055609,0.0001907119845102189,-0.000855432,-2.65,-0.009247333,-1.0,0.0092997117,6.78634907057478e-05,-0.0050254652,-2.07,-0.25,-0.0001076861222619236,-0.53,-0.007779945,-0.0048494513,-0.14,0.52,0.0047635932,-0.0072644934,1.67,1.64,1.52,0.03,0.15,0.67,2.23,3.75,3.87,3.9
2017-03-23,2345.959961,-0.0873645644,3.0,-0.0010602696,0.0018898862,-0.0124079729,-0.0020098934,-1.4873696655,-0.7996276778,-1.5097048674,-0.7551409612,2361.56551955,2360.41188605,2331.43254843,2222.30574555,2.41,1.4825918100166278e-05,0.18,0.2,-0.00016996758636016792,-0.21,0.0076199911,1.95,-0.16,4.65,0.0003674921,-0.0078740157,2.091009813701253e-06,-0.32,-0.11,-0.66,-0.0035355679,0.64,-0.0002759662,0.75,-0.0024603414,-0.0006785366,0.72,0.1,-0.0018716778,1.08,0.88,3.97,-0.04,0.4,0.0002997097,-0.0008018218,-0.13,-0.0015994516,-0.00013411869133937875,S&P,-0.0014459063,-7.403811942461702e-05,0.53,0.0058190236,-1.155953053878011e-05,0.0012230797,1.33,-0.0014614192,-0.24,-0.000561606,-9.341005346343828e-05,0.0010261486,0.11,0.2,-4.454152030860103e-05,0.23,-0.0028512593,0.0113876179,0.76,-0.21,0.0030477479,0.0021843897,1.69,1.66,1.53,0.03,0.16,0.68,2.24,3.77,3.9,3.93
2017-03-24,2343.97998,-0.0875513709,4.0,-0.0008439961,-0.0010602696,0.0018898862,-0.0124079729,-1.4409763482,-1.2062765244,-1.642390441,-0.9867660383,2358.36814872,2358.84694262,2331.92460457,2223.51643445,2.4,-9.509089046098428e-06,-0.14,0.12,-0.00012597050843912713,-5.1808947924652316e-05,-0.0023565329,1.93,0.47,4.62,-0.0010497871,-7.571938815721825e-05,-0.0102564103,-0.09,0.2,-0.05,-0.0019869359,0.3,0.0004067994,0.77,0.001695699,0.0018994297,0.72,1.47,0.0012376238,0.18,0.87,3.94,-0.06,1.02,0.0012566051,-0.0020888149,0.15,-0.0011442728,-7.748108375127963e-05,S&P,0.0104977738,-0.0111111111,-0.49,0.000893996,-4.371838256027868e-05,-0.0076960419,0.82,-0.003277438,0.71,0.0035053968,5.72994292838561e-05,0.0064321062,1.11,-0.19,-9.633547635576692e-06,-0.12,-0.0033359729,0.0020424001,-0.24,0.45,0.0033760296,-0.0005313376,1.68,1.63,1.53,0.05,0.15,0.68,2.22,3.75,3.85,3.9
2017-03-27,2341.590088,0.08910535,4.6884299657216325e-05,-0.0010195872,-0.0008439961,-0.0010602696,0.0018898862,-1.3431761678,-1.3431761678,-1.4196029218,-1.1883072898,2355.31759223,2357.20343265,2332.30364313,2224.69129667,2.38,-0.00022632379044631065,-0.54,-0.51,9.803490649443967e-05,0.24,-0.0006910566,1.93,-0.1,4.61,-0.0003993006,0.0079365079,-6.848626154294669e-05,0.81,-0.27,-0.07,0.0017065273,0.17,-0.0019896018,0.77,0.001846645,0.0019952653,0.72,1.26,0.0029965914,-0.61,0.89,3.92,-0.38,1.58,-0.0067562399,0.0014309457,0.18,-0.0005728377,-5.453745753871209e-05,S&P,-0.007881121,0.0224719101,0.08,0.0019783344,-2.8631308534310264e-05,0.0002461775,-0.78,-0.0020989694,-0.71,0.0031265027,4.9271608985690445e-05,-0.0007615941,-1.72,-0.57,0.000261493862444037,-0.74,0.0025502071,-0.0056529919,-0.02,-2.200589505324724e-05,-0.0094211982,-0.0059017291,1.66,1.61,1.49,0.05,0.17,0.69,2.23,3.72,3.84,3.89
2017-03-28,2358.570068,0.0393644896,1.0,0.0072514742,-0.0010195872,-0.0008439961,-0.0010602696,0.6207305345,-0.2908488086,-0.4146202882,-0.2144922759,2355.90895146,2357.3335884,2333.33369901,2226.02342375,2.42,-4.5789279733438675e-05,0.69,0.41,-0.00015593645595602732,-0.45,0.0057340148,1.97,1.14,4.64,0.0069657847,0.0236220472,0.0207253886,-0.21,0.56,0.21,0.0207268448,0.52,0.0009021987,0.77,0.002918633,0.0059533932,0.74,0.8,-0.0008290697,1.37,0.9,3.95,0.62,0.5,0.0062896509,0.0108405481,-0.48,0.0155891796,4.781911545478592e-06,S&P,0.0102906664,0.010989011,1.68,0.0073233021,-0.00012623922119034558,0.0072614892,1.44,0.004107519,0.83,-0.0108688382,5.05308802164158e-05,-0.0042875031,1.22,0.69,0.00020336670859220378,0.28,-0.0011128696,0.0127833203,0.57,0.48,0.0061141302,0.0068416949,1.68,1.65,1.52,0.03,0.16,0.69,2.22,3.74,3.87,3.9
2017-03-29,2361.129883,-0.077451615,2.0,0.001085325,0.0072514742,-0.0010195872,-0.0008439961,0.5399277083,-1.0116350796,-0.0782950772,-1.4537003359,2356.85821174,2357.69514027,2334.42374544,2227.36776663,2.39,-4.7299570353854575e-05,0.33,0.16,-8.690425009655504e-05,0.27,0.004526147,1.93,2.12,4.62,0.0002462256,-0.0307692308,-0.0203045685,0.07,0.23,0.47,0.0022252573,0.56,0.0013666168,0.77,0.0027569306,0.0038143206,0.75,0.56,-0.0034685365,0.39,0.9,3.92,-0.12,0.44,0.0018968984,0.0214018773,-0.43,-0.0037246163,-0.00017465093108284726,S&P,-0.005182291,5.059933573628294e-05,0.04,0.0032034909,-6.917761889311034e-05,0.0021994258,2.55,-0.0006473217,0.18,0.0015304196,-5.743100506539363e-06,-0.0035764583,0.95,0.41,2.284195270208267e-05,0.23,-0.0058889541,0.0044100935,0.46,0.57,0.0020256245,0.0041261941,1.64,1.62,1.49,0.02,0.15,0.7,2.23,3.72,3.85,3.87
2017-03-30,2368.060059,0.0165693576,3.0,0.00293511,0.001085325,0.0072514742,-0.0010195872,0.9420492407,-0.5593321794,0.1348886764,-0.5818777899,2358.89491124,2358.68227538,2335.74281656,2228.76768994,2.42,-4.2815564778239634e-05,0.08,-0.39,-0.00017684835960158593,-0.54,0.0040639052,1.96,1.03,4.65,0.0020153594,0.0158730159,0.0155440415,-0.73,0.32,-0.38,-0.0013183597,0.7,0.0001887423,0.77,0.0036657705,0.0028469516,0.74,-0.77,0.0001125197,0.39,0.89,3.94,0.29,-0.49,-0.0037291222,0.0023103898,-0.85,0.0086099697,0.00016759905047855484,S&P,0.0102389801,-0.0108695652,-0.19,0.0078081427,-4.740347869416034e-05,0.0204828098,0.5,0.005595858,-1.12,0.0030569658,-5.742548105196328e-05,-0.0095877488,-0.78,0.47,1.0370176608451727e-05,-0.02,-0.0020812841,0.004378406,0.4,0.03,0.0064016509,-0.0005696184,1.68,1.65,1.53,0.03,0.15,0.71,2.23,3.76,3.88,3.91
2017-04-06,2357.48999,-0.150801481,3.0,0.0019295094,-0.0030548612,0.0005595225,-0.0016421256,-0.4463598362,0.4914844751,-1.0031953814,-0.3120732486,2358.21525984,2358.45879316,2339.83270425,2235.08995279,2.34,0.00017479183959217238,-0.27,-0.45,-1.891956902000761e-05,0.09,0.0058112164,1.87,0.97,4.61,0.0029702019,-0.00013978342224213342,0.0108108108,-0.28,0.31,-0.32,-0.0024996528,1.28,0.0005657175,0.78,0.0025931209,0.0024674336,0.77,0.32,-0.0011909724,0.19,0.92,3.92,0.14,-0.55,-0.005208029,-0.0120974833,-0.18,0.003364671,3.003617650651597e-05,S&P,0.0070934704,0.0107526882,-0.75,0.0090893242,7.023245723281385e-05,0.0058161033,1.99,0.0046747721,-1.69,-0.0016334283,9.855361075268224e-05,0.0032718512,-1.33,8.296648754696662e-05,5.940551126112842e-05,-0.34,0.0020032051,0.0010926593,0.57,0.12,-0.0013346347,-0.0038872293,1.57,1.56,1.42,0.01,0.15,0.69,2.27,3.69,3.83,3.84
2017-04-11,2353.780029,0.1191960968,1.0,-0.0014338794,0.0006876865,-0.0008271301,0.0019295094,-0.270315709,-0.2030908076,0.4163790802,-0.493348929,2356.92625119,2357.67372484,2341.60111903,2238.64826527,2.32,-1.8090123602347105e-05,0.21,-0.82,-9.721725033913355e-05,-0.03,-0.0010945446,1.84,0.45,4.56,0.0008094904,-0.0387596899,-0.0366492147,1.57,-0.06,-0.03,-0.0107563946,1.04,-0.0018107282,0.81,-0.0007629483,-0.0024078089,0.73,1.89,0.0002326891,-0.73,0.92,3.85,-0.02,2.28,-0.0071600636,-0.0051596326,0.06,-0.0017465534,-0.00013785098594099293,S&P,-0.0069673816,-0.0309278351,0.15,0.0072123893,-8.940733474206202e-06,-0.0034885241,-2.72,-0.0102062463,1.25,0.0053841108,-7.176128729116588e-05,0.0059867375,-0.48,-0.12,0.00018736738030061446,-0.63,-0.0009650555,-0.0050137145,-0.12,-0.38,0.0009997001,0.0022588548,1.59,1.51,1.4,0.08,0.19,0.71,2.24,3.64,3.75,3.83
2017-04-12,2344.929932,0.0255114806,2.0,-0.0037599508,-0.0014338794,0.0006876865,-0.0008271301,-0.3408495364,-0.6861101169,-0.1498869073,-1.6908042658,2354.74510225,2356.46003029,2341.73166072,2239.70579429,2.28,-3.546467641865197e-05,-0.25,0.91,3.197083791627326e-05,0.13,-0.0001470052,1.81,-0.66,4.56,-0.0043970599,-6.926427369408749e-05,-0.0163043478,0.95,-0.44,0.29,0.0012002965,-1.55,1.45121030941e-05,0.8,-0.0038179595,-0.0052174985,0.76,0.25,-0.0062361169,0.26,0.93,3.85,-0.37,0.76,0.0093421935,-0.0067933032,0.6,-0.0038493058,-5.5858762894553004e-05,S&P,-0.0192023818,0.0106382979,-2.38,-0.0128908099,-1.4006434206770897e-05,0.0015693506,1.17,-0.0062507233,-0.17,0.0046060189,3.215922336868556e-05,-0.0046020499,-0.96,-0.44,0.00011649785891333432,0.38,0.0094992835,0.0012645312,-0.02,-0.54,-0.008988049,-0.0022401738,1.52,1.48,1.35,0.04,0.17,0.71,2.28,3.63,3.76,3.8
2017-04-13,2328.949951,-0.0165970691,3.0,-0.0068146945,-0.0037599508,-0.0014338794,0.0006876865,-1.2106112485,-1.6515674022,-0.7250767397,-2.2016618337,2350.05507475,2353.84002274,2341.2304172,2240.59379585,2.24,3.65610187479578e-05,-0.38,-0.23,8.166197637845891e-05,0.42,-0.0058829874,1.77,0.05,4.52,-0.0086350505,-0.0241935484,-0.0220994475,0.09,-0.57,0.64,-0.0052891395,-0.93,-0.0006385233,0.8,-0.0042925952,-0.0053134686,0.75,1.15,0.0070908061,-0.47,0.92,3.83,-0.5,0.11,-0.0021321424,-0.0128984717,-0.49,-0.0117096016,6.669559386780629e-05,S&P,-0.0333208026,-0.0105263158,1.02,-0.0102707192,0.0001807455516347002,-0.0154272506,1.26,0.0018273126,-0.84,-0.0033522206,-1.4475525017677084e-05,0.0006505784,-0.7,0.3,0.0001532660961029181,0.79,-0.0032695693,-0.0037598784,-0.57,-0.26,-0.0070541149,-0.0029119475,1.49,1.44,1.32,0.05,0.17,0.69,2.28,3.6,3.72,3.77
2017-04-19,2338.169922,0.0764746899,2.0,-0.0017163506,-0.0029033801,0.0086133491,-0.0068146945,-0.663193111,-0.9317161048,-0.8649370344,-0.2495754281,2346.59692003,2350.96721599,2341.42817378,2243.6229578,2.21,-7.518804384539456e-05,-0.59,-0.07,-4.820174585369531e-05,-0.55,0.0027012635,1.74,-3.57,4.5,-0.0031779146,0.0084745763,0.0175438596,-0.77,-0.15,-0.82,-0.003682748,0.51,0.0005957657,0.8,-0.0053524699,0.0023180851,0.74,-0.6,0.0075399227,-0.09,0.92,3.8,-0.48,-0.55,-0.0041237243,-0.0050676236,-0.21,-0.0082198798,0.00014470790605095838,S&P,-0.0057197139,-1.7016103536713163e-05,0.2,0.0038475868,2.929510953962446e-05,-0.0069093767,1.27,0.0027548347,-0.89,-0.0048448526,-9.081569218293456e-05,-0.0081414503,-0.16,0.22,-4.8538984248016e-05,-0.54,-0.0036939501,0.0013340981,0.32,0.16,0.0053619303,-0.0046310036,1.47,1.41,1.29,0.06,0.18,0.7,2.29,3.58,3.7,3.76
2017-04-20,2355.840088,0.0362283019,3.0,0.0075572634,-0.0017163506,-0.0029033801,0.0086133491,0.465265757,0.1228303644,-0.2240365953,0.3146814773,2348.27749602,2351.43129904,2341.99334689,2244.73954616,2.24,-0.00010782720597021054,0.07,0.98,1.5941037904296474e-05,0.11,0.0148249758,1.78,0.11,4.52,0.0074490483,0.0168067227,0.0229885057,0.17,0.78,0.39,0.0125107271,1.17,-0.0006244554,0.78,0.0070725552,0.009167615,0.72,-0.78,-0.000526589,0.09,0.91,3.82,0.95,-0.99,0.0096995201,0.0031805894,0.06,0.0129055649,3.301921002179871e-05,S&P,0.0258868255,-0.0106382979,0.28,0.0124494517,4.063589018426359e-05,0.0064604797,-0.82,0.0049708731,-2.81,0.0015364961,8.031574577965144e-06,0.0004456719,0.33,0.04,0.00011357490692430446,0.51,0.0041196341,0.0009046031,1.51,0.83,0.009,0.0005763097,1.52,1.46,1.33,0.06,0.19,0.7,2.28,3.61,3.74,3.8
2017-04-25,2388.610107,0.0825301776,1.0,0.0060906874,0.010840069,-0.0030350732,0.0075572634,1.9819129605,1.3342410432,1.2620617714,2.0080380098,2359.5096856,2356.71602998,2345.27546231,2248.45979764,2.35,-0.00018076656908438946,0.22,1.18,-0.00012763420567519205,-0.94,0.0017138056,1.87,0.97,4.61,0.0061994048,0.032,0.0331491713,-0.9,0.63,-0.46,0.0061960457,1.09,-0.0001162368,0.81,0.0057751963,0.0069638477,0.72,-1.96,0.001837774,0.24,0.96,3.89,1.2,-1.91,0.0131096021,0.0002314522,0.54,0.0086857371,4.44045399333196e-05,S&P,0.0169617701,0.0208333333,1.1,0.0093995562,-4.053656438885371e-05,0.0076439649,-0.75,0.0128145403,1.97,0.0043634423,0.00021107119038020041,0.0016091513,0.79,-0.21,-5.638810052294213e-05,1.19,0.0043941818,0.0009682528,0.25,0.8,-0.0033840272,0.0015003927,1.63,1.54,1.39,0.09,0.24,0.72,2.26,3.65,3.8,3.89
2017-05-10,2399.629883,-0.0027534562,2.0,0.0011306014,-0.0010252487,3.74460771892e-05,0.0040886952,0.481548348,0.5101649144,2.6285498082,1.947924336,2391.00816473,2381.28953365,2362.14317359,2263.43451332,2.41,0.00014567123384558251,0.56,0.72,-8.031020574876805e-05,0.65,0.0004539071,1.94,3.06,4.63,0.0027206095,-0.0145985401,-9.808458540691348e-06,-0.47,0.08,0.33,-0.0047406324,0.63,-0.0005935921,0.89,0.0039107329,0.0013969721,0.69,0.89,0.0002699351,-0.06,1.02,3.94,-0.07,-0.1,0.0050781661,-0.0040616223,-0.05,0.0078386167,0.00014142532338368106,S&P,0.0007315472,-9.126427598664383e-05,-0.12,0.0055537059,-1.8549196102384346e-05,-0.0048596041,2.01,0.0055410386,0.47,-0.0013831718,3.868389749034592e-05,-0.0090056627,0.05,0.16,9.280948850334532e-05,-1.41,-0.0032464979,0.0006541506,0.05,-0.01,-0.0079501901,0.0058565551,1.72,1.52,1.39,0.2,0.33,0.69,2.22,3.61,3.74,3.94
2017-05-11,2394.439941,0.0230243747,3.0,-0.0021628094,0.0011306014,-0.0010252487,3.74460771892e-05,0.2058957849,0.2373573409,1.6384750899,2.1113641105,2391.63212406,2382.5419534,2363.40971349,2264.73804991,2.39,9.880669778985455e-06,0.17,0.59,0.0001205255577705108,-1.34,-0.003155294,1.93,1.1,4.63,-0.0030511815,0.0001305406423337899,-0.0051546392,0.59,-0.18,0.14,0.0045021664,-0.78,0.0001014052,0.87,-0.0122637285,-0.0021504119,0.66,0.36,-0.000495963,-0.45,1.02,3.92,-0.11,0.96,0.0044025189,-0.001401567,-0.06,-0.0030881391,-0.00010533962002181421,S&P,-0.0179093381,0.00015728324694844694,0.56,-0.0067091185,-6.194030950018294e-05,0.008545928,2.55,-0.004539614,0.41,-0.003016877,8.50416779974979e-05,0.0028547992,0.3,-0.11,8.98017848456588e-06,1.23,0.0031756291,-0.0036371183,-0.32,-0.08,0.0059233447,0.0001895552,1.73,1.52,1.37,0.21,0.36,0.71,2.24,3.61,3.76,3.97
2017-05-16,2400.669922,-0.0152032474,1.0,-0.0006868968,0.0047765136,-0.0014784413,-0.0021628094,0.1564507836,0.397295061,0.5048883853,2.4968077941,2394.77618118,2386.62426013,2367.33210715,2268.67644369,2.33,-3.1194368159330184e-05,0.96,0.17,-5.037601228609359e-05,0.01,-0.0020858353,1.86,-0.33,4.57,-0.0006664441,-0.0152671756,1.8600999285411547e-05,0.97,-0.06,0.19,-0.0014771741,0.04,-0.0007832898,0.89,0.0143212626,0.0032847608,0.71,0.8,-0.0011740276,0.06,1.02,3.85,0.02,1.65,-0.0014051304,0.0084554174,0.97,0.0030914245,-0.00025512211996212854,S&P,-0.0011253188,0.0196078431,0.47,0.0005452321,9.811522990053764e-05,-0.0030193236,-3.55,-0.0087643126,0.18,0.0010718388,0.00011817172630138338,0.0073570946,-0.05,-1.05,6.503297385699897e-05,-0.13,0.0061422081,-0.0001959677,0.08,0.4,-0.004968027,0.0090684829,1.62,1.44,1.31,0.18,0.31,0.72,2.24,3.55,3.68,3.86
2017-05-17,2357.030029,0.216970349,2.0,-0.0181782146,-0.0006868968,0.0047765136,-0.0014784413,-1.7752676903,-1.3022681145,-1.2741595688,0.8066183224,2387.91324442,2383.80576193,2366.92810409,2269.55558384,2.22,-9.07722254282859e-05,-0.31,0.02,-0.00016605397501686837,0.86,-0.0163167458,1.76,1.08,4.48,-0.0157635907,-0.023255814,-0.0537634409,1.36,-1.65,0.07,-0.0335756157,-2.77,-0.0010597219,0.89,-0.0278058045,-0.0257104088,0.7,0.95,-0.0009844038,-1.35,0.98,3.77,-1.58,-0.06,-0.0016699043,-0.0220584397,0.69,-0.0381235471,0.00020961819956281678,S&P,-0.0191512587,-0.0384615385,-0.12,-0.0278128585,-1.7331407217942872e-05,-0.0067838277,-1.18,-0.0134936433,0.59,0.0041248319,9.27671119666446e-05,-0.0027376531,-0.55,-0.72,3.958178001794794e-06,0.08,-0.0086092121,-0.0135045892,-1.61,-2.54,-0.0224679379,-0.0024594523,1.52,1.33,1.24,0.19,0.28,0.71,2.26,3.5,3.59,3.78
2017-05-18,2365.719971,0.037573865,3.0,0.0036868185,-0.0181782146,-0.0006868968,0.0047765136,-1.1994441585,-0.9960179785,-0.9649337863,0.4193783377,2383.8781038,2382.08330565,2366.88072632,2270.51244341,2.23,7.12739985186292e-05,-0.6,-0.59,8.470649518795586e-05,-0.62,-0.0052953627,1.78,0.57,4.49,0.0009217201,0.0079365079,0.0113636364,-0.93,0.25,-0.17,0.015241218,0.24,0.0011335068,0.91,0.0034083579,0.0073012635,0.71,-1.37,0.0003382627,-0.29,1.0,3.78,0.19,-1.55,-0.0062114976,0.0145327701,-0.5,-0.0036786283,-0.00015784887237605866,S&P,0.0026799195,0.02,-0.63,0.0038277006,8.194022766168096e-05,-0.0029271619,-0.31,0.0024746864,-0.35,-0.0009074669,-9.339112640130974e-05,-0.0046072626,-1.01,0.1,5.017879869259693e-05,-0.28,0.0023683824,-0.0032894287,-0.52,0.93,0.0025538125,-0.0089425066,1.52,1.32,1.23,0.2,0.29,0.71,2.26,3.49,3.58,3.78
2017-05-23,2398.419922,0.0128402719,1.0,0.0018378718,0.0051601315,0.0067674996,0.0036868185,-0.0937238385,0.0625803134,0.3031988623,0.410691346,2387.76933096,2384.64018855,2369.67765361,2274.08658658,2.29,-0.00025968077145188255,0.03,0.24,0.00011783957043436802,0.23,0.00474936,1.84,0.52,4.51,0.0016754255,0.015503876,0.0222222222,-0.96,0.22,0.01,-0.0012338593,0.36,0.0009877404,0.91,0.0033601608,0.0008298271,0.75,-0.58,0.0021716734,0.32,1.06,3.84,0.18,-0.77,0.0004651408,0.000896283,-0.49,0.0125148174,-8.303788088573579e-05,S&P,0.0071684779,0.0285714286,0.08,0.0027883621,7.287690098137668e-05,0.0035241341,-3.33,0.0096130616,-1.29,-0.0029795433,0.00019887054896224052,-0.0044637354,-0.15,0.27,0.00018573937932413117,0.15,0.0020430221,0.0031451766,0.47,0.17,0.0035486515,-0.0014673906,1.54,1.38,1.23,0.16,0.31,0.67,2.22,3.45,3.6,3.76
2017-05-24,2404.389893,0.05487044,2.0,0.0024891267,0.0018378718,0.0051601315,0.0067674996,2.0093025298,0.1983643408,0.6808679091,0.7095412406,2390.79125133,2386.52111279,2371.0389179,2275.38313689,2.26,-4.1098563242282484e-05,0.21,0.07,0.00011889840607954881,0.51,-0.0012752632,1.79,-0.35,4.51,0.0014313568,-0.0152671756,-0.027173913,0.54,0.17,0.33,-0.0029909427,0.04,-0.0001741351,0.92,0.0013103815,0.003960125,0.74,-0.08,-0.0080096441,-0.22,1.05,3.83,0.33,0.71,0.0009978923,0.0090680756,0.32,-0.0005830574,-6.937364191583014e-05,S&P,-0.0056190112,-0.0092592593,-0.5,0.0011079306,1.635264592878786e-05,-0.0035117582,-0.31,-0.0038675473,0.79,0.001829961,0.00015616226421376474,0.0006952788,0.51,-0.3,1.106577001576008e-05,0.28,-7.83798638264e-05,-0.0012860479,-0.03,0.35,-0.0159123403,0.0039544304,1.52,1.34,1.21,0.18,0.31,0.68,2.25,3.46,3.59,3.77
2017-05-25,2415.070068,0.0429186702,3.0,0.0044419481,0.0024891267,0.0018378718,0.0051601315,2.0860498117,0.8615846506,1.069254402,1.100987026,2395.20558164,2389.2400609,2372.76562967,2276.7730566,2.25,-6.527512568469005e-05,0.06,0.83,-3.223511825121172e-05,-0.35,-0.0007825168,1.78,-4.63,4.49,0.0015548557,0.007751938,-0.0055865922,-0.21,0.48,-0.67,0.003456365,0.01,-0.0032365747,0.92,0.0123601285,0.0068537415,0.7,0.44,0.005256134,-0.14,1.06,3.82,0.37,-0.23,0.0079548262,0.0132912014,-0.08,-0.0042002217,0.00014053004673975707,S&P,-0.0058391599,0.0093457944,0.54,0.000636527,6.638349763173442e-05,-0.0065621703,-0.78,0.001847145,-0.4,-0.0036216504,7.906684332693059e-05,0.0142800401,0.3,-0.03,2.278963526125254e-05,1.19,0.0001568269,-0.0016729105,-0.07,0.89,-0.012217032,0.0003726321,1.55,1.33,1.19,0.22,0.36,0.67,2.24,3.43,3.57,3.79
2017-06-01,2430.060059,-0.1459154006,3.0,0.0075711127,-0.0004599687,-0.0012046245,0.00031055,1.0676374108,3.0983920061,1.2681195636,1.7557745204,2408.21906477,2398.79181714,2379.43389575,2282.29891832,2.21,-6.736066973980519e-06,0.37,0.47,5.494757502271737e-05,-0.34,0.0066318118,1.76,0.64,4.45,0.0087738835,-0.00010197463729345099,0.0057142857,-0.31,0.77,-0.75,0.0027493978,2.07,-0.0003817242,0.96,0.0037228238,0.0077938053,0.8,-0.72,0.0018605823,0.21,1.05,3.76,0.62,-0.73,0.0057898108,0.0013372112,-0.28,0.0110772487,-8.486794191225579e-05,S&P,0.0183809742,-0.0092592593,0.27,0.0188657934,-8.142073205792821e-05,0.0024844348,-2.05,0.0057853895,-0.06,0.0009925844,7.31296933455111e-05,-0.0046692656,1.02,0.39,-2.137861869507144e-05,-0.29,0.0041325458,0.0039524468,0.66,0.5,0.0124178237,0.0031648677,1.41,1.25,1.16,0.16,0.25,0.69,2.24,3.4,3.49,3.65
2017-06-07,2433.139893,0.0638684392,2.0,0.0015682575,-0.0027790402,-0.0012176649,0.003707731,0.8848098336,1.4476185209,1.3525379188,1.5111047586,2422.3563365,2410.44416588,2387.54550749,2288.26212876,2.18,9.334073369540044e-05,-0.57,-0.16,6.668457195920754e-05,0.14,-0.000700375,1.74,-4.11,4.41,-0.0003195395,0.0153846154,0.0175438596,-0.7,0.05,0.53,0.0059566074,-0.04,0.0002648734,0.98,-0.0017925814,0.00355691,0.82,-0.51,0.0045280157,-0.2,1.07,3.73,0.03,-0.89,-0.0008839614,0.0070488604,-0.18,0.0114513622,4.2274070586773726e-05,S&P,0.0054043427,0.0092592593,0.16,0.0012689225,0.0002633711436059367,-0.0036940648,-0.72,0.0035704736,2.07,0.0042907881,-1.7559567492149937e-05,0.0123138049,-0.1,0.3,0.00010198718198918449,-0.81,-0.0006114958,-0.0013892605,-0.07,0.28,-0.0089509488,-0.0061660999,1.36,1.2,1.11,0.16,0.25,0.68,2.23,3.34,3.43,3.59
2017-06-08,2433.790039,0.0438261064,3.0,0.0002672045,0.0015682575,-0.0027790402,-0.0012176649,0.1534933257,1.2227694887,3.2566411567,1.4235593681,2424.4351915,2412.66758237,2389.35901853,2289.71016767,2.19,7.311521325407208e-05,-0.2,0.41,0.00020773415928013522,0.29,-0.0002449043,1.75,-0.42,4.42,0.0009590085,0.0075757576,0.0057471264,-0.37,0.02,-0.04,-0.0024457103,1.45,0.0002500919,0.99,-0.0060782153,0.0038714328,0.78,-1.15,0.0008585915,0.43,1.09,3.74,0.07,-0.59,0.0034226474,0.0001980189,-0.38,0.0123941479,5.0066495800706925e-05,S&P,0.0090228643,0.0183486239,2.28,0.0135607842,-6.772812917768165e-05,-0.0035842416,0.26,-0.0003730755,1.12,-0.0184483996,0.000246871504940719,0.0031872603,0.1,0.24,-4.399113606212074e-06,0.64,-0.0015296138,0.0032424443,-0.01,0.09,-0.0032514451,-0.0038242582,1.41,1.2,1.1,0.21,0.31,0.68,2.23,3.33,3.43,3.64
2017-06-13,2440.350098,-0.1867668053,1.0,0.0045115051,-0.0009787632,-0.000829989,0.0002672045,0.4536238241,1.1372238086,1.9352418782,1.5830542527,2428.95861786,2418.23418885,2394.4022337,2293.97063198,2.21,6.85587716437994e-05,-0.19,0.54,4.58636306262651e-05,0.29,0.0040358797,1.79,0.89,4.42,0.0042847018,0.0222222222,0.0056179775,0.17,0.47,-0.04,0.0080456472,0.48,0.0001765329,0.99,0.012467799,0.0072723581,0.88,-1.04,-0.0053337741,0.46,1.1,3.76,0.45,-0.61,0.0056037159,0.0164574991,0.12,0.0033340307,-0.00015483240644738767,S&P,0.0066555925,0.0275229358,-0.73,0.0047773262,-2.385967985387098e-05,0.0003617388,-1.92,0.0012190755,2.42,0.006375012,0.00012789044703030467,0.0044160861,0.15,5.915711815534573e-06,-6.906849187915755e-05,0.57,0.0015171976,0.0058737157,0.4,0.7,-0.016931582,-0.0015309043,1.33,1.22,1.11,0.11,0.22,0.66,2.21,3.32,3.43,3.54
2017-06-14,2437.919922,0.0855106091,2.0,-0.0009958309,0.0045115051,-0.0009787632,-0.000829989,0.1964551654,1.0830032536,1.6469176076,1.5516502147,2430.58794589,2420.10902058,2396.10880971,2295.40296322,2.15,-2.94243111345595e-05,-0.06,0.07,3.266879031801919e-05,0.66,-0.0035064815,1.74,-3.53,4.34,-0.0014394144,-0.0217391304,-0.0279329609,-0.31,-0.11,0.66,-0.0097550449,-0.78,-0.0011472613,0.99,-0.0053786977,-0.0040962161,0.89,2.2,0.0001435002,0.5,1.1,3.66,0.23,0.71,0.0009206518,-0.0044046198,0.02,-0.002062576,8.90108592528483e-05,S&P,0.0014692011,0.0002479994579754029,-0.85,-0.0059047006,-6.539068965504655e-05,-0.0107280498,-1.11,-0.0055336059,-0.31,0.0003058692,1.4839302352852792e-05,-0.0073147522,-0.05,0.23,-7.793377462256309e-05,0.11,0.0056809573,0.0032095408,-0.34,-0.45,0.0084358521,-0.0034664818,1.26,1.16,1.05,0.1,0.21,0.68,2.19,3.24,3.35,3.45
2017-06-15,2432.459961,-0.0569638232,3.0,-0.0022395982,-0.0009958309,0.0045115051,-0.0009787632,-0.0546504825,0.0987589583,1.1674507567,3.2002109041,2430.92831227,2421.28530062,2397.53434505,2296.76671444,2.16,9.104749398279725e-06,-0.9,-1.17,4.152722552089087e-05,-0.84,-0.0050369436,1.76,-0.17,4.34,-0.0033353713,-4.492843945210446e-05,0.0114942529,-0.76,-0.12,-0.12,-0.0059934622,-0.36,0.0025769401,1.0,-0.0052653339,-0.0047442548,0.84,-2.43,0.0010345635,-1.03,1.11,3.67,-0.04,-1.23,-0.0120019223,-0.0125963812,-0.65,-0.0059707891,-4.60245517026123e-05,S&P,-0.0115532186,0.0089285714,-0.27,-0.0052836828,-3.5789774679878484e-06,0.0023151212,4.19,0.0137602472,2.62,0.0003065597,-4.7703815430585163e-05,0.0005787929,-0.35,0.42,-3.9444554156585376e-05,-0.57,0.002033509,-0.008913093,-0.51,-0.4,0.0087138373,-0.0073584503,1.32,1.16,1.05,0.16,0.27,0.67,2.18,3.23,3.34,3.5
2017-06-20,2437.030029,0.0465004441,1.0,-0.0066966375,0.0083472288,0.0002836392,-0.0022395982,-0.136048881,0.316957793,0.9996277474,1.7965601223,2435.65992717,2426.48219854,2402.47964272,2301.03616739,2.16,-0.0001098125534356823,-0.64,-0.27,-7.47148616102062e-05,0.08,-0.0032143122,1.77,-1.9,4.32,-0.0079765857,-0.00010141659520113739,-0.0166666667,0.09,-0.41,-0.24,-0.0090884313,-0.9,0.0009824479,1.0,-0.0135459145,-0.0081711654,0.87,-0.52,0.0033192197,-0.53,1.12,3.61,-0.11,0.06,-0.0031441902,-0.0025924777,-0.13,-0.0062450664,6.616614434002179e-05,S&P,-0.0143805858,0.0088495575,-1.35,-0.0106552419,4.6701481221462444e-05,-0.0054374576,0.45,-0.0030356219,0.86,-0.0078453579,1.121888249678144e-05,-0.0013866375,0.85,-0.06,1.1506135491968646e-05,0.1,0.0011187737,-0.0057537778,-0.34,-0.58,-0.0232638897,-0.0067917291,1.29,1.16,1.04,0.13,0.25,0.71,2.16,3.2,3.32,3.45
2017-06-21,2435.610107,0.0521906858,2.0,-0.0005826444,-0.0066966375,0.0083472288,0.0002836392,-0.0947453187,0.1015237146,0.98723184,1.5506119116,2435.65086896,2427.35152315,2403.77887661,2302.37521157,2.16,0.00022566154263165006,-0.28,-0.83,-0.00019747810397527355,-0.22,-0.0036629049,1.78,-2.61,4.31,-0.003634901,-2.6480575280829274e-05,0.0056497175,0.33,-0.16,-0.37,0.0059306257,-0.31,0.0002783312,0.97,0.0051493775,0.007420845,0.84,-0.26,0.0041522544,-0.45,1.1,3.6,-0.28,-0.04,-0.0057446411,0.0097119181,0.31,-0.0045703155,6.889542594079718e-05,S&P,-0.0089786571,-0.0175438596,1.84,-0.0026514972,-3.016376260472854e-05,-0.0105697488,-0.48,-0.0002155855,-1.48,0.0034229225,2.2753166690943164e-05,0.0051585752,-0.45,-0.26,-5.889896237230861e-05,-0.42,0.0051408359,-0.0031627731,-0.3,1.1,-0.0124421618,-0.0033321811,1.32,1.19,1.06,0.13,0.26,0.71,2.15,3.21,3.34,3.47
2017-06-22,2434.5,-0.0352201223,3.0,-0.0004557819,-0.0005826444,-0.0066966375,0.0083472288,0.0838673208,0.0291710044,0.1827091056,1.2522971872,2435.44162006,2428.03233047,2404.98362655,2303.68988608,2.15,3.866741679533889e-05,-0.23,0.69,-3.7997148388072726e-05,0.55,0.0014543102,1.76,0.89,4.31,0.0013884122,-0.0147058824,-0.0112359551,0.2,-0.07,-0.15,-0.0016452321,0.35,0.0009226308,0.94,-0.0001422371,0.000439488,0.78,0.83,-0.007054409,0.26,1.08,3.6,-0.14,0.64,-0.0007803506,-0.0009279228,-0.13,-0.0011479109,7.10780135605152e-05,S&P,-0.0092487354,-0.0178571429,-0.15,0.0037806246,3.259559659426258e-05,-0.0044204321,0.03,-0.0001796514,-0.81,0.0001901273,-0.00013182879682224717,-0.0027751727,-0.2,-0.07,6.646772581772047e-05,0.57,0.0084500702,0.0015453133,0.13,-0.18,-0.0082794093,-0.0011412766,1.37,1.21,1.07,0.16,0.3,0.71,2.16,3.23,3.37,3.53
2017-06-27,2419.379883,0.100322016,1.0,-0.0080728247,0.0003158016,0.0015609156,-0.0004557819,-0.7242481951,-0.8593117445,-0.4095859632,0.2681397663,2433.4089813,2428.95987055,2408.03855129,2307.48757557,2.21,-1.050688620313074e-05,-0.28,-0.14,-0.000150952938852707,-0.25,-0.0070188211,1.83,1.79,4.33,-0.0035667087,0.0147058824,0.0338983051,0.49,-0.64,-0.03,-0.0143328137,-0.67,-0.0039767245,0.99,-0.0187154405,-0.0160921039,0.88,0.55,-0.0056119601,-0.83,1.11,3.62,-0.36,0.72,-0.0012330135,-0.0173041222,1.4,0.0092847893,-0.00010297627122208727,S&P,0.0049148958,0.0272727273,0.84,-0.0092613472,-0.00018961927155546087,-0.0016001601,0.33,0.0029501868,0.59,0.006944821,4.497003276852007e-05,0.0018060053,0.15,-1.23,-6.755785182937347e-05,0.18,-0.0097550318,-0.0078155098,-0.7,-1.76,-0.0144875764,-0.0016651318,1.33,1.22,1.1,0.11,0.23,0.71,2.12,3.22,3.34,3.45
2017-06-28,2440.689941,-0.017708079,2.0,0.0088080661,-0.0080728247,0.0003158016,0.0015609156,0.2085651552,0.1136222308,0.3103006129,1.1978560168,2434.73279215,2430.07702012,2409.31899794,2308.81297224,2.22,3.4265212029216394e-05,-0.56,-0.55,8.693895702996825e-05,0.48,-0.001080173,1.81,1.41,4.36,0.0081830279,-0.0289855072,-0.0109289617,0.04,0.74,0.76,0.0146107706,1.56,-0.0018495141,1.0,0.0085248376,0.0142826525,0.87,0.38,-0.0109535007,-0.17,1.1,3.66,0.52,0.78,-0.0060561259,0.0138720977,0.34,0.0201021799,2.240699071107724e-05,S&P,0.022009067,-0.0088495575,0.57,0.0154967508,9.450499935355046e-06,0.0051781284,0.99,0.0014795878,0.91,0.0100296887,-5.524482352725396e-06,-0.0056392924,-0.05,-0.08,0.00018017319715021314,-0.27,-0.0088140734,-0.0018743559,-0.11,1.53,-0.0047776187,-0.006268172,1.35,1.22,1.12,0.13,0.23,0.7,2.14,3.26,3.36,3.49
2017-06-29,2419.699951,0.1141110603,3.0,-0.0086000232,0.0088080661,-0.0080728247,0.0003158016,-0.6079297186,-0.5245722521,-0.5789360534,-0.426331356,2431.99954831,2429.08872782,2409.72609414,2309.91632526,2.27,1.933453925015141e-05,-0.5,1.06,-1.5750894563321015e-05,-0.08,-0.0187610284,1.85,0.23,4.38,-0.0061644434,0.0298507463,0.0220994475,-0.26,-0.76,0.56,-0.0147432556,-0.62,-0.0021029412,1.02,-0.0187679791,-0.0144456421,0.86,-0.77,-0.0035279861,-1.89,1.12,3.68,-0.69,-1.05,0.0109766941,-0.0145406317,0.55,0.0148074148,6.717368536719663e-05,S&P,0.0266886977,0.0178571429,0.79,-0.0063637548,3.21089843281533e-05,-0.0101803264,-0.82,-0.0030705895,4.78,0.0053865596,-0.00016904013630320626,0.0046836177,0.35,-0.4,0.00011501370190812699,0.67,-0.0088178743,-0.0182710664,-1.88,-1.92,-0.0022156573,-0.0050759361,1.41,1.25,1.15,0.16,0.26,0.7,2.11,3.26,3.36,3.52
2017-07-05,2432.540039,0.7159645109,2.0,0.0014532789,0.002310834,0.0015332318,-0.0086000232,0.5439474839,-0.1842402411,-0.3200384652,0.1321335881,2430.60762425,2428.96791307,2411.84269218,2313.41661015,2.33,-1.238357791975266e-06,-0.12,0.6,0.00015077846670184371,-0.01,-0.003006343,1.92,-3.67,4.41,-0.00221613,-0.00019647420045626205,-0.0051813472,-0.01,0.18,-0.01,0.0041114704,-0.43,0.0001470631,1.03,0.0133490396,0.00667748,0.95,-1.76,-0.0023940941,-0.04,1.13,3.72,-1.3080896658611635e-05,-0.48,-0.0101689998,0.0186020715,0.07,0.0100269542,0.00011909943454104595,S&P,-1.551654169059951e-05,0.017699115,-1.27,-0.0045770809,-6.041868948469065e-05,-0.0152253353,-4.83,-0.0017551196,0.79,-0.0013059256,-0.00011816388376570837,0.0035113369,0.3,-0.17,-2.5129327595815254e-05,0.47,0.0055681342,-0.0017338153,0.12,1.33,-0.0036430235,-0.0012877689,1.38,1.3,1.2,0.08,0.18,0.69,2.08,3.28,3.38,3.46
2017-07-06,2409.75,-0.0008018484,3.0,-0.0093688238,0.0014532789,0.002310834,0.0015332318,-1.2676719185,-1.0617506852,-1.1554900448,-0.9613048994,2426.81532893,2427.13763564,2411.76062582,2314.37515134,2.37,-2.214229351296427e-05,-0.36,0.11,1.0455423107282948e-05,-0.18,-0.0053474249,1.94,0.67,4.44,-0.0090656365,-0.0070921986,0.0104166667,-0.31,-0.8,-0.22,-0.0094385456,-1.28,-0.0001323374,1.02,-0.0073827734,-0.0099823282,0.93,0.54,0.0014892895,-0.67,1.12,3.75,-0.66,-1.57,-0.0022235744,-0.0064443163,0.62,-0.0032024231,1.8786950426746962e-06,S&P,-0.0039440302,-0.0086956522,0.08,-0.0136182549,4.367170795779724e-05,-0.0090290046,1.69,-0.0003356746,-3.6,0.0032300321,3.418392799081061e-06,0.0016557022,-0.5,-0.35,0.0001903327208918598,8.926670080678615e-05,-0.008380687,-0.0058159267,-0.53,-0.97,-0.0380256307,-0.0041126408,1.44,1.35,1.25,0.09,0.19,0.69,2.07,3.32,3.42,3.51
2017-07-12,2443.25,0.0208803412,2.0,0.0073056078,-0.0007826809,0.0009277662,0.0064031256,0.4402789195,0.9866212895,0.2552275075,0.1188313924,2429.52419616,2428.41832095,2414.54826917,2318.92509973,2.33,4.592165002792748e-05,1.35,0.49,-5.209113182181091e-05,0.47,0.0158599742,1.88,0.46,4.42,0.006907829,-0.0145985401,-0.0208333333,0.09,0.64,0.52,0.0014430427,0.63,-0.0020142023,1.03,0.0165738539,0.0109586358,0.92,0.9,-0.01247018,1.7,1.11,3.72,0.54,0.28,0.0064148043,0.0124531047,-0.48,-0.0034471614,2.160018828366208e-06,S&P,0.0023618641,-0.0087719298,0.49,0.0079755823,-0.0001155522936898052,0.0044665138,-2.03,-0.0036308506,-3.03,0.0026556057,-9.35310496687334e-06,-0.0017152906,-0.59,0.17,0.00014931177681659278,-0.03,0.007620209,0.0152416378,1.61,1.15,0.0075815393,0.0118830117,1.41,1.3,1.22,0.11,0.19,0.7,2.09,3.31,3.39,3.5
2017-07-13,2447.830078,-0.0327750487,3.0,0.0018745843,0.0073056078,-0.0007826809,0.0009277662,1.5802501504,0.2925458445,0.5017211484,0.4065004724,2432.85253831,2430.26705971,2415.85343814,2320.20773633,2.35,4.2706177866117296e-05,-0.09,1.11,-2.847872649540857e-06,0.9,0.0025411124,1.89,1.42,4.44,0.001582943,0.0148148148,0.0053191489,-0.12,0.23,0.68,0.0139289072,0.26,-0.0007955215,1.03,0.008713914,0.0021194152,0.93,-1.24,-0.0018039499,-0.05,1.12,3.75,0.12,-1.34,0.0116162445,-0.0058419737,-0.11,0.0063776455,7.426461790763843e-05,S&P,0.0077940913,0.0088495575,-0.82,0.0009408616,3.166822400765492e-05,0.0001235425,-0.8,0.0007323422,-4.64,0.0041430958,-5.09696374922625e-05,0.0064484308,0.1,0.2,-9.121885736482874e-05,1.26,-0.002798117,0.0011681706,0.24,0.2,0.0079007148,-0.0004718953,1.42,1.32,1.23,0.1,0.19,0.69,2.09,3.32,3.41,3.51
2017-07-18,2460.610107,0.0604904105,1.0,0.000597857,-5.29128558237e-05,0.0046735033,0.0018745843,1.4462850421,1.3009455239,0.8831250599,0.2914311264,2445.02523545,2437.90589202,2420.81123205,2324.32973395,2.27,0.0001800984686330916,-0.3,0.24,-4.499585262884616e-05,0.42,-0.0108791689,1.82,0.87,4.35,-0.0011008648,-5.5208713809077083e-05,-0.0215053763,0.8,-0.03,1.47,0.0034768923,-0.31,-0.0035600857,1.05,-0.0006815951,0.0047319999,0.93,1.07,-0.0051272358,-1.28,1.09,3.65,-0.28,1.18,0.002053577,0.0142667353,0.66,-0.0035014663,-0.00014219253824545696,S&P,0.0016450375,0.0090909091,0.26,-0.0027870851,-3.023846451618999e-05,-0.0032154711,2.25,-0.0052051234,-0.35,-0.0011085464,-7.866715913632972e-05,0.0034950194,-0.4,-0.82,-1.0599949590409402e-05,0.17,0.0174802354,-0.0124547957,-1.08,0.47,0.0026099553,-0.0018773251,1.34,1.22,1.18,0.12,0.16,0.7,2.08,3.26,3.3,3.42
2017-07-19,2473.830078,0.0329593907,2.0,0.0053726395,0.000597857,-5.29128558237e-05,0.0046735033,1.2516147754,1.6974042909,2.2505847628,1.5100367481,2450.26247955,2441.32724307,2422.89040248,2325.81729956,2.27,-0.0001484907701126251,0.42,0.42,-6.73545713421005e-05,0.1,0.0082732592,1.83,1.76,4.34,0.0053816336,0.0073529412,0.0054945055,-0.11,0.56,0.47,0.0062633395,1.09,0.0008746701,1.09,0.0076398087,0.0064199227,0.97,0.18,-0.0025174559,0.06,1.1,3.65,0.35,0.05,0.0055502748,0.0023622862,-0.35,0.0014274404,-0.00013285854157661287,S&P,0.0025547446,0.009009009,-0.77,0.0099186999,-0.0002034913758800669,0.003101737,-0.71,-0.0010536542,-0.22,-0.0004563352,-5.697602853603834e-05,0.0136182802,0.15,0.08,2.7969865817258833e-05,0.2,0.0055778667,0.0017425163,0.84,0.6,0.0018595017,0.0055072537,1.3,1.18,1.17,0.12,0.13,0.69,2.07,3.24,3.25,3.37
2017-07-20,2473.449951,0.0402057678,3.0,-0.0001536593,0.0053726395,0.000597857,-5.29128558237e-05,1.0466360893,2.6434257081,1.3422438242,1.5536084323,2454.47838345,2444.38654858,2424.87312987,2327.28628117,2.27,2.6131673686360787e-05,0.92,0.27,4.547271929324031e-05,0.6,-0.0032303266,1.82,-0.8,4.32,0.0002638222,-0.0001304291895221564,-0.0054644809,0.21,-0.01,0.06,-0.0045027677,-0.01,0.0011257091,1.13,0.004874086,0.0007768097,0.97,0.3,-0.0003015873,-0.08,1.1,3.63,-0.07,0.1,0.0025513787,0.0017820717,1.01,-0.00011664609094638316,0.00013151931542547992,S&P,-0.0010920641,0.00010837930906630585,0.18,0.0004022528,2.5312827781022824e-06,0.0001237229,-0.75,7.15339173515e-05,0.4,-0.0051600933,-5.349952151861781e-05,0.004298675,0.4,-0.45,2.7027427928788075e-05,0.28,0.0100584271,-0.000385463,-0.34,0.12,-0.0092798809,0.0076706726,1.3,1.14,1.17,0.16,0.13,0.69,2.05,3.22,3.19,3.35
2017-07-25,2477.129883,0.3646951738,1.0,0.0029231718,-0.0010637348,-0.0003678716,-0.0001536593,0.6713691029,2.1273640558,1.981048773,1.5604231916,2463.09077544,2451.8991374,2430.34485616,2331.5989738,2.33,-7.183687740402875e-05,1.14,0.01,5.737256963134576e-05,-0.28,0.0065097181,1.9,3.29,4.38,0.0051248427,0.0218978102,0.0382513661,-0.56,0.22,0.16,0.0042738445,0.94,-4.4443786018e-05,1.16,0.0080163589,0.0002121203,0.94,0.6,8.7962e-05,0.6,1.13,3.69,0.28,-0.32,0.0001944625,0.0008855518,0.09,0.0166521036,5.8866913833550906e-05,S&P,0.0145568638,0.0267857143,4.1,0.0085810407,4.3919319348410486e-05,0.0050080629,1.55,0.0069314225,-2.81,-0.0002601487,-1.3853807930358562e-05,-0.00212581,-0.1,0.62,2.115242438987686e-05,-0.5,-0.008495527,0.0045343272,0.65,1.5122933192976375e-05,0.0003932757,0.0077394864,1.39,1.17,1.2,0.22,0.19,0.69,2.05,3.25,3.22,3.44
2017-07-26,2477.830078,-0.1341363076,2.0,0.0002826638,0.0029231718,-0.0010637348,-0.0003678716,0.161692593,1.4153311368,1.8618414609,2.4159163846,2465.77064863,2454.36875079,2432.20702172,2333.05400966,2.29,7.705856971888366e-05,0.12,0.14,-8.566711678104059e-05,1.39,0.0056363869,1.83,1.53,4.36,-6.765752654e-05,-0.0285714286,-0.0368421053,1.09,-0.03,0.87,0.0047139058,-0.59,0.0006222407,1.11,-0.0018870332,0.0016499996,1.0,-0.5,-0.004357734,0.24,1.12,3.68,0.4,1.29,0.0033132944,0.0124342986,0.7,-0.009375032,-0.00024137390288054506,S&P,-0.0027243189,-0.0086956522,0.99,-0.0055915898,5.5556736848590696e-05,0.0012458702,-0.68,-0.0078122909,0.61,0.0066880981,-0.00034584273239591856,0.0012288737,0.6,-0.18,-5.763428629146829e-06,-0.22,-0.0070519257,0.00332679,0.56,0.24,0.0058961869,0.0023537957,1.29,1.18,1.17,0.11,0.12,0.68,2.07,3.24,3.25,3.36
2017-07-27,2475.419922,0.1232773501,3.0,-0.0009726882,0.0002826638,0.0029231718,-0.0010637348,0.0796446679,1.127114347,2.7251757236,1.4229575177,2467.52506197,2456.37362424,2433.90164526,2334.4705859,2.32,0.0001354491023156792,-0.12,0.78,-0.00017383508635892108,-0.39,-0.000620351,1.84,1.02,4.39,-0.0001403844,-8.406258438092873e-05,0.0054644809,-0.02,-0.05,-0.49,-0.0188974903,-0.74,-0.0020728457,1.09,-0.0120188922,-0.0063150611,0.99,0.69,0.0070510761,-0.86,1.11,3.71,0.45,-0.2,0.0070580251,-0.0064590128,-0.49,-0.0041335473,0.0002510483565432289,S&P,-0.003642342,-0.0087719298,0.17,-0.0060044054,-7.60010403606415e-05,0.005723516,1.54,-0.0002789396,0.58,-0.0029028384,0.00013008420588029392,0.0006484507,0.05,1.48,0.00019303525946498903,0.28,-0.0009163421,-0.0075635496,-0.08,-0.65,0.007815592,-0.0012479107,1.33,1.23,1.21,0.1,0.12,0.68,2.07,3.28,3.3,3.4
2017-08-01,2476.350098,-0.002406888,1.0,0.002449115,-0.0007281457,-0.0013411155,-0.0009726882,-0.0314793748,0.6396783853,2.0952150001,1.9489457765,2470.09926332,2460.70221196,2438.32049656,2338.56274193,2.26,0.00013674299314455984,0.66,1.05,4.407804678380316e-05,-0.64,0.0065294988,1.8,-1.65,4.32,0.0027030833,-1.5637327301426714e-06,-0.0217391304,0.01,0.17,-0.44,0.0088751902,0.25,-0.0017545164,1.06,-0.0016505503,0.0023345217,0.98,-0.13,0.0031582314,1.17,1.13,3.64,0.28,-0.78,0.0079139333,0.008514014,-0.35,0.0133986488,-0.0001058696953054254,S&P,0.0025955321,0.017699115,-0.31,0.0022383352,-0.0001468804658573184,0.0016241504,0.89,0.0006614594,-2.69,0.000951089,0.00019238665286428004,0.0059913519,0.2,-0.09,-0.00011756756959694381,0.95,-0.0015823237,0.0109784861,0.69,0.11,-0.0066380318,0.0070130487,1.28,1.2,1.13,0.08,0.15,0.68,2.06,3.19,3.26,3.34
2017-08-02,2477.570068,0.0051201147,2.0,0.0004926484,0.002449115,-0.0007281457,-0.0013411155,-0.0104934556,0.1511821702,1.404689164,1.8511526338,2471.45759144,2462.30867444,2439.85969544,2339.9458994,2.27,5.707659708768021e-05,-0.2,0.13,0.00013364016757952608,-0.51,-0.0038579423,1.82,1.12,4.32,-0.0017207817,0.0149253731,0.0111111111,-0.36,0.05,-0.01,0.0472508888,-1.13,0.0011915933,1.06,-0.004408928,-4.55825455982e-05,1.0,0.03,0.0020324393,-0.69,1.13,3.63,0.24,-0.75,0.0024382654,-0.0003011343,0.47,0.0008599592,-7.76060352157123e-05,S&P,-0.0085059723,5.077344320806601e-06,0.1,-0.0108027784,-4.877208750326618e-06,0.0053636025,-0.28,0.0029430328,-0.11,0.0015475528,3.957652999460648e-05,-0.0023024256,0.45,0.53,-2.2459959009484444e-05,0.19,-0.0026412423,-0.0056981403,-0.39,0.37,0.0031446147,-0.0016568952,1.27,1.21,1.14,0.06,0.13,0.69,2.05,3.19,3.26,3.32
2017-08-03,2472.159912,0.04784711,3.0,-0.0021836541,0.0004926484,0.002449115,-0.0007281457,-0.1316952316,-0.0521554519,0.9939347596,2.5898915655,2471.58528609,2463.24688754,2441.1263706,2341.26146172,2.24,-5.1039872101070244e-05,1.06,-0.19,0.00019831887221999345,0.08,0.0045504399,1.79,-0.67,4.29,-0.0019074948,-0.0147058824,-0.0164835165,0.48,-0.07,-0.23,-0.0099910399,-0.47,-0.0009075085,1.06,-0.0015222806,-0.0035064098,0.98,-0.62,-0.0002943048,-0.14,1.11,3.6,0.08,0.83,-0.0027663288,-0.0090070508,0.12,-0.0065514015,9.87287241329074e-05,S&P,-0.0041028908,-0.0173913043,-0.17,-0.0054285823,-0.00013089059324362053,-0.0013647643,-0.39,-0.0077376777,-0.76,-0.0063749254,-2.1816756812133798e-05,-0.0036918478,-0.3,-0.24,-4.4840755520946096e-05,-1.73,0.0090042521,-0.0021968382,0.49,-0.35,0.0094043887,0.0085543762,1.26,1.18,1.13,0.08,0.13,0.69,2.05,3.18,3.23,3.31
2017-08-08,2474.919922,0.1408222991,1.0,-0.0024144327,0.0016471998,0.0018891035,-0.0021836541,-0.0577533848,-0.0892145791,0.5815555646,2.0362515578,2474.21707731,2466.93955285,2445.24304817,2345.28933763,2.29,-2.143592894887363e-05,0.16,0.65,-8.386173423894853e-05,-0.45,0.0021121797,1.84,-0.44,4.36,-0.0031531974,-3.485154778379288e-05,0.0165745856,0.34,-0.19,-9.05027295804791e-05,0.0079970028,-0.33,-0.0017406829,1.04,0.0053867264,-0.0020849841,0.98,0.86,-0.0003313609,0.35,1.14,3.68,-0.15,1.32,0.0059425296,-0.0024489231,-0.38,-0.0036162201,-4.227748910119403e-05,S&P,0.0032355919,0.0175438596,1.17,-0.0028426709,-3.7329012862584514e-05,-0.0024950722,0.75,-0.0058510429,-1.46,-0.0039607879,6.370945742850151e-05,0.0007367122,-0.3,0.13,-0.00012825745757018904,-0.02,-0.0044407421,0.0028456718,0.29,-0.27,-0.0027311745,0.0014339401,1.31,1.25,1.15,0.06,0.16,0.68,2.07,3.22,3.32,3.38
2017-08-09,2474.02002,-0.010936902,2.0,-0.0003636085,-0.0024144327,0.0016471998,0.0018891035,-0.1432874915,-0.1537659113,0.0076780536,1.2593889287,2474.1812487,2467.61388305,2446.37155687,2346.57023994,2.24,9.965696398869147e-06,-0.58,-0.39,-0.00014964335489112598,0.12,-0.0140240434,1.81,1.07,4.33,-0.0017163028,-0.0220588235,-0.0163043478,1.1,0.01,-0.3,0.006121914,-0.86,-0.0056633581,1.04,-0.0043962082,-0.00284593,0.99,2.9,0.0019256874,-1.14,1.13,3.63,-0.05,2.64,-0.0035117798,-0.0079103863,0.08,-0.0016012062,5.5476165500225776e-05,S&P,0.0015177765,-0.0086206897,-0.41,-0.0093607579,-7.566519451040236e-05,0.0031265633,2.16,-0.0004813083,0.6,0.0021476694,6.734319305872394e-05,-0.0019196504,-1.25,-1.1,-0.00015592181319968318,-1.34,0.0072578209,-0.0112308205,-1.44,0.08,0.0058685448,-0.0059130147,1.25,1.2,1.11,0.05,0.14,0.7,2.09,3.2,3.29,3.34
2017-08-10,2438.209961,0.094620412,3.0,-0.0144744419,-0.0003636085,-0.0024144327,0.0016471998,-1.3732910576,-1.5031777303,-1.4247302633,-0.3930059152,2467.64101458,2464.81350953,2446.05149429,2347.48207796,2.2,-0.00016236855819901048,-1.0,-1.09,-6.285086296203779e-05,-0.87,-0.0059214905,1.78,-1.52,4.31,-0.0132328163,9.356202393002416e-05,-0.0165745856,0.84,-1.44,-0.18,-0.0356388369,-1.97,-0.0038969993,1.03,-0.0146267005,-0.0213244525,1.0,1.2,0.0034816309,-1.22,1.12,3.62,-0.83,1.21,-0.0112796351,-0.0255496652,0.11,-0.014326922,1.0404631878170463e-05,S&P,-0.0159121043,-0.0086956522,-0.82,-0.0174737198,-0.00013740014915750672,-0.0154593943,3.54,-0.008568919,-4.24,-0.0028684361,-7.202186940836726e-05,-0.0042203227,-0.1,-0.11,6.978745279254512e-06,-0.45,-0.0010508144,-0.0114941743,-0.6,-2.24,-0.0159471029,-0.0144303483,1.2,1.17,1.08,0.03,0.12,0.69,2.11,3.19,3.28,3.31
2017-08-16,2468.110107,0.0139198792,2.0,0.0014201029,-0.0004988081,0.0100437547,0.0012755698,-0.2388789481,-0.3818241559,-0.392277545,-0.2312192357,2464.43510078,2463.53283383,2448.16757604,2351.89670071,2.23,-9.89039106914032e-05,0.63,0.96,6.030068151125637e-05,1.06,0.0070735593,1.79,-1.04,4.32,0.0021429413,-0.0148148148,-0.0218579235,0.79,0.15,1.3,-0.0040223328,0.07,0.0007928909,1.0,0.005872726,0.0019106392,0.95,1.21,-0.0100682982,0.69,1.11,3.64,0.15,2.58,0.0086148928,-0.0046400849,0.3,-0.0069018331,-5.5357782037689105e-06,S&P,-0.0030274173,-0.025862069,2.39,0.0002096809,4.271179475595176e-05,-0.0073039466,-1.53,-0.0053980252,-2.5,0.0019079772,4.9064760778324374e-05,-0.0014797439,-0.05,-0.7,5.339304394230412e-05,0.54,0.0059228743,0.0071298372,0.71,0.19,-0.0015910502,0.0066496159,1.28,1.23,1.12,0.05,0.16,0.68,2.09,3.21,3.32,3.37
2017-08-17,2430.01001,0.0639784673,3.0,-0.0154369519,0.0014201029,-0.0004988081,0.0100437547,-0.3363102904,-1.7049828288,-1.8344326793,-1.7562490392,2458.17599336,2460.34018395,2447.45551463,2352.67394757,2.19,0.00013649472035675043,-0.41,-0.43,8.268558133328807e-05,-0.42,-0.0057488908,1.76,1.51,4.3,-0.0131554859,-0.007518797,-0.0167597765,0.43,-1.54,-0.48,-0.0191984844,-2.0,-0.0017938024,0.98,-0.0169721652,-0.0194164813,0.94,0.67,0.0047130579,-0.47,1.09,3.64,-1.26,-0.3,-0.0023659909,-0.0180028074,-0.39,-0.0156368125,5.881342748642221e-05,S&P,-0.016891251,-0.017699115,-0.54,-0.01777344,0.00027795893004036576,-0.0156189362,1.35,-0.0061000372,-1.25,-0.0020579324,4.598970343442409e-05,0.0067701636,-0.25,-0.31,0.00016991931067599644,0.54,-0.0084221884,-0.0049250717,-0.58,-2.08,-0.0139442231,-0.0060675498,1.25,1.21,1.1,0.04,0.15,0.66,2.11,3.21,3.32,3.36
2017-08-22,2452.51001,-0.0038233237,1.0,0.00994078,0.0011626509,-0.0018353673,-0.0154369519,-0.490953801,-0.9054802865,-0.9627107257,-0.9938870452,2448.74088106,2454.12737709,2446.14165059,2355.12381903,2.22,2.5535305550181894e-07,0.95,1.0,0.00015657196296904038,-0.66,0.00870157,1.8,0.41,4.32,0.0073400913,0.0075757576,0.0227272727,-0.65,1.02,-0.35,0.016347509,1.14,-0.0006300725,0.99,0.0139986413,0.0135761039,0.92,-0.19,0.000549433,1.41,1.11,3.66,0.89,-0.38,0.0090956784,0.0142769213,-0.46,0.0102615142,1.9156188026870835e-05,S&P,0.0077190467,0.018018018,0.17,0.01078931,0.00020706251530334385,0.004713289,-0.78,0.0072239224,-1.71,-0.0057573791,7.971552051058822e-05,0.0010100891,-0.1,0.67,-0.00010040437157764982,0.54,0.0093668043,0.0135380194,0.89,1.46,0.0044916292,0.0085805645,1.3,1.23,1.11,0.07,0.19,0.66,2.1,3.21,3.33,3.4
